order_id,order_date,order_time,pizza_id,pizza_name,pizza_category,pizza_size,quantity,unit_price,total_price
10001,2024-04-03,19:22:00,P05,Chicken Supreme,Chicken,Small,1,14.45,14.45
10002,2024-04-09,13:57:00,P14,Mexican Green,Specialty,Small,1,8.5,8.5
10003,2024-12-22,20:18:00,P11,Cheese Burst,Cheese,Large,2,20.62,41.24
10004,2024-12-22,14:07:00,P08,Veggie Supreme,Veggie,Medium,2,15.5,31.0
10005,2024-11-22,17:12:00,P02,Pepperoni,Classic,Large,1,15.0,15.0
10006,2024-04-10,21:26:00,P02,Pepperoni,Classic,Large,1,15.0,15.0
10007,2024-03-22,17:40:00,P01,Margherita,Classic,Medium,1,8.0,8.0
10008,2024-05-09,10:59:00,P13,Farmhouse,Specialty,Medium,1,17.5,17.5
10009,2024-08-14,10:44:00,P09,Spinach Feta,Veggie,Medium,1,9.5,9.5
10010,2024-02-07,21:39:00,P10,Four Cheese,Cheese,XL,1,18.75,18.75
10011,2024-03-04,18:05:00,P01,Margherita,Classic,Large,1,10.0,10.0
10012,2024-04-21,15:48:00,P15,Truffle Mushroom,Specialty,Large,2,23.75,47.5
10013,2024-10-03,12:22:00,P12,Paneer Tikka,Specialty,Medium,1,13.0,13.0
10014,2024-11-27,18:28:00,P03,Hawaiian,Classic,Large,1,20.0,20.0
10015,2024-10-09,15:20:00,P02,Pepperoni,Classic,Medium,1,12.0,12.0
10016,2024-11-22,20:40:00,P02,Pepperoni,Classic,Medium,2,12.0,24.0
10017,2024-05-12,14:57:00,P04,BBQ Chicken,Chicken,Large,1,16.88,16.88
10018,2024-05-11,14:06:00,P07,Veggie Garden,Veggie,Small,1,9.78,9.78
10019,2024-02-04,13:56:00,P06,Buffalo Chicken,Chicken,XL,1,15.75,15.75
10020,2024-08-07,11:55:00,P04,BBQ Chicken,Chicken,Small,2,11.47,22.94
10021,2024-07-03,14:06:00,P09,Spinach Feta,Veggie,Large,1,11.88,11.88
10022,2024-12-07,10:30:00,P02,Pepperoni,Classic,Medium,2,12.0,24.0
10023,2024-10-23,19:10:00,P04,BBQ Chicken,Chicken,Medium,3,13.5,40.5
10024,2024-07-11,17:18:00,P05,Chicken Supreme,Chicken,Medium,2,17.0,34.0
10025,2024-08-23,15:41:00,P06,Buffalo Chicken,Chicken,Medium,1,10.5,10.5
10026,2024-09-04,14:55:00,P12,Paneer Tikka,Specialty,Medium,1,13.0,13.0
10027,2024-03-11,16:54:00,P02,Pepperoni,Classic,Large,1,15.0,15.0
10028,2024-06-30,15:26:00,P07,Veggie Garden,Veggie,Small,4,9.78,39.12
10029,2024-04-14,15:47:00,P08,Veggie Supreme,Veggie,Small,1,13.17,13.17
10030,2024-02-08,16:01:00,P01,Margherita,Classic,Small,1,6.8,6.8
10031,2024-02-29,17:43:00,P09,Spinach Feta,Veggie,Medium,2,9.5,19.0
10032,2024-10-25,15:19:00,P02,Pepperoni,Classic,Large,1,15.0,15.0
10033,2024-06-03,22:22:00,P01,Margherita,Classic,Large,1,10.0,10.0
10034,2024-08-27,17:16:00,P14,Mexican Green,Specialty,Medium,1,10.0,10.0
10035,2024-05-01,22:12:00,P15,Truffle Mushroom,Specialty,Medium,1,19.0,19.0
10036,2024-12-05,19:24:00,P12,Paneer Tikka,Specialty,Large,2,16.25,32.5
10037,2024-08-01,13:47:00,P04,BBQ Chicken,Chicken,Medium,1,13.5,13.5
10038,2024-11-12,10:39:00,P02,Pepperoni,Classic,Medium,1,12.0,12.0
10039,2024-11-26,18:04:00,P10,Four Cheese,Cheese,Medium,1,12.5,12.5
10040,2024-03-25,19:15:00,P06,Buffalo Chicken,Chicken,Small,2,8.92,17.84
10041,2024-02-09,14:47:00,P02,Pepperoni,Classic,Small,2,10.2,20.4
10042,2024-04-05,13:37:00,P07,Veggie Garden,Veggie,Small,1,9.78,9.78
10043,2024-09-06,14:07:00,P01,Margherita,Classic,Medium,2,8.0,16.0
10044,2024-03-13,22:16:00,P13,Farmhouse,Specialty,Small,1,14.88,14.88
10045,2024-06-17,22:08:00,P03,Hawaiian,Classic,Medium,3,16.0,48.0
10046,2024-07-16,20:41:00,P10,Four Cheese,Cheese,Medium,1,12.5,12.5
10047,2024-04-10,16:42:00,P04,BBQ Chicken,Chicken,Small,2,11.47,22.94
10048,2024-10-06,18:56:00,P07,Veggie Garden,Veggie,Medium,1,11.5,11.5
10049,2024-04-15,20:34:00,P08,Veggie Supreme,Veggie,Large,1,19.38,19.38
10050,2024-06-05,17:16:00,P02,Pepperoni,Classic,Small,1,10.2,10.2
10051,2024-08-27,14:28:00,P15,Truffle Mushroom,Specialty,Large,3,23.75,71.25
10052,2024-04-18,11:49:00,P11,Cheese Burst,Cheese,Medium,1,16.5,16.5
10053,2024-01-24,14:13:00,P14,Mexican Green,Specialty,Large,3,12.5,37.5
10054,2024-09-08,20:34:00,P13,Farmhouse,Specialty,Medium,1,17.5,17.5
10055,2024-07-27,20:54:00,P08,Veggie Supreme,Veggie,Medium,1,15.5,15.5
10056,2024-01-27,21:02:00,P14,Mexican Green,Specialty,Large,1,12.5,12.5
10057,2024-01-02,13:17:00,P01,Margherita,Classic,Medium,2,8.0,16.0
10058,2024-05-27,14:13:00,P02,Pepperoni,Classic,Large,1,15.0,15.0
10059,2024-11-23,11:25:00,P01,Margherita,Classic,Medium,3,8.0,24.0
10060,2024-03-23,19:27:00,P04,BBQ Chicken,Chicken,XL,3,20.25,60.75
10061,2024-06-05,14:42:00,P05,Chicken Supreme,Chicken,Large,3,21.25,63.75
10062,2024-10-10,21:40:00,P03,Hawaiian,Classic,XL,1,24.0,24.0
10063,2024-04-21,19:58:00,P12,Paneer Tikka,Specialty,Medium,2,13.0,26.0
10064,2024-05-12,18:31:00,P05,Chicken Supreme,Chicken,Medium,2,17.0,34.0
10065,2024-12-11,14:14:00,P04,BBQ Chicken,Chicken,Large,1,16.88,16.88
10066,2024-09-16,14:52:00,P08,Veggie Supreme,Veggie,Large,1,19.38,19.38
10067,2024-12-05,20:20:00,P02,Pepperoni,Classic,XL,1,18.0,18.0
10068,2024-02-29,15:06:00,P12,Paneer Tikka,Specialty,Medium,1,13.0,13.0
10069,2024-06-30,10:49:00,P01,Margherita,Classic,Large,1,10.0,10.0
10070,2024-01-07,12:27:00,P15,Truffle Mushroom,Specialty,Medium,1,19.0,19.0
10071,2024-09-22,20:12:00,P11,Cheese Burst,Cheese,Medium,1,16.5,16.5
10072,2024-09-07,13:59:00,P02,Pepperoni,Classic,Small,1,10.2,10.2
10073,2024-10-25,14:05:00,P01,Margherita,Classic,Medium,2,8.0,16.0
10074,2024-04-08,10:34:00,P12,Paneer Tikka,Specialty,Large,1,16.25,16.25
10075,2024-06-30,13:06:00,P10,Four Cheese,Cheese,Small,1,10.62,10.62
10076,2024-04-02,20:17:00,P11,Cheese Burst,Cheese,Medium,1,16.5,16.5
10077,2024-05-11,17:10:00,P11,Cheese Burst,Cheese,Medium,1,16.5,16.5
10078,2024-05-13,19:50:00,P01,Margherita,Classic,Small,2,6.8,13.6
10079,2024-07-04,21:17:00,P05,Chicken Supreme,Chicken,Medium,1,17.0,17.0
10080,2024-11-18,10:32:00,P02,Pepperoni,Classic,Medium,2,12.0,24.0
10081,2024-02-03,12:08:00,P13,Farmhouse,Specialty,Medium,1,17.5,17.5
10082,2024-10-26,20:26:00,P09,Spinach Feta,Veggie,Large,2,11.88,23.76
10083,2024-04-20,18:54:00,P04,BBQ Chicken,Chicken,XL,1,20.25,20.25
10084,2024-03-11,14:47:00,P01,Margherita,Classic,Medium,1,8.0,8.0
10085,2024-11-22,13:52:00,P04,BBQ Chicken,Chicken,Medium,2,13.5,27.0
10086,2024-04-17,10:42:00,P04,BBQ Chicken,Chicken,Medium,1,13.5,13.5
10087,2024-08-15,12:01:00,P11,Cheese Burst,Cheese,Large,2,20.62,41.24
10088,2024-09-04,10:23:00,P09,Spinach Feta,Veggie,Medium,1,9.5,9.5
10089,2024-07-19,15:00:00,P13,Farmhouse,Specialty,Small,1,14.88,14.88
10090,2024-04-15,21:54:00,P07,Veggie Garden,Veggie,Medium,1,11.5,11.5
10091,2024-09-27,14:14:00,P02,Pepperoni,Classic,XL,1,18.0,18.0
10092,2024-04-30,16:52:00,P10,Four Cheese,Cheese,Medium,3,12.5,37.5
10093,2024-03-06,13:49:00,P11,Cheese Burst,Cheese,Medium,2,16.5,33.0
10094,2024-05-16,11:01:00,P08,Veggie Supreme,Veggie,XL,1,23.25,23.25
10095,2024-05-25,10:40:00,P11,Cheese Burst,Cheese,Large,1,20.62,20.62
10096,2024-03-12,11:33:00,P07,Veggie Garden,Veggie,Large,1,14.38,14.38
10097,2024-07-10,21:28:00,P07,Veggie Garden,Veggie,Medium,2,11.5,23.0
10098,2024-01-16,13:01:00,P06,Buffalo Chicken,Chicken,XL,1,15.75,15.75
10099,2024-08-19,22:03:00,P01,Margherita,Classic,Large,1,10.0,10.0
10100,2024-02-21,18:51:00,P02,Pepperoni,Classic,Large,3,15.0,45.0
10101,2024-01-31,19:26:00,P01,Margherita,Classic,Large,1,10.0,10.0
10102,2024-04-30,12:33:00,P09,Spinach Feta,Veggie,Large,1,11.88,11.88
10103,2024-04-04,20:07:00,P04,BBQ Chicken,Chicken,Medium,3,13.5,40.5
10104,2024-01-12,12:44:00,P07,Veggie Garden,Veggie,Medium,1,11.5,11.5
10105,2024-10-16,22:26:00,P13,Farmhouse,Specialty,Large,1,21.88,21.88
10106,2024-11-23,17:20:00,P03,Hawaiian,Classic,Medium,1,16.0,16.0
10107,2024-02-10,20:21:00,P05,Chicken Supreme,Chicken,Medium,1,17.0,17.0
10108,2024-10-03,21:02:00,P11,Cheese Burst,Cheese,Medium,1,16.5,16.5
10109,2024-03-11,18:51:00,P03,Hawaiian,Classic,Large,3,20.0,60.0
10110,2024-07-17,21:18:00,P01,Margherita,Classic,Small,1,6.8,6.8
10111,2024-10-09,11:12:00,P04,BBQ Chicken,Chicken,Large,2,16.88,33.76
10112,2024-12-28,10:37:00,P02,Pepperoni,Classic,Medium,3,12.0,36.0
10113,2024-03-25,11:12:00,P14,Mexican Green,Specialty,Medium,1,10.0,10.0
10114,2024-12-30,12:40:00,P12,Paneer Tikka,Specialty,Medium,1,13.0,13.0
10115,2024-02-20,16:00:00,P09,Spinach Feta,Veggie,Medium,1,9.5,9.5
10116,2024-05-02,17:54:00,P13,Farmhouse,Specialty,Medium,3,17.5,52.5
10117,2024-08-03,22:03:00,P12,Paneer Tikka,Specialty,Medium,2,13.0,26.0
10118,2024-11-14,11:13:00,P02,Pepperoni,Classic,Small,1,10.2,10.2
10119,2024-02-10,12:29:00,P13,Farmhouse,Specialty,XL,2,26.25,52.5
10120,2024-02-28,13:22:00,P08,Veggie Supreme,Veggie,Small,1,13.17,13.17
10121,2024-01-18,17:59:00,P12,Paneer Tikka,Specialty,Large,3,16.25,48.75
10122,2024-03-14,17:11:00,P13,Farmhouse,Specialty,Medium,1,17.5,17.5
10123,2024-06-17,17:31:00,P04,BBQ Chicken,Chicken,Medium,1,13.5,13.5
10124,2024-12-02,18:44:00,P02,Pepperoni,Classic,Medium,3,12.0,36.0
10125,2024-07-24,14:08:00,P03,Hawaiian,Classic,Large,1,20.0,20.0
10126,2024-12-11,12:23:00,P06,Buffalo Chicken,Chicken,Large,1,13.12,13.12
10127,2024-03-27,16:43:00,P12,Paneer Tikka,Specialty,Large,1,16.25,16.25
10128,2024-07-04,11:49:00,P13,Farmhouse,Specialty,Small,1,14.88,14.88
10129,2024-09-30,22:10:00,P01,Margherita,Classic,Large,1,10.0,10.0
10130,2024-01-02,13:38:00,P07,Veggie Garden,Veggie,Medium,3,11.5,34.5
10131,2024-04-07,14:45:00,P05,Chicken Supreme,Chicken,Small,1,14.45,14.45
10132,2024-06-15,18:39:00,P03,Hawaiian,Classic,Medium,1,16.0,16.0
10133,2024-10-23,16:50:00,P02,Pepperoni,Classic,Medium,2,12.0,24.0
10134,2024-12-02,19:22:00,P04,BBQ Chicken,Chicken,Medium,1,13.5,13.5
10135,2024-01-22,11:48:00,P14,Mexican Green,Specialty,Large,1,12.5,12.5
10136,2024-09-28,19:03:00,P04,BBQ Chicken,Chicken,Medium,2,13.5,27.0
10137,2024-10-04,20:20:00,P07,Veggie Garden,Veggie,Medium,2,11.5,23.0
10138,2024-08-19,18:15:00,P10,Four Cheese,Cheese,Small,2,10.62,21.24
10139,2024-02-24,18:34:00,P05,Chicken Supreme,Chicken,Large,2,21.25,42.5
10140,2024-02-03,18:12:00,P15,Truffle Mushroom,Specialty,Medium,1,19.0,19.0
10141,2024-09-08,21:10:00,P14,Mexican Green,Specialty,Medium,3,10.0,30.0
10142,2024-11-12,19:34:00,P03,Hawaiian,Classic,Large,1,20.0,20.0
10143,2024-03-09,18:38:00,P07,Veggie Garden,Veggie,Medium,2,11.5,23.0
10144,2024-05-18,21:42:00,P04,BBQ Chicken,Chicken,Medium,1,13.5,13.5
10145,2024-05-26,22:03:00,P04,BBQ Chicken,Chicken,Medium,3,13.5,40.5
10146,2024-07-24,21:58:00,P01,Margherita,Classic,Medium,2,8.0,16.0
10147,2024-09-14,17:21:00,P09,Spinach Feta,Veggie,Large,2,11.88,23.76
10148,2024-08-30,22:20:00,P07,Veggie Garden,Veggie,Medium,1,11.5,11.5
10149,2024-08-07,10:28:00,P01,Margherita,Classic,Small,1,6.8,6.8
10150,2024-04-10,15:57:00,P04,BBQ Chicken,Chicken,Small,1,11.47,11.47
10151,2024-08-05,20:10:00,P13,Farmhouse,Specialty,Medium,2,17.5,35.0
10152,2024-11-26,22:33:00,P03,Hawaiian,Classic,Large,1,20.0,20.0
10153,2024-12-04,19:36:00,P02,Pepperoni,Classic,Medium,3,12.0,36.0
10154,2024-11-29,22:18:00,P07,Veggie Garden,Veggie,Small,3,9.78,29.34
10155,2024-10-03,17:25:00,P15,Truffle Mushroom,Specialty,Large,1,23.75,23.75
10156,2024-08-20,17:11:00,P03,Hawaiian,Classic,Large,2,20.0,40.0
10157,2024-03-23,10:29:00,P10,Four Cheese,Cheese,Large,1,15.62,15.62
10158,2024-09-27,12:48:00,P11,Cheese Burst,Cheese,Medium,1,16.5,16.5
10159,2024-05-20,20:08:00,P03,Hawaiian,Classic,Large,1,20.0,20.0
10160,2024-05-03,22:15:00,P11,Cheese Burst,Cheese,Small,1,14.03,14.03
10161,2024-04-24,17:53:00,P05,Chicken Supreme,Chicken,Small,2,14.45,28.9
10162,2024-10-14,12:22:00,P09,Spinach Feta,Veggie,Small,1,8.07,8.07
10163,2024-05-28,11:47:00,P09,Spinach Feta,Veggie,Large,2,11.88,23.76
10164,2024-05-21,17:48:00,P07,Veggie Garden,Veggie,Small,2,9.78,19.56
10165,2024-10-14,20:44:00,P01,Margherita,Classic,Medium,2,8.0,16.0
10166,2024-01-11,21:03:00,P12,Paneer Tikka,Specialty,Medium,1,13.0,13.0
10167,2024-03-30,14:35:00,P04,BBQ Chicken,Chicken,Medium,2,13.5,27.0
10168,2024-07-24,16:09:00,P02,Pepperoni,Classic,Large,1,15.0,15.0
10169,2024-09-07,11:09:00,P01,Margherita,Classic,Small,1,6.8,6.8
10170,2024-12-20,14:39:00,P08,Veggie Supreme,Veggie,Medium,1,15.5,15.5
10171,2024-10-24,17:45:00,P10,Four Cheese,Cheese,Large,1,15.62,15.62
10172,2024-12-03,18:53:00,P01,Margherita,Classic,Small,3,6.8,20.4
10173,2024-02-10,13:34:00,P07,Veggie Garden,Veggie,Large,1,14.38,14.38
10174,2024-02-22,14:19:00,P03,Hawaiian,Classic,Large,2,20.0,40.0
10175,2024-10-11,16:55:00,P09,Spinach Feta,Veggie,Large,1,11.88,11.88
10176,2024-12-06,18:06:00,P02,Pepperoni,Classic,Large,1,15.0,15.0
10177,2024-07-23,22:22:00,P10,Four Cheese,Cheese,Medium,4,12.5,50.0
10178,2024-01-08,21:35:00,P05,Chicken Supreme,Chicken,Medium,2,17.0,34.0
10179,2024-01-16,19:28:00,P14,Mexican Green,Specialty,Small,1,8.5,8.5
10180,2024-04-02,15:36:00,P02,Pepperoni,Classic,Medium,1,12.0,12.0
10181,2024-06-09,22:40:00,P04,BBQ Chicken,Chicken,Small,1,11.47,11.47
10182,2024-01-18,15:46:00,P02,Pepperoni,Classic,Medium,1,12.0,12.0
10183,2024-12-16,17:50:00,P14,Mexican Green,Specialty,Large,2,12.5,25.0
10184,2024-09-26,16:03:00,P13,Farmhouse,Specialty,Medium,2,17.5,35.0
10185,2024-01-30,21:52:00,P03,Hawaiian,Classic,Medium,1,16.0,16.0
10186,2024-08-12,13:29:00,P10,Four Cheese,Cheese,Medium,3,12.5,37.5
10187,2024-11-15,16:47:00,P12,Paneer Tikka,Specialty,Medium,1,13.0,13.0
10188,2024-06-04,19:06:00,P08,Veggie Supreme,Veggie,XL,1,23.25,23.25
10189,2024-06-18,19:03:00,P07,Veggie Garden,Veggie,Medium,1,11.5,11.5
10190,2024-06-20,15:12:00,P03,Hawaiian,Classic,Medium,1,16.0,16.0
10191,2024-07-31,10:39:00,P02,Pepperoni,Classic,Medium,1,12.0,12.0
10192,2024-06-08,14:57:00,P13,Farmhouse,Specialty,Small,1,14.88,14.88
10193,2024-03-30,16:25:00,P13,Farmhouse,Specialty,Medium,1,17.5,17.5
10194,2024-01-03,17:52:00,P09,Spinach Feta,Veggie,Large,1,11.88,11.88
10195,2024-04-07,11:19:00,P04,BBQ Chicken,Chicken,Small,2,11.47,22.94
10196,2024-10-24,13:40:00,P04,BBQ Chicken,Chicken,Small,1,11.47,11.47
10197,2024-03-22,15:19:00,P10,Four Cheese,Cheese,Small,1,10.62,10.62
10198,2024-01-06,19:56:00,P13,Farmhouse,Specialty,Large,2,21.88,43.76
10199,2024-09-08,18:40:00,P13,Farmhouse,Specialty,Large,3,21.88,65.64
10200,2024-06-17,12:43:00,P11,Cheese Burst,Cheese,Medium,3,16.5,49.5
10201,2024-06-19,18:18:00,P09,Spinach Feta,Veggie,Medium,1,9.5,9.5
10202,2024-11-25,12:04:00,P01,Margherita,Classic,Large,1,10.0,10.0
10203,2024-03-26,18:32:00,P02,Pepperoni,Classic,Large,1,15.0,15.0
10204,2024-09-27,17:29:00,P13,Farmhouse,Specialty,Large,1,21.88,21.88
10205,2024-12-21,19:38:00,P09,Spinach Feta,Veggie,Large,3,11.88,35.64
10206,2024-07-16,15:38:00,P01,Margherita,Classic,Medium,1,8.0,8.0
10207,2024-11-03,15:02:00,P02,Pepperoni,Classic,Medium,1,12.0,12.0
10208,2024-06-05,22:30:00,P10,Four Cheese,Cheese,Large,1,15.62,15.62
10209,2024-11-17,12:44:00,P01,Margherita,Classic,Large,1,10.0,10.0
10210,2024-07-19,15:18:00,P02,Pepperoni,Classic,Small,2,10.2,20.4
10211,2024-08-29,14:09:00,P08,Veggie Supreme,Veggie,Small,1,13.17,13.17
10212,2024-08-25,14:16:00,P10,Four Cheese,Cheese,XL,1,18.75,18.75
10213,2024-03-07,16:40:00,P10,Four Cheese,Cheese,Medium,1,12.5,12.5
10214,2024-12-22,13:02:00,P03,Hawaiian,Classic,Large,1,20.0,20.0
10215,2024-09-06,22:40:00,P10,Four Cheese,Cheese,Medium,1,12.5,12.5
10216,2024-03-27,21:06:00,P03,Hawaiian,Classic,Small,1,13.6,13.6
10217,2024-08-09,22:07:00,P04,BBQ Chicken,Chicken,Small,1,11.47,11.47
10218,2024-07-20,10:58:00,P11,Cheese Burst,Cheese,Small,2,14.03,28.06
10219,2024-10-02,22:28:00,P10,Four Cheese,Cheese,Medium,3,12.5,37.5
10220,2024-06-29,14:00:00,P12,Paneer Tikka,Specialty,Medium,3,13.0,39.0
10221,2024-08-30,11:43:00,P10,Four Cheese,Cheese,Large,3,15.62,46.86
10222,2024-12-30,14:34:00,P08,Veggie Supreme,Veggie,XL,1,23.25,23.25
10223,2024-01-24,10:00:00,P02,Pepperoni,Classic,Medium,1,12.0,12.0
10224,2024-12-31,15:48:00,P05,Chicken Supreme,Chicken,Medium,1,17.0,17.0
10225,2024-10-20,10:40:00,P03,Hawaiian,Classic,Medium,3,16.0,48.0
10226,2024-01-31,13:08:00,P03,Hawaiian,Classic,Medium,4,16.0,64.0
10227,2024-12-26,22:53:00,P15,Truffle Mushroom,Specialty,Medium,2,19.0,38.0
10228,2024-12-30,16:30:00,P05,Chicken Supreme,Chicken,Small,1,14.45,14.45
10229,2024-09-12,22:48:00,P13,Farmhouse,Specialty,Small,3,14.88,44.64
10230,2024-07-04,19:05:00,P09,Spinach Feta,Veggie,Small,1,8.07,8.07
10231,2024-10-02,22:45:00,P12,Paneer Tikka,Specialty,Small,1,11.05,11.05
10232,2024-05-20,18:22:00,P07,Veggie Garden,Veggie,Large,1,14.38,14.38
10233,2024-03-19,13:10:00,P08,Veggie Supreme,Veggie,Medium,1,15.5,15.5
10234,2024-04-27,11:15:00,P07,Veggie Garden,Veggie,Large,1,14.38,14.38
10235,2024-10-13,20:38:00,P02,Pepperoni,Classic,Large,1,15.0,15.0
10236,2024-02-12,21:03:00,P10,Four Cheese,Cheese,XL,1,18.75,18.75
10237,2024-07-08,21:57:00,P04,BBQ Chicken,Chicken,Large,1,16.88,16.88
10238,2024-05-23,16:24:00,P01,Margherita,Classic,Medium,2,8.0,16.0
10239,2024-11-28,14:29:00,P10,Four Cheese,Cheese,Medium,2,12.5,25.0
10240,2024-03-05,14:53:00,P02,Pepperoni,Classic,Small,1,10.2,10.2
10241,2024-09-26,20:33:00,P14,Mexican Green,Specialty,Large,2,12.5,25.0
10242,2024-01-29,11:14:00,P14,Mexican Green,Specialty,Large,3,12.5,37.5
10243,2024-08-25,18:29:00,P13,Farmhouse,Specialty,Large,1,21.88,21.88
10244,2024-08-24,11:50:00,P05,Chicken Supreme,Chicken,Medium,1,17.0,17.0
10245,2024-10-22,20:53:00,P01,Margherita,Classic,Large,1,10.0,10.0
10246,2024-02-01,13:52:00,P14,Mexican Green,Specialty,Small,1,8.5,8.5
10247,2024-07-24,20:02:00,P06,Buffalo Chicken,Chicken,Small,2,8.92,17.84
10248,2024-10-31,12:12:00,P15,Truffle Mushroom,Specialty,Large,2,23.75,47.5
10249,2024-12-10,11:00:00,P14,Mexican Green,Specialty,Medium,1,10.0,10.0
10250,2024-06-15,22:54:00,P12,Paneer Tikka,Specialty,XL,2,19.5,39.0
10251,2024-12-15,10:28:00,P04,BBQ Chicken,Chicken,Small,2,11.47,22.94
10252,2024-12-27,13:08:00,P05,Chicken Supreme,Chicken,Large,3,21.25,63.75
10253,2024-07-10,14:42:00,P12,Paneer Tikka,Specialty,Medium,1,13.0,13.0
10254,2024-03-16,21:49:00,P04,BBQ Chicken,Chicken,Large,3,16.88,50.64
10255,2024-07-14,22:27:00,P02,Pepperoni,Classic,Large,1,15.0,15.0
10256,2024-12-25,12:55:00,P08,Veggie Supreme,Veggie,Large,1,19.38,19.38
10257,2024-11-28,11:18:00,P14,Mexican Green,Specialty,Medium,1,10.0,10.0
10258,2024-11-29,14:26:00,P10,Four Cheese,Cheese,Large,1,15.62,15.62
10259,2024-09-10,19:09:00,P08,Veggie Supreme,Veggie,Small,2,13.17,26.34
10260,2024-03-28,10:51:00,P02,Pepperoni,Classic,Small,1,10.2,10.2
10261,2024-07-26,10:00:00,P09,Spinach Feta,Veggie,Medium,1,9.5,9.5
10262,2024-01-21,15:46:00,P15,Truffle Mushroom,Specialty,Large,1,23.75,23.75
10263,2024-06-25,20:21:00,P02,Pepperoni,Classic,Medium,2,12.0,24.0
10264,2024-11-20,13:57:00,P07,Veggie Garden,Veggie,Large,1,14.38,14.38
10265,2024-05-28,17:08:00,P13,Farmhouse,Specialty,Large,2,21.88,43.76
10266,2024-03-31,21:17:00,P11,Cheese Burst,Cheese,Medium,1,16.5,16.5
10267,2024-09-02,12:14:00,P10,Four Cheese,Cheese,Large,1,15.62,15.62
10268,2024-02-13,22:32:00,P10,Four Cheese,Cheese,Small,1,10.62,10.62
10269,2024-02-05,17:50:00,P05,Chicken Supreme,Chicken,Large,1,21.25,21.25
10270,2024-01-30,19:20:00,P04,BBQ Chicken,Chicken,Medium,1,13.5,13.5
10271,2024-12-22,20:56:00,P12,Paneer Tikka,Specialty,Medium,1,13.0,13.0
10272,2024-10-13,17:55:00,P12,Paneer Tikka,Specialty,Medium,3,13.0,39.0
10273,2024-09-09,22:16:00,P13,Farmhouse,Specialty,Small,2,14.88,29.76
10274,2024-07-27,11:23:00,P13,Farmhouse,Specialty,Medium,1,17.5,17.5
10275,2024-05-01,10:03:00,P07,Veggie Garden,Veggie,Medium,1,11.5,11.5
10276,2024-05-02,15:44:00,P07,Veggie Garden,Veggie,Medium,3,11.5,34.5
10277,2024-05-22,20:41:00,P12,Paneer Tikka,Specialty,Medium,1,13.0,13.0
10278,2024-06-17,18:41:00,P10,Four Cheese,Cheese,Medium,1,12.5,12.5
10279,2024-11-04,16:56:00,P10,Four Cheese,Cheese,Large,2,15.62,31.24
10280,2024-11-07,20:22:00,P12,Paneer Tikka,Specialty,Medium,1,13.0,13.0
10281,2024-11-27,17:52:00,P13,Farmhouse,Specialty,Large,1,21.88,21.88
10282,2024-12-06,14:31:00,P04,BBQ Chicken,Chicken,Medium,1,13.5,13.5
10283,2024-12-02,15:36:00,P05,Chicken Supreme,Chicken,Large,1,21.25,21.25
10284,2024-09-20,11:10:00,P02,Pepperoni,Classic,Large,2,15.0,30.0
10285,2024-06-30,21:58:00,P08,Veggie Supreme,Veggie,Medium,1,15.5,15.5
10286,2024-05-17,19:46:00,P01,Margherita,Classic,Large,1,10.0,10.0
10287,2024-12-02,16:41:00,P07,Veggie Garden,Veggie,Small,1,9.78,9.78
10288,2024-10-19,21:15:00,P08,Veggie Supreme,Veggie,Large,1,19.38,19.38
10289,2024-07-22,19:20:00,P04,BBQ Chicken,Chicken,Large,3,16.88,50.64
10290,2024-11-10,17:27:00,P08,Veggie Supreme,Veggie,Medium,2,15.5,31.0
10291,2024-10-19,14:32:00,P01,Margherita,Classic,Large,2,10.0,20.0
10292,2024-12-04,21:14:00,P01,Margherita,Classic,Small,1,6.8,6.8
10293,2024-09-13,20:27:00,P12,Paneer Tikka,Specialty,Medium,1,13.0,13.0
10294,2024-02-19,12:31:00,P05,Chicken Supreme,Chicken,Small,1,14.45,14.45
10295,2024-06-04,18:23:00,P02,Pepperoni,Classic,Large,1,15.0,15.0
10296,2024-07-09,13:55:00,P07,Veggie Garden,Veggie,Large,4,14.38,57.52
10297,2024-08-24,18:02:00,P11,Cheese Burst,Cheese,Large,1,20.62,20.62
10298,2024-10-30,15:39:00,P03,Hawaiian,Classic,Small,1,13.6,13.6
10299,2024-02-27,16:56:00,P09,Spinach Feta,Veggie,Medium,1,9.5,9.5
10300,2024-08-28,18:59:00,P01,Margherita,Classic,Large,2,10.0,20.0
10301,2024-04-26,15:49:00,P01,Margherita,Classic,Small,1,6.8,6.8
10302,2024-08-27,11:19:00,P07,Veggie Garden,Veggie,Medium,1,11.5,11.5
10303,2024-08-15,14:38:00,P08,Veggie Supreme,Veggie,Small,1,13.17,13.17
10304,2024-09-09,20:59:00,P09,Spinach Feta,Veggie,Medium,3,9.5,28.5
10305,2024-04-20,10:31:00,P10,Four Cheese,Cheese,Medium,1,12.5,12.5
10306,2024-10-24,13:28:00,P15,Truffle Mushroom,Specialty,Large,3,23.75,71.25
10307,2024-10-30,17:02:00,P07,Veggie Garden,Veggie,Small,2,9.78,19.56
10308,2024-04-27,20:08:00,P04,BBQ Chicken,Chicken,Medium,1,13.5,13.5
10309,2024-10-05,16:16:00,P12,Paneer Tikka,Specialty,Medium,2,13.0,26.0
10310,2024-05-06,14:06:00,P03,Hawaiian,Classic,Medium,1,16.0,16.0
10311,2024-08-09,22:17:00,P06,Buffalo Chicken,Chicken,Medium,3,10.5,31.5
10312,2024-12-16,15:13:00,P01,Margherita,Classic,Medium,1,8.0,8.0
10313,2024-12-03,12:16:00,P01,Margherita,Classic,Large,1,10.0,10.0
10314,2024-10-01,16:52:00,P14,Mexican Green,Specialty,Medium,1,10.0,10.0
10315,2024-10-18,22:59:00,P12,Paneer Tikka,Specialty,Large,1,16.25,16.25
10316,2024-07-02,17:15:00,P10,Four Cheese,Cheese,Large,4,15.62,62.48
10317,2024-06-09,18:15:00,P05,Chicken Supreme,Chicken,Small,1,14.45,14.45
10318,2024-09-05,11:01:00,P02,Pepperoni,Classic,Small,2,10.2,20.4
10319,2024-04-13,21:42:00,P02,Pepperoni,Classic,Large,1,15.0,15.0
10320,2024-11-02,21:17:00,P03,Hawaiian,Classic,Small,3,13.6,40.8
10321,2024-09-17,17:05:00,P08,Veggie Supreme,Veggie,Small,1,13.17,13.17
10322,2024-11-27,12:11:00,P10,Four Cheese,Cheese,Small,1,10.62,10.62
10323,2024-01-12,18:55:00,P10,Four Cheese,Cheese,Medium,1,12.5,12.5
10324,2024-12-27,15:48:00,P04,BBQ Chicken,Chicken,Medium,2,13.5,27.0
10325,2024-06-26,13:49:00,P14,Mexican Green,Specialty,XL,1,15.0,15.0
10326,2024-09-15,17:40:00,P11,Cheese Burst,Cheese,Large,1,20.62,20.62
10327,2024-03-08,20:01:00,P08,Veggie Supreme,Veggie,Medium,1,15.5,15.5
10328,2024-09-22,20:38:00,P09,Spinach Feta,Veggie,Medium,2,9.5,19.0
10329,2024-03-30,18:36:00,P06,Buffalo Chicken,Chicken,Medium,1,10.5,10.5
10330,2024-06-02,13:25:00,P03,Hawaiian,Classic,Small,1,13.6,13.6
10331,2024-01-28,11:01:00,P05,Chicken Supreme,Chicken,Small,1,14.45,14.45
10332,2024-05-23,21:56:00,P11,Cheese Burst,Cheese,Small,2,14.03,28.06
10333,2024-10-03,16:24:00,P01,Margherita,Classic,Small,3,6.8,20.4
10334,2024-11-09,14:56:00,P02,Pepperoni,Classic,Medium,1,12.0,12.0
10335,2024-06-04,12:22:00,P01,Margherita,Classic,Medium,1,8.0,8.0
10336,2024-05-11,11:59:00,P01,Margherita,Classic,XL,1,12.0,12.0
10337,2024-07-13,16:07:00,P13,Farmhouse,Specialty,Medium,1,17.5,17.5
10338,2024-06-19,18:53:00,P10,Four Cheese,Cheese,XL,1,18.75,18.75
10339,2024-02-27,18:51:00,P07,Veggie Garden,Veggie,Medium,2,11.5,23.0
10340,2024-03-09,10:45:00,P02,Pepperoni,Classic,Medium,1,12.0,12.0
10341,2024-06-01,18:56:00,P07,Veggie Garden,Veggie,Medium,3,11.5,34.5
10342,2024-02-04,22:14:00,P07,Veggie Garden,Veggie,Medium,1,11.5,11.5
10343,2024-04-15,19:09:00,P02,Pepperoni,Classic,Small,2,10.2,20.4
10344,2024-12-09,12:28:00,P06,Buffalo Chicken,Chicken,Large,1,13.12,13.12
10345,2024-02-07,14:23:00,P05,Chicken Supreme,Chicken,XL,1,25.5,25.5
10346,2024-10-01,10:43:00,P09,Spinach Feta,Veggie,Small,1,8.07,8.07
10347,2024-06-02,18:34:00,P09,Spinach Feta,Veggie,Small,1,8.07,8.07
10348,2024-05-21,17:05:00,P01,Margherita,Classic,Medium,1,8.0,8.0
10349,2024-02-01,19:14:00,P05,Chicken Supreme,Chicken,Medium,2,17.0,34.0
10350,2024-09-11,10:30:00,P09,Spinach Feta,Veggie,Medium,3,9.5,28.5
10351,2024-02-25,14:37:00,P07,Veggie Garden,Veggie,Small,1,9.78,9.78
10352,2024-02-22,19:36:00,P13,Farmhouse,Specialty,Medium,1,17.5,17.5
10353,2024-11-29,13:36:00,P10,Four Cheese,Cheese,Medium,1,12.5,12.5
10354,2024-09-23,20:01:00,P02,Pepperoni,Classic,Medium,1,12.0,12.0
10355,2024-01-22,11:19:00,P01,Margherita,Classic,Small,1,6.8,6.8
10356,2024-08-23,10:03:00,P09,Spinach Feta,Veggie,Medium,2,9.5,19.0
10357,2024-01-14,16:14:00,P01,Margherita,Classic,XL,4,12.0,48.0
10358,2024-08-09,17:01:00,P08,Veggie Supreme,Veggie,Medium,3,15.5,46.5
10359,2024-01-01,16:03:00,P14,Mexican Green,Specialty,Large,1,12.5,12.5
10360,2024-03-31,19:55:00,P08,Veggie Supreme,Veggie,Large,3,19.38,58.14
10361,2024-08-01,20:09:00,P05,Chicken Supreme,Chicken,XL,2,25.5,51.0
10362,2024-08-29,10:48:00,P09,Spinach Feta,Veggie,Large,1,11.88,11.88
10363,2024-12-29,21:29:00,P06,Buffalo Chicken,Chicken,Large,1,13.12,13.12
10364,2024-12-15,18:16:00,P08,Veggie Supreme,Veggie,Large,2,19.38,38.76
10365,2024-04-08,21:49:00,P14,Mexican Green,Specialty,Small,1,8.5,8.5
10366,2024-06-23,21:19:00,P05,Chicken Supreme,Chicken,Medium,1,17.0,17.0
10367,2024-08-12,10:35:00,P14,Mexican Green,Specialty,XL,1,15.0,15.0
10368,2024-05-20,13:22:00,P13,Farmhouse,Specialty,Large,1,21.88,21.88
10369,2024-09-25,17:39:00,P02,Pepperoni,Classic,XL,1,18.0,18.0
10370,2024-08-25,21:29:00,P01,Margherita,Classic,Large,3,10.0,30.0
10371,2024-10-07,10:08:00,P02,Pepperoni,Classic,Large,2,15.0,30.0
10372,2024-06-02,17:32:00,P01,Margherita,Classic,Large,2,10.0,20.0
10373,2024-02-08,18:51:00,P02,Pepperoni,Classic,Large,1,15.0,15.0
10374,2024-04-18,22:40:00,P10,Four Cheese,Cheese,Medium,1,12.5,12.5
10375,2024-07-16,13:43:00,P01,Margherita,Classic,Large,1,10.0,10.0
10376,2024-09-28,21:20:00,P04,BBQ Chicken,Chicken,Large,1,16.88,16.88
10377,2024-09-27,16:41:00,P12,Paneer Tikka,Specialty,Large,1,16.25,16.25
10378,2024-07-07,13:23:00,P01,Margherita,Classic,Large,1,10.0,10.0
10379,2024-05-10,11:00:00,P12,Paneer Tikka,Specialty,Medium,1,13.0,13.0
10380,2024-08-09,22:53:00,P04,BBQ Chicken,Chicken,Small,1,11.47,11.47
10381,2024-12-03,17:10:00,P02,Pepperoni,Classic,Large,1,15.0,15.0
10382,2024-02-11,22:03:00,P10,Four Cheese,Cheese,Medium,1,12.5,12.5
10383,2024-10-07,13:35:00,P09,Spinach Feta,Veggie,Medium,4,9.5,38.0
10384,2024-07-10,22:43:00,P13,Farmhouse,Specialty,Small,1,14.88,14.88
10385,2024-10-22,21:44:00,P11,Cheese Burst,Cheese,Large,2,20.62,41.24
10386,2024-12-06,12:43:00,P12,Paneer Tikka,Specialty,Large,1,16.25,16.25
10387,2024-02-16,18:45:00,P04,BBQ Chicken,Chicken,Large,1,16.88,16.88
10388,2024-01-05,22:46:00,P02,Pepperoni,Classic,Medium,4,12.0,48.0
10389,2024-11-23,16:02:00,P11,Cheese Burst,Cheese,Medium,1,16.5,16.5
10390,2024-06-13,22:40:00,P12,Paneer Tikka,Specialty,Medium,1,13.0,13.0
10391,2024-12-08,17:20:00,P15,Truffle Mushroom,Specialty,Small,2,16.15,32.3
10392,2024-01-25,16:36:00,P05,Chicken Supreme,Chicken,Large,1,21.25,21.25
10393,2024-04-14,14:07:00,P05,Chicken Supreme,Chicken,Small,2,14.45,28.9
10394,2024-01-04,18:59:00,P11,Cheese Burst,Cheese,Medium,1,16.5,16.5
10395,2024-11-05,15:13:00,P04,BBQ Chicken,Chicken,Medium,1,13.5,13.5
10396,2024-01-19,22:34:00,P14,Mexican Green,Specialty,Medium,1,10.0,10.0
10397,2024-11-19,10:21:00,P13,Farmhouse,Specialty,Large,1,21.88,21.88
10398,2024-07-11,20:15:00,P06,Buffalo Chicken,Chicken,Small,3,8.92,26.76
10399,2024-07-14,22:38:00,P11,Cheese Burst,Cheese,Large,2,20.62,41.24
10400,2024-02-13,15:23:00,P11,Cheese Burst,Cheese,Small,1,14.03,14.03
10401,2024-08-31,18:57:00,P02,Pepperoni,Classic,Small,1,10.2,10.2
10402,2024-07-18,14:21:00,P13,Farmhouse,Specialty,Medium,2,17.5,35.0
10403,2024-09-27,15:00:00,P07,Veggie Garden,Veggie,Small,1,9.78,9.78
10404,2024-01-20,18:35:00,P12,Paneer Tikka,Specialty,Large,1,16.25,16.25
10405,2024-05-09,15:01:00,P04,BBQ Chicken,Chicken,Medium,1,13.5,13.5
10406,2024-05-10,16:19:00,P13,Farmhouse,Specialty,Small,1,14.88,14.88
10407,2024-08-28,18:53:00,P05,Chicken Supreme,Chicken,Small,2,14.45,28.9
10408,2024-10-23,12:04:00,P01,Margherita,Classic,Medium,4,8.0,32.0
10409,2024-04-11,11:00:00,P13,Farmhouse,Specialty,Large,1,21.88,21.88
10410,2024-01-25,10:45:00,P02,Pepperoni,Classic,Medium,1,12.0,12.0
10411,2024-05-22,14:16:00,P04,BBQ Chicken,Chicken,Medium,1,13.5,13.5
10412,2024-05-28,14:54:00,P14,Mexican Green,Specialty,Large,1,12.5,12.5
10413,2024-12-28,19:16:00,P14,Mexican Green,Specialty,Medium,1,10.0,10.0
10414,2024-07-03,10:36:00,P08,Veggie Supreme,Veggie,Medium,2,15.5,31.0
10415,2024-04-21,16:11:00,P09,Spinach Feta,Veggie,Medium,1,9.5,9.5
10416,2024-10-22,11:00:00,P06,Buffalo Chicken,Chicken,Medium,1,10.5,10.5
10417,2024-05-27,21:30:00,P04,BBQ Chicken,Chicken,Large,1,16.88,16.88
10418,2024-11-19,19:11:00,P04,BBQ Chicken,Chicken,Medium,1,13.5,13.5
10419,2024-05-29,10:00:00,P10,Four Cheese,Cheese,XL,1,18.75,18.75
10420,2024-04-26,21:53:00,P11,Cheese Burst,Cheese,Medium,2,16.5,33.0
10421,2024-05-28,22:12:00,P12,Paneer Tikka,Specialty,XL,1,19.5,19.5
10422,2024-04-14,11:59:00,P12,Paneer Tikka,Specialty,Medium,2,13.0,26.0
10423,2024-10-07,16:23:00,P02,Pepperoni,Classic,Large,1,15.0,15.0
10424,2024-04-10,19:03:00,P07,Veggie Garden,Veggie,Small,1,9.78,9.78
10425,2024-12-23,12:48:00,P01,Margherita,Classic,Medium,1,8.0,8.0
10426,2024-07-21,13:24:00,P08,Veggie Supreme,Veggie,Large,1,19.38,19.38
10427,2024-09-13,13:22:00,P06,Buffalo Chicken,Chicken,Large,1,13.12,13.12
10428,2024-08-14,19:21:00,P13,Farmhouse,Specialty,Small,1,14.88,14.88
10429,2024-12-16,10:58:00,P04,BBQ Chicken,Chicken,Medium,2,13.5,27.0
10430,2024-03-08,12:29:00,P02,Pepperoni,Classic,Small,2,10.2,20.4
10431,2024-10-30,12:51:00,P02,Pepperoni,Classic,XL,1,18.0,18.0
10432,2024-07-31,15:49:00,P11,Cheese Burst,Cheese,Large,1,20.62,20.62
10433,2024-05-13,14:32:00,P09,Spinach Feta,Veggie,Small,1,8.07,8.07
10434,2024-08-06,14:28:00,P02,Pepperoni,Classic,Large,1,15.0,15.0
10435,2024-07-06,21:33:00,P01,Margherita,Classic,Large,1,10.0,10.0
10436,2024-05-08,18:20:00,P10,Four Cheese,Cheese,Medium,3,12.5,37.5
10437,2024-06-10,19:35:00,P01,Margherita,Classic,Large,1,10.0,10.0
10438,2024-08-14,16:16:00,P12,Paneer Tikka,Specialty,Medium,1,13.0,13.0
10439,2024-02-16,19:11:00,P10,Four Cheese,Cheese,Large,1,15.62,15.62
10440,2024-05-27,16:26:00,P01,Margherita,Classic,Medium,1,8.0,8.0
10441,2024-07-07,14:19:00,P01,Margherita,Classic,Medium,2,8.0,16.0
10442,2024-11-03,20:27:00,P15,Truffle Mushroom,Specialty,Medium,1,19.0,19.0
10443,2024-03-02,11:23:00,P05,Chicken Supreme,Chicken,Small,1,14.45,14.45
10444,2024-03-20,21:15:00,P05,Chicken Supreme,Chicken,Large,2,21.25,42.5
10445,2024-05-09,18:28:00,P12,Paneer Tikka,Specialty,Medium,1,13.0,13.0
10446,2024-07-20,22:22:00,P14,Mexican Green,Specialty,Medium,2,10.0,20.0
10447,2024-04-05,12:14:00,P15,Truffle Mushroom,Specialty,Large,1,23.75,23.75
10448,2024-10-15,21:16:00,P11,Cheese Burst,Cheese,Medium,1,16.5,16.5
10449,2024-06-28,13:19:00,P05,Chicken Supreme,Chicken,Medium,2,17.0,34.0
10450,2024-03-13,15:02:00,P01,Margherita,Classic,XL,1,12.0,12.0
10451,2024-06-30,11:17:00,P11,Cheese Burst,Cheese,Large,1,20.62,20.62
10452,2024-05-05,12:06:00,P08,Veggie Supreme,Veggie,Small,1,13.17,13.17
10453,2024-04-23,13:19:00,P06,Buffalo Chicken,Chicken,Medium,1,10.5,10.5
10454,2024-12-04,18:15:00,P13,Farmhouse,Specialty,XL,1,26.25,26.25
10455,2024-04-11,14:28:00,P02,Pepperoni,Classic,Medium,3,12.0,36.0
10456,2024-11-11,15:44:00,P07,Veggie Garden,Veggie,Medium,4,11.5,46.0
10457,2024-09-07,17:36:00,P01,Margherita,Classic,Medium,1,8.0,8.0
10458,2024-12-30,13:38:00,P07,Veggie Garden,Veggie,Small,1,9.78,9.78
10459,2024-05-19,14:03:00,P01,Margherita,Classic,Large,1,10.0,10.0
10460,2024-04-03,14:15:00,P02,Pepperoni,Classic,Large,1,15.0,15.0
10461,2024-10-09,13:07:00,P02,Pepperoni,Classic,XL,1,18.0,18.0
10462,2024-10-30,17:16:00,P10,Four Cheese,Cheese,Large,1,15.62,15.62
10463,2024-06-22,21:02:00,P11,Cheese Burst,Cheese,Medium,3,16.5,49.5
10464,2024-02-21,11:44:00,P08,Veggie Supreme,Veggie,Small,1,13.17,13.17
10465,2024-10-03,20:23:00,P14,Mexican Green,Specialty,XL,1,15.0,15.0
10466,2024-02-13,11:40:00,P05,Chicken Supreme,Chicken,Medium,1,17.0,17.0
10467,2024-12-24,15:55:00,P04,BBQ Chicken,Chicken,Medium,2,13.5,27.0
10468,2024-01-14,11:13:00,P13,Farmhouse,Specialty,Large,2,21.88,43.76
10469,2024-04-10,13:23:00,P03,Hawaiian,Classic,Medium,1,16.0,16.0
10470,2024-09-13,21:50:00,P14,Mexican Green,Specialty,Medium,1,10.0,10.0
10471,2024-12-27,17:36:00,P01,Margherita,Classic,Large,2,10.0,20.0
10472,2024-07-22,14:02:00,P15,Truffle Mushroom,Specialty,XL,1,28.5,28.5
10473,2024-06-03,14:35:00,P01,Margherita,Classic,Small,3,6.8,20.4
10474,2024-09-29,10:45:00,P13,Farmhouse,Specialty,Large,1,21.88,21.88
10475,2024-05-22,16:03:00,P07,Veggie Garden,Veggie,Medium,1,11.5,11.5
10476,2024-05-24,15:10:00,P15,Truffle Mushroom,Specialty,Medium,1,19.0,19.0
10477,2024-09-24,20:43:00,P01,Margherita,Classic,Large,2,10.0,20.0
10478,2024-10-25,20:48:00,P08,Veggie Supreme,Veggie,XL,1,23.25,23.25
10479,2024-04-13,21:28:00,P15,Truffle Mushroom,Specialty,Medium,3,19.0,57.0
10480,2024-07-19,20:02:00,P07,Veggie Garden,Veggie,Medium,1,11.5,11.5
10481,2024-08-18,22:20:00,P09,Spinach Feta,Veggie,Small,1,8.07,8.07
10482,2024-02-04,14:47:00,P10,Four Cheese,Cheese,Medium,1,12.5,12.5
10483,2024-10-02,14:52:00,P06,Buffalo Chicken,Chicken,Small,1,8.92,8.92
10484,2024-12-27,21:17:00,P09,Spinach Feta,Veggie,Medium,1,9.5,9.5
10485,2024-08-02,16:40:00,P08,Veggie Supreme,Veggie,Small,1,13.17,13.17
10486,2024-12-14,18:35:00,P13,Farmhouse,Specialty,Medium,2,17.5,35.0
10487,2024-03-09,16:25:00,P01,Margherita,Classic,Small,1,6.8,6.8
10488,2024-09-11,16:10:00,P04,BBQ Chicken,Chicken,Large,3,16.88,50.64
10489,2024-12-27,20:55:00,P14,Mexican Green,Specialty,Medium,1,10.0,10.0
10490,2024-09-05,20:35:00,P13,Farmhouse,Specialty,Medium,2,17.5,35.0
10491,2024-08-28,14:54:00,P06,Buffalo Chicken,Chicken,Large,1,13.12,13.12
10492,2024-08-16,22:34:00,P09,Spinach Feta,Veggie,Large,1,11.88,11.88
10493,2024-01-27,16:31:00,P04,BBQ Chicken,Chicken,Medium,1,13.5,13.5
10494,2024-01-17,20:00:00,P02,Pepperoni,Classic,Small,1,10.2,10.2
10495,2024-08-07,11:48:00,P07,Veggie Garden,Veggie,Large,2,14.38,28.76
10496,2024-02-10,13:06:00,P04,BBQ Chicken,Chicken,Medium,1,13.5,13.5
10497,2024-02-06,16:44:00,P08,Veggie Supreme,Veggie,Large,1,19.38,19.38
10498,2024-03-04,16:31:00,P01,Margherita,Classic,Medium,2,8.0,16.0
10499,2024-07-27,20:18:00,P15,Truffle Mushroom,Specialty,Medium,1,19.0,19.0
10500,2024-04-15,11:13:00,P15,Truffle Mushroom,Specialty,Medium,2,19.0,38.0
10501,2024-09-03,12:38:00,P10,Four Cheese,Cheese,Large,1,15.62,15.62
10502,2024-03-29,21:10:00,P07,Veggie Garden,Veggie,Large,2,14.38,28.76
10503,2024-02-18,12:42:00,P04,BBQ Chicken,Chicken,Small,1,11.47,11.47
10504,2024-05-22,15:14:00,P12,Paneer Tikka,Specialty,Medium,1,13.0,13.0
10505,2024-07-19,14:18:00,P10,Four Cheese,Cheese,Small,1,10.62,10.62
10506,2024-01-29,21:04:00,P02,Pepperoni,Classic,Medium,3,12.0,36.0
10507,2024-09-11,15:12:00,P13,Farmhouse,Specialty,Large,1,21.88,21.88
10508,2024-12-31,22:15:00,P12,Paneer Tikka,Specialty,Medium,1,13.0,13.0
10509,2024-12-21,10:19:00,P14,Mexican Green,Specialty,Large,1,12.5,12.5
10510,2024-07-24,11:05:00,P10,Four Cheese,Cheese,Medium,3,12.5,37.5
10511,2024-10-04,17:08:00,P09,Spinach Feta,Veggie,Large,2,11.88,23.76
10512,2024-06-08,17:32:00,P06,Buffalo Chicken,Chicken,Large,4,13.12,52.48
10513,2024-07-23,12:05:00,P14,Mexican Green,Specialty,Small,1,8.5,8.5
10514,2024-10-31,17:29:00,P13,Farmhouse,Specialty,Medium,1,17.5,17.5
10515,2024-12-23,10:41:00,P01,Margherita,Classic,Medium,1,8.0,8.0
10516,2024-03-22,15:25:00,P01,Margherita,Classic,Small,2,6.8,13.6
10517,2024-09-26,17:36:00,P05,Chicken Supreme,Chicken,Medium,1,17.0,17.0
10518,2024-02-18,19:49:00,P12,Paneer Tikka,Specialty,Medium,1,13.0,13.0
10519,2024-06-12,13:22:00,P15,Truffle Mushroom,Specialty,XL,2,28.5,57.0
10520,2024-11-17,16:06:00,P02,Pepperoni,Classic,Medium,1,12.0,12.0
10521,2024-08-01,21:37:00,P08,Veggie Supreme,Veggie,Large,1,19.38,19.38
10522,2024-10-02,10:56:00,P05,Chicken Supreme,Chicken,Large,1,21.25,21.25
10523,2024-07-28,18:23:00,P15,Truffle Mushroom,Specialty,Large,1,23.75,23.75
10524,2024-04-06,20:54:00,P12,Paneer Tikka,Specialty,Medium,2,13.0,26.0
10525,2024-12-30,19:18:00,P12,Paneer Tikka,Specialty,Medium,1,13.0,13.0
10526,2024-04-15,22:09:00,P07,Veggie Garden,Veggie,Medium,1,11.5,11.5
10527,2024-11-13,18:52:00,P05,Chicken Supreme,Chicken,Medium,1,17.0,17.0
10528,2024-11-18,17:11:00,P04,BBQ Chicken,Chicken,Medium,1,13.5,13.5
10529,2024-10-17,16:45:00,P01,Margherita,Classic,Large,2,10.0,20.0
10530,2024-06-15,16:13:00,P13,Farmhouse,Specialty,Medium,1,17.5,17.5
10531,2024-07-11,20:36:00,P12,Paneer Tikka,Specialty,Medium,1,13.0,13.0
10532,2024-02-29,20:00:00,P15,Truffle Mushroom,Specialty,XL,1,28.5,28.5
10533,2024-11-06,22:28:00,P15,Truffle Mushroom,Specialty,Small,1,16.15,16.15
10534,2024-08-03,16:16:00,P08,Veggie Supreme,Veggie,Medium,1,15.5,15.5
10535,2024-06-11,19:31:00,P11,Cheese Burst,Cheese,Large,2,20.62,41.24
10536,2024-12-16,16:19:00,P14,Mexican Green,Specialty,Small,2,8.5,17.0
10537,2024-01-28,12:31:00,P12,Paneer Tikka,Specialty,Medium,2,13.0,26.0
10538,2024-03-26,21:57:00,P03,Hawaiian,Classic,Medium,1,16.0,16.0
10539,2024-04-26,21:14:00,P06,Buffalo Chicken,Chicken,Large,1,13.12,13.12
10540,2024-07-29,22:25:00,P02,Pepperoni,Classic,Medium,1,12.0,12.0
10541,2024-07-03,13:58:00,P14,Mexican Green,Specialty,Medium,1,10.0,10.0
10542,2024-03-06,14:50:00,P09,Spinach Feta,Veggie,Medium,1,9.5,9.5
10543,2024-11-11,12:35:00,P03,Hawaiian,Classic,Medium,1,16.0,16.0
10544,2024-04-10,16:35:00,P10,Four Cheese,Cheese,Medium,4,12.5,50.0
10545,2024-05-18,16:56:00,P09,Spinach Feta,Veggie,Medium,1,9.5,9.5
10546,2024-05-10,14:19:00,P05,Chicken Supreme,Chicken,Medium,1,17.0,17.0
10547,2024-04-20,18:20:00,P02,Pepperoni,Classic,Medium,2,12.0,24.0
10548,2024-09-06,11:15:00,P10,Four Cheese,Cheese,Medium,1,12.5,12.5
10549,2024-06-18,10:22:00,P07,Veggie Garden,Veggie,Medium,2,11.5,23.0
10550,2024-12-28,10:23:00,P11,Cheese Burst,Cheese,Large,2,20.62,41.24
10551,2024-06-23,18:06:00,P07,Veggie Garden,Veggie,Medium,3,11.5,34.5
10552,2024-10-20,16:34:00,P12,Paneer Tikka,Specialty,Small,1,11.05,11.05
10553,2024-07-24,18:02:00,P08,Veggie Supreme,Veggie,Large,2,19.38,38.76
10554,2024-12-23,13:40:00,P08,Veggie Supreme,Veggie,Large,1,19.38,19.38
10555,2024-08-12,18:43:00,P13,Farmhouse,Specialty,Medium,2,17.5,35.0
10556,2024-12-21,19:47:00,P05,Chicken Supreme,Chicken,Medium,1,17.0,17.0
10557,2024-09-17,20:48:00,P02,Pepperoni,Classic,Medium,1,12.0,12.0
10558,2024-03-10,19:14:00,P01,Margherita,Classic,Medium,1,8.0,8.0
10559,2024-09-13,22:47:00,P11,Cheese Burst,Cheese,Large,1,20.62,20.62
10560,2024-05-04,12:54:00,P09,Spinach Feta,Veggie,Small,2,8.07,16.14
10561,2024-11-15,11:52:00,P10,Four Cheese,Cheese,Large,2,15.62,31.24
10562,2024-02-26,21:11:00,P03,Hawaiian,Classic,Small,2,13.6,27.2
10563,2024-08-23,17:10:00,P02,Pepperoni,Classic,Medium,1,12.0,12.0
10564,2024-09-13,18:57:00,P01,Margherita,Classic,Large,2,10.0,20.0
10565,2024-10-10,13:40:00,P04,BBQ Chicken,Chicken,Medium,1,13.5,13.5
10566,2024-09-07,21:58:00,P08,Veggie Supreme,Veggie,Small,3,13.17,39.51
10567,2024-01-22,19:28:00,P05,Chicken Supreme,Chicken,XL,3,25.5,76.5
10568,2024-03-29,19:19:00,P06,Buffalo Chicken,Chicken,Large,1,13.12,13.12
10569,2024-07-15,22:05:00,P13,Farmhouse,Specialty,Large,2,21.88,43.76
10570,2024-03-19,16:39:00,P04,BBQ Chicken,Chicken,Medium,1,13.5,13.5
10571,2024-10-10,14:01:00,P07,Veggie Garden,Veggie,Medium,1,11.5,11.5
10572,2024-06-03,14:22:00,P12,Paneer Tikka,Specialty,Large,1,16.25,16.25
10573,2024-02-21,20:47:00,P05,Chicken Supreme,Chicken,Medium,1,17.0,17.0
10574,2024-05-26,18:11:00,P09,Spinach Feta,Veggie,Large,2,11.88,23.76
10575,2024-12-15,16:01:00,P13,Farmhouse,Specialty,Medium,1,17.5,17.5
10576,2024-09-29,20:49:00,P14,Mexican Green,Specialty,Medium,1,10.0,10.0
10577,2024-05-04,21:02:00,P02,Pepperoni,Classic,XL,1,18.0,18.0
10578,2024-01-21,12:41:00,P14,Mexican Green,Specialty,Medium,2,10.0,20.0
10579,2024-12-26,19:51:00,P07,Veggie Garden,Veggie,Small,3,9.78,29.34
10580,2024-02-24,13:50:00,P03,Hawaiian,Classic,Medium,2,16.0,32.0
10581,2024-11-25,10:43:00,P06,Buffalo Chicken,Chicken,Medium,2,10.5,21.0
10582,2024-03-01,20:32:00,P15,Truffle Mushroom,Specialty,Small,1,16.15,16.15
10583,2024-12-16,10:20:00,P07,Veggie Garden,Veggie,Medium,1,11.5,11.5
10584,2024-12-01,16:22:00,P04,BBQ Chicken,Chicken,Medium,1,13.5,13.5
10585,2024-02-17,10:21:00,P09,Spinach Feta,Veggie,Large,1,11.88,11.88
10586,2024-08-20,15:46:00,P03,Hawaiian,Classic,Medium,2,16.0,32.0
10587,2024-08-15,19:56:00,P01,Margherita,Classic,XL,1,12.0,12.0
10588,2024-03-20,22:50:00,P02,Pepperoni,Classic,Medium,2,12.0,24.0
10589,2024-11-09,13:03:00,P02,Pepperoni,Classic,Medium,1,12.0,12.0
10590,2024-03-24,15:28:00,P02,Pepperoni,Classic,Small,1,10.2,10.2
10591,2024-05-23,20:46:00,P02,Pepperoni,Classic,Large,1,15.0,15.0
10592,2024-02-12,16:29:00,P09,Spinach Feta,Veggie,XL,2,14.25,28.5
10593,2024-07-03,20:02:00,P02,Pepperoni,Classic,Large,2,15.0,30.0
10594,2024-01-24,10:36:00,P04,BBQ Chicken,Chicken,Medium,3,13.5,40.5
10595,2024-07-23,19:31:00,P13,Farmhouse,Specialty,Medium,1,17.5,17.5
10596,2024-04-10,21:07:00,P07,Veggie Garden,Veggie,Large,4,14.38,57.52
10597,2024-06-20,11:34:00,P10,Four Cheese,Cheese,Large,1,15.62,15.62
10598,2024-04-05,11:16:00,P02,Pepperoni,Classic,XL,1,18.0,18.0
10599,2024-09-14,19:53:00,P02,Pepperoni,Classic,Medium,4,12.0,48.0
10600,2024-10-26,10:37:00,P01,Margherita,Classic,XL,1,12.0,12.0
10601,2024-06-25,11:07:00,P02,Pepperoni,Classic,Small,2,10.2,20.4
10602,2024-04-19,15:08:00,P04,BBQ Chicken,Chicken,Medium,1,13.5,13.5
10603,2024-05-08,14:38:00,P02,Pepperoni,Classic,Small,1,10.2,10.2
10604,2024-05-16,20:08:00,P01,Margherita,Classic,Medium,3,8.0,24.0
10605,2024-06-12,22:19:00,P02,Pepperoni,Classic,Large,1,15.0,15.0
10606,2024-12-21,12:55:00,P06,Buffalo Chicken,Chicken,Large,2,13.12,26.24
10607,2024-05-30,19:53:00,P03,Hawaiian,Classic,Large,1,20.0,20.0
10608,2024-04-19,18:29:00,P05,Chicken Supreme,Chicken,Medium,2,17.0,34.0
10609,2024-10-01,15:02:00,P07,Veggie Garden,Veggie,Medium,1,11.5,11.5
10610,2024-02-19,12:33:00,P10,Four Cheese,Cheese,Large,1,15.62,15.62
10611,2024-03-06,19:26:00,P01,Margherita,Classic,Medium,1,8.0,8.0
10612,2024-12-27,12:39:00,P12,Paneer Tikka,Specialty,Large,1,16.25,16.25
10613,2024-09-12,11:26:00,P09,Spinach Feta,Veggie,Large,3,11.88,35.64
10614,2024-05-18,16:18:00,P01,Margherita,Classic,Large,1,10.0,10.0
10615,2024-12-10,16:30:00,P13,Farmhouse,Specialty,Medium,1,17.5,17.5
10616,2024-02-26,11:37:00,P14,Mexican Green,Specialty,Large,1,12.5,12.5
10617,2024-05-12,11:35:00,P01,Margherita,Classic,Medium,1,8.0,8.0
10618,2024-12-09,22:54:00,P04,BBQ Chicken,Chicken,Medium,2,13.5,27.0
10619,2024-09-09,14:56:00,P12,Paneer Tikka,Specialty,Large,4,16.25,65.0
10620,2024-08-12,13:04:00,P11,Cheese Burst,Cheese,Medium,1,16.5,16.5
10621,2024-10-06,12:29:00,P02,Pepperoni,Classic,Large,2,15.0,30.0
10622,2024-10-10,14:50:00,P03,Hawaiian,Classic,Medium,1,16.0,16.0
10623,2024-04-18,16:41:00,P05,Chicken Supreme,Chicken,Medium,1,17.0,17.0
10624,2024-10-17,16:29:00,P07,Veggie Garden,Veggie,Large,2,14.38,28.76
10625,2024-10-16,16:08:00,P09,Spinach Feta,Veggie,Medium,1,9.5,9.5
10626,2024-04-26,21:53:00,P05,Chicken Supreme,Chicken,Medium,2,17.0,34.0
10627,2024-01-29,19:26:00,P06,Buffalo Chicken,Chicken,Medium,3,10.5,31.5
10628,2024-01-13,19:36:00,P11,Cheese Burst,Cheese,Medium,1,16.5,16.5
10629,2024-08-11,14:02:00,P01,Margherita,Classic,Large,3,10.0,30.0
10630,2024-05-15,15:28:00,P03,Hawaiian,Classic,Small,2,13.6,27.2
10631,2024-05-24,19:32:00,P10,Four Cheese,Cheese,Large,1,15.62,15.62
10632,2024-05-20,20:41:00,P13,Farmhouse,Specialty,Large,1,21.88,21.88
10633,2024-09-24,11:09:00,P07,Veggie Garden,Veggie,Medium,1,11.5,11.5
10634,2024-05-07,14:22:00,P07,Veggie Garden,Veggie,Large,4,14.38,57.52
10635,2024-06-28,22:25:00,P02,Pepperoni,Classic,Medium,2,12.0,24.0
10636,2024-01-15,15:24:00,P06,Buffalo Chicken,Chicken,Medium,1,10.5,10.5
10637,2024-03-05,20:25:00,P07,Veggie Garden,Veggie,Medium,1,11.5,11.5
10638,2024-01-21,18:23:00,P03,Hawaiian,Classic,Medium,2,16.0,32.0
10639,2024-01-16,22:41:00,P03,Hawaiian,Classic,Large,1,20.0,20.0
10640,2024-06-08,11:40:00,P05,Chicken Supreme,Chicken,Medium,1,17.0,17.0
10641,2024-04-17,22:23:00,P01,Margherita,Classic,Medium,1,8.0,8.0
10642,2024-01-13,20:14:00,P04,BBQ Chicken,Chicken,Large,1,16.88,16.88
10643,2024-02-11,18:56:00,P03,Hawaiian,Classic,Large,1,20.0,20.0
10644,2024-04-30,12:54:00,P04,BBQ Chicken,Chicken,Medium,1,13.5,13.5
10645,2024-09-28,21:16:00,P02,Pepperoni,Classic,Large,1,15.0,15.0
10646,2024-06-06,18:34:00,P13,Farmhouse,Specialty,Medium,2,17.5,35.0
10647,2024-01-24,15:25:00,P08,Veggie Supreme,Veggie,Large,1,19.38,19.38
10648,2024-02-27,18:18:00,P10,Four Cheese,Cheese,Medium,1,12.5,12.5
10649,2024-01-28,16:44:00,P12,Paneer Tikka,Specialty,Large,1,16.25,16.25
10650,2024-05-07,14:15:00,P07,Veggie Garden,Veggie,Medium,1,11.5,11.5
10651,2024-01-05,22:51:00,P01,Margherita,Classic,Medium,1,8.0,8.0
10652,2024-08-30,16:05:00,P08,Veggie Supreme,Veggie,Medium,1,15.5,15.5
10653,2024-10-31,18:15:00,P08,Veggie Supreme,Veggie,Medium,1,15.5,15.5
10654,2024-07-01,11:42:00,P11,Cheese Burst,Cheese,Large,2,20.62,41.24
10655,2024-06-02,14:12:00,P06,Buffalo Chicken,Chicken,Medium,2,10.5,21.0
10656,2024-04-25,10:31:00,P02,Pepperoni,Classic,Large,2,15.0,30.0
10657,2024-10-14,21:28:00,P04,BBQ Chicken,Chicken,Large,2,16.88,33.76
10658,2024-01-25,15:26:00,P05,Chicken Supreme,Chicken,Large,2,21.25,42.5
10659,2024-11-12,21:37:00,P10,Four Cheese,Cheese,Medium,1,12.5,12.5
10660,2024-10-02,22:49:00,P08,Veggie Supreme,Veggie,XL,2,23.25,46.5
10661,2024-12-09,17:50:00,P05,Chicken Supreme,Chicken,Large,1,21.25,21.25
10662,2024-10-21,14:46:00,P15,Truffle Mushroom,Specialty,Large,2,23.75,47.5
10663,2024-01-21,17:35:00,P09,Spinach Feta,Veggie,Medium,2,9.5,19.0
10664,2024-12-18,10:56:00,P03,Hawaiian,Classic,Medium,1,16.0,16.0
10665,2024-01-01,22:17:00,P02,Pepperoni,Classic,Small,1,10.2,10.2
10666,2024-09-30,10:57:00,P02,Pepperoni,Classic,Medium,1,12.0,12.0
10667,2024-05-05,18:45:00,P03,Hawaiian,Classic,Small,2,13.6,27.2
10668,2024-02-21,13:30:00,P02,Pepperoni,Classic,Medium,2,12.0,24.0
10669,2024-10-28,20:12:00,P02,Pepperoni,Classic,Medium,3,12.0,36.0
10670,2024-04-05,10:02:00,P04,BBQ Chicken,Chicken,Medium,1,13.5,13.5
10671,2024-03-01,10:52:00,P02,Pepperoni,Classic,Medium,2,12.0,24.0
10672,2024-05-12,18:44:00,P13,Farmhouse,Specialty,Large,1,21.88,21.88
10673,2024-11-07,14:36:00,P01,Margherita,Classic,Small,3,6.8,20.4
10674,2024-12-08,21:33:00,P07,Veggie Garden,Veggie,Large,1,14.38,14.38
10675,2024-03-01,16:15:00,P05,Chicken Supreme,Chicken,Small,1,14.45,14.45
10676,2024-07-08,14:43:00,P15,Truffle Mushroom,Specialty,Small,1,16.15,16.15
10677,2024-08-26,21:05:00,P02,Pepperoni,Classic,Medium,2,12.0,24.0
10678,2024-09-25,20:29:00,P05,Chicken Supreme,Chicken,Large,3,21.25,63.75
10679,2024-06-02,10:08:00,P15,Truffle Mushroom,Specialty,Medium,1,19.0,19.0
10680,2024-02-26,10:51:00,P13,Farmhouse,Specialty,Large,1,21.88,21.88
10681,2024-03-03,17:17:00,P12,Paneer Tikka,Specialty,Medium,3,13.0,39.0
10682,2024-05-20,22:42:00,P03,Hawaiian,Classic,Small,1,13.6,13.6
10683,2024-12-30,17:57:00,P02,Pepperoni,Classic,Large,1,15.0,15.0
10684,2024-10-27,21:45:00,P10,Four Cheese,Cheese,Small,1,10.62,10.62
10685,2024-03-17,18:40:00,P14,Mexican Green,Specialty,Large,1,12.5,12.5
10686,2024-10-28,10:08:00,P08,Veggie Supreme,Veggie,Small,2,13.17,26.34
10687,2024-07-14,21:11:00,P08,Veggie Supreme,Veggie,Medium,2,15.5,31.0
10688,2024-03-28,22:45:00,P04,BBQ Chicken,Chicken,Large,1,16.88,16.88
10689,2024-03-13,12:37:00,P11,Cheese Burst,Cheese,XL,1,24.75,24.75
10690,2024-12-20,10:57:00,P02,Pepperoni,Classic,Medium,2,12.0,24.0
10691,2024-10-17,13:01:00,P04,BBQ Chicken,Chicken,Large,1,16.88,16.88
10692,2024-01-26,19:12:00,P06,Buffalo Chicken,Chicken,Medium,3,10.5,31.5
10693,2024-10-12,13:31:00,P07,Veggie Garden,Veggie,Large,1,14.38,14.38
10694,2024-02-05,12:21:00,P03,Hawaiian,Classic,Large,1,20.0,20.0
10695,2024-11-16,18:10:00,P02,Pepperoni,Classic,Medium,3,12.0,36.0
10696,2024-10-08,12:18:00,P09,Spinach Feta,Veggie,Medium,2,9.5,19.0
10697,2024-05-19,12:54:00,P04,BBQ Chicken,Chicken,Small,1,11.47,11.47
10698,2024-11-07,11:48:00,P08,Veggie Supreme,Veggie,Medium,2,15.5,31.0
10699,2024-09-17,17:13:00,P02,Pepperoni,Classic,Medium,1,12.0,12.0
10700,2024-04-24,15:02:00,P07,Veggie Garden,Veggie,Medium,1,11.5,11.5
10701,2024-09-11,15:11:00,P07,Veggie Garden,Veggie,XL,4,17.25,69.0
10702,2024-11-03,20:38:00,P01,Margherita,Classic,Small,2,6.8,13.6
10703,2024-11-16,10:46:00,P04,BBQ Chicken,Chicken,Medium,2,13.5,27.0
10704,2024-11-04,18:04:00,P02,Pepperoni,Classic,Medium,1,12.0,12.0
10705,2024-11-23,22:20:00,P01,Margherita,Classic,Large,1,10.0,10.0
10706,2024-08-12,16:42:00,P15,Truffle Mushroom,Specialty,Medium,1,19.0,19.0
10707,2024-03-03,13:57:00,P04,BBQ Chicken,Chicken,Medium,1,13.5,13.5
10708,2024-09-01,22:21:00,P12,Paneer Tikka,Specialty,Medium,2,13.0,26.0
10709,2024-11-28,16:10:00,P03,Hawaiian,Classic,Medium,1,16.0,16.0
10710,2024-07-28,10:43:00,P10,Four Cheese,Cheese,Small,2,10.62,21.24
10711,2024-11-18,19:59:00,P11,Cheese Burst,Cheese,Medium,1,16.5,16.5
10712,2024-02-05,15:36:00,P08,Veggie Supreme,Veggie,Small,1,13.17,13.17
10713,2024-04-02,20:51:00,P07,Veggie Garden,Veggie,Medium,1,11.5,11.5
10714,2024-07-01,22:10:00,P05,Chicken Supreme,Chicken,Medium,1,17.0,17.0
10715,2024-07-05,15:50:00,P04,BBQ Chicken,Chicken,Medium,1,13.5,13.5
10716,2024-07-25,14:12:00,P14,Mexican Green,Specialty,Small,3,8.5,25.5
10717,2024-06-09,22:37:00,P12,Paneer Tikka,Specialty,Large,1,16.25,16.25
10718,2024-08-23,10:58:00,P15,Truffle Mushroom,Specialty,Large,3,23.75,71.25
10719,2024-04-23,17:25:00,P02,Pepperoni,Classic,Medium,1,12.0,12.0
10720,2024-06-16,22:13:00,P11,Cheese Burst,Cheese,Medium,4,16.5,66.0
10721,2024-12-07,11:26:00,P14,Mexican Green,Specialty,Medium,1,10.0,10.0
10722,2024-08-01,21:56:00,P02,Pepperoni,Classic,Small,3,10.2,30.6
10723,2024-04-16,19:02:00,P01,Margherita,Classic,Medium,1,8.0,8.0
10724,2024-01-22,19:47:00,P11,Cheese Burst,Cheese,Medium,2,16.5,33.0
10725,2024-03-25,18:12:00,P08,Veggie Supreme,Veggie,Large,3,19.38,58.14
10726,2024-11-25,10:56:00,P12,Paneer Tikka,Specialty,Large,1,16.25,16.25
10727,2024-12-06,10:41:00,P02,Pepperoni,Classic,Medium,1,12.0,12.0
10728,2024-06-22,15:17:00,P12,Paneer Tikka,Specialty,Medium,1,13.0,13.0
10729,2024-01-21,12:49:00,P03,Hawaiian,Classic,Large,3,20.0,60.0
10730,2024-11-25,10:08:00,P02,Pepperoni,Classic,Large,1,15.0,15.0
10731,2024-09-25,20:16:00,P02,Pepperoni,Classic,XL,1,18.0,18.0
10732,2024-12-08,18:53:00,P12,Paneer Tikka,Specialty,Small,1,11.05,11.05
10733,2024-09-28,17:30:00,P10,Four Cheese,Cheese,Small,1,10.62,10.62
10734,2024-03-15,16:40:00,P07,Veggie Garden,Veggie,Large,2,14.38,28.76
10735,2024-12-24,22:21:00,P05,Chicken Supreme,Chicken,Medium,1,17.0,17.0
10736,2024-04-14,19:47:00,P13,Farmhouse,Specialty,Small,2,14.88,29.76
10737,2024-09-01,22:17:00,P05,Chicken Supreme,Chicken,Small,3,14.45,43.35
10738,2024-11-29,21:10:00,P12,Paneer Tikka,Specialty,Large,1,16.25,16.25
10739,2024-05-31,22:35:00,P06,Buffalo Chicken,Chicken,Large,2,13.12,26.24
10740,2024-05-05,12:12:00,P05,Chicken Supreme,Chicken,Medium,1,17.0,17.0
10741,2024-04-06,14:18:00,P06,Buffalo Chicken,Chicken,Large,1,13.12,13.12
10742,2024-02-16,13:31:00,P04,BBQ Chicken,Chicken,Medium,1,13.5,13.5
10743,2024-02-26,20:22:00,P11,Cheese Burst,Cheese,Large,2,20.62,41.24
10744,2024-02-28,14:55:00,P07,Veggie Garden,Veggie,Medium,1,11.5,11.5
10745,2024-03-26,19:17:00,P03,Hawaiian,Classic,Small,1,13.6,13.6
10746,2024-11-22,10:02:00,P13,Farmhouse,Specialty,Medium,1,17.5,17.5
10747,2024-10-10,10:48:00,P05,Chicken Supreme,Chicken,Medium,1,17.0,17.0
10748,2024-10-29,14:21:00,P08,Veggie Supreme,Veggie,Medium,2,15.5,31.0
10749,2024-02-17,21:18:00,P13,Farmhouse,Specialty,Small,1,14.88,14.88
10750,2024-07-13,12:32:00,P09,Spinach Feta,Veggie,XL,2,14.25,28.5
10751,2024-07-31,10:25:00,P02,Pepperoni,Classic,Medium,1,12.0,12.0
10752,2024-05-17,12:12:00,P14,Mexican Green,Specialty,Medium,2,10.0,20.0
10753,2024-03-10,20:05:00,P09,Spinach Feta,Veggie,Medium,1,9.5,9.5
10754,2024-07-26,18:07:00,P04,BBQ Chicken,Chicken,Medium,1,13.5,13.5
10755,2024-02-28,12:04:00,P02,Pepperoni,Classic,Medium,1,12.0,12.0
10756,2024-12-06,14:18:00,P12,Paneer Tikka,Specialty,Large,2,16.25,32.5
10757,2024-06-13,14:19:00,P09,Spinach Feta,Veggie,Medium,1,9.5,9.5
10758,2024-11-04,11:41:00,P07,Veggie Garden,Veggie,Medium,3,11.5,34.5
10759,2024-09-18,16:43:00,P13,Farmhouse,Specialty,Large,3,21.88,65.64
10760,2024-01-18,20:53:00,P12,Paneer Tikka,Specialty,Small,1,11.05,11.05
10761,2024-06-05,12:24:00,P02,Pepperoni,Classic,Medium,1,12.0,12.0
10762,2024-11-14,13:50:00,P04,BBQ Chicken,Chicken,Large,1,16.88,16.88
10763,2024-06-08,20:50:00,P03,Hawaiian,Classic,Small,1,13.6,13.6
10764,2024-10-10,18:07:00,P11,Cheese Burst,Cheese,Medium,2,16.5,33.0
10765,2024-12-06,22:08:00,P01,Margherita,Classic,Large,2,10.0,20.0
10766,2024-03-22,15:54:00,P08,Veggie Supreme,Veggie,Medium,2,15.5,31.0
10767,2024-01-22,12:41:00,P11,Cheese Burst,Cheese,Medium,1,16.5,16.5
10768,2024-07-08,19:09:00,P13,Farmhouse,Specialty,XL,1,26.25,26.25
10769,2024-09-21,21:55:00,P04,BBQ Chicken,Chicken,Medium,1,13.5,13.5
10770,2024-06-16,17:40:00,P12,Paneer Tikka,Specialty,Small,2,11.05,22.1
10771,2024-04-22,17:49:00,P02,Pepperoni,Classic,Large,1,15.0,15.0
10772,2024-05-27,10:27:00,P12,Paneer Tikka,Specialty,Large,2,16.25,32.5
10773,2024-02-02,21:52:00,P02,Pepperoni,Classic,Medium,1,12.0,12.0
10774,2024-11-14,18:00:00,P05,Chicken Supreme,Chicken,Medium,1,17.0,17.0
10775,2024-12-26,13:34:00,P12,Paneer Tikka,Specialty,Large,1,16.25,16.25
10776,2024-01-06,16:08:00,P02,Pepperoni,Classic,Large,1,15.0,15.0
10777,2024-12-22,22:15:00,P03,Hawaiian,Classic,Medium,1,16.0,16.0
10778,2024-06-11,12:19:00,P10,Four Cheese,Cheese,Small,2,10.62,21.24
10779,2024-02-27,16:59:00,P10,Four Cheese,Cheese,Medium,3,12.5,37.5
10780,2024-06-30,12:46:00,P09,Spinach Feta,Veggie,Large,1,11.88,11.88
10781,2024-02-15,16:03:00,P10,Four Cheese,Cheese,Large,1,15.62,15.62
10782,2024-09-22,20:10:00,P08,Veggie Supreme,Veggie,XL,1,23.25,23.25
10783,2024-02-09,16:54:00,P03,Hawaiian,Classic,Large,3,20.0,60.0
10784,2024-03-13,17:11:00,P04,BBQ Chicken,Chicken,Medium,1,13.5,13.5
10785,2024-04-05,16:14:00,P02,Pepperoni,Classic,Medium,3,12.0,36.0
10786,2024-04-24,21:51:00,P13,Farmhouse,Specialty,Large,1,21.88,21.88
10787,2024-05-12,17:17:00,P08,Veggie Supreme,Veggie,Large,1,19.38,19.38
10788,2024-09-01,14:14:00,P05,Chicken Supreme,Chicken,Medium,3,17.0,51.0
10789,2024-09-15,19:14:00,P06,Buffalo Chicken,Chicken,Small,1,8.92,8.92
10790,2024-08-24,14:19:00,P14,Mexican Green,Specialty,Large,1,12.5,12.5
10791,2024-07-05,14:25:00,P02,Pepperoni,Classic,Medium,1,12.0,12.0
10792,2024-08-20,16:48:00,P08,Veggie Supreme,Veggie,Medium,1,15.5,15.5
10793,2024-02-20,18:03:00,P07,Veggie Garden,Veggie,Medium,1,11.5,11.5
10794,2024-04-25,19:21:00,P09,Spinach Feta,Veggie,Large,2,11.88,23.76
10795,2024-12-04,18:28:00,P01,Margherita,Classic,Medium,2,8.0,16.0
10796,2024-12-31,16:52:00,P13,Farmhouse,Specialty,Large,1,21.88,21.88
10797,2024-02-07,17:07:00,P14,Mexican Green,Specialty,Medium,3,10.0,30.0
10798,2024-08-13,20:56:00,P08,Veggie Supreme,Veggie,Medium,1,15.5,15.5
10799,2024-10-10,21:45:00,P10,Four Cheese,Cheese,Medium,1,12.5,12.5
10800,2024-09-02,16:02:00,P14,Mexican Green,Specialty,Large,1,12.5,12.5
10801,2024-02-07,14:45:00,P10,Four Cheese,Cheese,XL,1,18.75,18.75
10802,2024-12-29,11:11:00,P02,Pepperoni,Classic,Large,1,15.0,15.0
10803,2024-12-16,16:04:00,P08,Veggie Supreme,Veggie,Large,4,19.38,77.52
10804,2024-06-05,20:35:00,P09,Spinach Feta,Veggie,Small,1,8.07,8.07
10805,2024-05-21,19:43:00,P06,Buffalo Chicken,Chicken,Small,1,8.92,8.92
10806,2024-05-25,16:22:00,P11,Cheese Burst,Cheese,Medium,1,16.5,16.5
10807,2024-12-18,20:44:00,P14,Mexican Green,Specialty,Medium,2,10.0,20.0
10808,2024-01-16,14:50:00,P14,Mexican Green,Specialty,Large,2,12.5,25.0
10809,2024-06-01,18:54:00,P06,Buffalo Chicken,Chicken,Large,1,13.12,13.12
10810,2024-06-04,18:11:00,P02,Pepperoni,Classic,XL,1,18.0,18.0
10811,2024-03-30,17:25:00,P15,Truffle Mushroom,Specialty,Medium,1,19.0,19.0
10812,2024-11-25,19:16:00,P12,Paneer Tikka,Specialty,Medium,1,13.0,13.0
10813,2024-02-20,17:42:00,P02,Pepperoni,Classic,Medium,1,12.0,12.0
10814,2024-05-15,19:23:00,P14,Mexican Green,Specialty,Medium,1,10.0,10.0
10815,2024-06-03,21:10:00,P13,Farmhouse,Specialty,Medium,1,17.5,17.5
10816,2024-06-15,11:50:00,P07,Veggie Garden,Veggie,Medium,1,11.5,11.5
10817,2024-11-24,11:44:00,P08,Veggie Supreme,Veggie,Medium,1,15.5,15.5
10818,2024-03-27,10:18:00,P05,Chicken Supreme,Chicken,Medium,3,17.0,51.0
10819,2024-05-20,10:21:00,P01,Margherita,Classic,Small,3,6.8,20.4
10820,2024-12-18,14:19:00,P04,BBQ Chicken,Chicken,Medium,1,13.5,13.5
10821,2024-09-12,20:25:00,P12,Paneer Tikka,Specialty,Medium,1,13.0,13.0
10822,2024-01-30,20:25:00,P01,Margherita,Classic,Small,1,6.8,6.8
10823,2024-03-22,22:22:00,P04,BBQ Chicken,Chicken,Medium,1,13.5,13.5
10824,2024-08-23,17:03:00,P05,Chicken Supreme,Chicken,Medium,2,17.0,34.0
10825,2024-12-26,12:53:00,P08,Veggie Supreme,Veggie,Medium,1,15.5,15.5
10826,2024-01-30,16:38:00,P14,Mexican Green,Specialty,Small,2,8.5,17.0
10827,2024-12-07,18:30:00,P04,BBQ Chicken,Chicken,Medium,3,13.5,40.5
10828,2024-08-31,22:27:00,P04,BBQ Chicken,Chicken,Large,1,16.88,16.88
10829,2024-08-23,14:18:00,P11,Cheese Burst,Cheese,Medium,1,16.5,16.5
10830,2024-08-02,11:07:00,P06,Buffalo Chicken,Chicken,Large,1,13.12,13.12
10831,2024-01-25,15:56:00,P03,Hawaiian,Classic,Medium,1,16.0,16.0
10832,2024-08-17,12:25:00,P06,Buffalo Chicken,Chicken,Medium,1,10.5,10.5
10833,2024-01-03,11:04:00,P02,Pepperoni,Classic,Large,1,15.0,15.0
10834,2024-09-10,13:11:00,P02,Pepperoni,Classic,Medium,3,12.0,36.0
10835,2024-10-20,14:37:00,P07,Veggie Garden,Veggie,Large,1,14.38,14.38
10836,2024-10-18,22:34:00,P06,Buffalo Chicken,Chicken,Medium,1,10.5,10.5
10837,2024-02-06,15:20:00,P13,Farmhouse,Specialty,Medium,1,17.5,17.5
10838,2024-04-01,15:19:00,P05,Chicken Supreme,Chicken,Large,2,21.25,42.5
10839,2024-07-23,17:10:00,P08,Veggie Supreme,Veggie,Small,1,13.17,13.17
10840,2024-03-28,21:18:00,P09,Spinach Feta,Veggie,Medium,2,9.5,19.0
10841,2024-12-08,14:36:00,P01,Margherita,Classic,Medium,1,8.0,8.0
10842,2024-11-11,22:02:00,P10,Four Cheese,Cheese,Medium,1,12.5,12.5
10843,2024-08-13,22:02:00,P02,Pepperoni,Classic,Medium,1,12.0,12.0
10844,2024-11-30,16:02:00,P14,Mexican Green,Specialty,Medium,1,10.0,10.0
10845,2024-05-07,20:15:00,P02,Pepperoni,Classic,Large,2,15.0,30.0
10846,2024-10-27,11:19:00,P05,Chicken Supreme,Chicken,Large,1,21.25,21.25
10847,2024-10-26,14:38:00,P01,Margherita,Classic,Medium,2,8.0,16.0
10848,2024-07-24,17:41:00,P15,Truffle Mushroom,Specialty,XL,1,28.5,28.5
10849,2024-02-04,20:53:00,P07,Veggie Garden,Veggie,Medium,1,11.5,11.5
10850,2024-12-05,14:57:00,P08,Veggie Supreme,Veggie,Medium,1,15.5,15.5
10851,2024-11-01,22:46:00,P01,Margherita,Classic,Large,1,10.0,10.0
10852,2024-06-11,17:55:00,P11,Cheese Burst,Cheese,Large,2,20.62,41.24
10853,2024-03-05,19:23:00,P03,Hawaiian,Classic,Large,2,20.0,40.0
10854,2024-03-31,11:57:00,P13,Farmhouse,Specialty,Medium,1,17.5,17.5
10855,2024-01-26,22:07:00,P03,Hawaiian,Classic,Medium,1,16.0,16.0
10856,2024-02-13,19:04:00,P02,Pepperoni,Classic,Large,1,15.0,15.0
10857,2024-06-09,17:59:00,P01,Margherita,Classic,Medium,1,8.0,8.0
10858,2024-09-17,10:46:00,P07,Veggie Garden,Veggie,Large,1,14.38,14.38
10859,2024-06-12,22:16:00,P08,Veggie Supreme,Veggie,Medium,1,15.5,15.5
10860,2024-01-13,18:57:00,P01,Margherita,Classic,Large,1,10.0,10.0
10861,2024-12-09,13:24:00,P11,Cheese Burst,Cheese,Medium,1,16.5,16.5
10862,2024-02-03,21:18:00,P06,Buffalo Chicken,Chicken,Medium,1,10.5,10.5
10863,2024-12-27,14:42:00,P07,Veggie Garden,Veggie,Small,1,9.78,9.78
10864,2024-05-08,21:02:00,P06,Buffalo Chicken,Chicken,Large,2,13.12,26.24
10865,2024-08-05,17:46:00,P05,Chicken Supreme,Chicken,Large,1,21.25,21.25
10866,2024-10-30,21:03:00,P08,Veggie Supreme,Veggie,Small,4,13.17,52.68
10867,2024-05-26,17:56:00,P02,Pepperoni,Classic,Large,1,15.0,15.0
10868,2024-02-09,15:15:00,P02,Pepperoni,Classic,Medium,1,12.0,12.0
10869,2024-12-17,12:07:00,P13,Farmhouse,Specialty,Small,1,14.88,14.88
10870,2024-03-01,14:36:00,P14,Mexican Green,Specialty,Medium,1,10.0,10.0
10871,2024-08-04,10:38:00,P05,Chicken Supreme,Chicken,Medium,2,17.0,34.0
10872,2024-08-03,20:41:00,P03,Hawaiian,Classic,Medium,1,16.0,16.0
10873,2024-04-08,17:00:00,P09,Spinach Feta,Veggie,Medium,3,9.5,28.5
10874,2024-09-20,16:19:00,P05,Chicken Supreme,Chicken,Large,3,21.25,63.75
10875,2024-08-11,20:06:00,P01,Margherita,Classic,Large,1,10.0,10.0
10876,2024-07-04,20:47:00,P02,Pepperoni,Classic,Medium,1,12.0,12.0
10877,2024-08-18,22:41:00,P10,Four Cheese,Cheese,Small,2,10.62,21.24
10878,2024-09-09,21:48:00,P10,Four Cheese,Cheese,Large,1,15.62,15.62
10879,2024-09-19,20:12:00,P01,Margherita,Classic,Large,2,10.0,20.0
10880,2024-12-22,18:22:00,P03,Hawaiian,Classic,Small,1,13.6,13.6
10881,2024-02-20,10:04:00,P03,Hawaiian,Classic,Large,1,20.0,20.0
10882,2024-08-09,22:41:00,P10,Four Cheese,Cheese,Medium,1,12.5,12.5
10883,2024-11-13,10:09:00,P01,Margherita,Classic,Medium,1,8.0,8.0
10884,2024-04-23,20:53:00,P02,Pepperoni,Classic,Medium,3,12.0,36.0
10885,2024-07-18,13:02:00,P12,Paneer Tikka,Specialty,Medium,1,13.0,13.0
10886,2024-12-04,12:01:00,P02,Pepperoni,Classic,Large,2,15.0,30.0
10887,2024-10-31,14:09:00,P10,Four Cheese,Cheese,Medium,1,12.5,12.5
10888,2024-04-26,14:19:00,P03,Hawaiian,Classic,Small,1,13.6,13.6
10889,2024-09-15,21:34:00,P02,Pepperoni,Classic,Large,1,15.0,15.0
10890,2024-08-13,14:35:00,P03,Hawaiian,Classic,Large,1,20.0,20.0
10891,2024-03-04,15:17:00,P10,Four Cheese,Cheese,Large,1,15.62,15.62
10892,2024-02-03,17:37:00,P13,Farmhouse,Specialty,Medium,1,17.5,17.5
10893,2024-11-18,14:02:00,P12,Paneer Tikka,Specialty,Small,2,11.05,22.1
10894,2024-12-12,11:02:00,P05,Chicken Supreme,Chicken,Large,1,21.25,21.25
10895,2024-07-27,16:53:00,P10,Four Cheese,Cheese,Small,1,10.62,10.62
10896,2024-09-01,15:39:00,P03,Hawaiian,Classic,Small,2,13.6,27.2
10897,2024-07-29,21:04:00,P04,BBQ Chicken,Chicken,Medium,2,13.5,27.0
10898,2024-07-15,20:48:00,P13,Farmhouse,Specialty,Small,1,14.88,14.88
10899,2024-03-04,13:56:00,P01,Margherita,Classic,Small,1,6.8,6.8
10900,2024-04-13,12:20:00,P01,Margherita,Classic,Medium,3,8.0,24.0
10901,2024-01-05,16:23:00,P03,Hawaiian,Classic,Small,1,13.6,13.6
10902,2024-09-05,16:49:00,P01,Margherita,Classic,Small,1,6.8,6.8
10903,2024-10-06,17:42:00,P02,Pepperoni,Classic,Small,1,10.2,10.2
10904,2024-08-25,11:12:00,P08,Veggie Supreme,Veggie,Medium,2,15.5,31.0
10905,2024-11-09,10:42:00,P06,Buffalo Chicken,Chicken,Large,1,13.12,13.12
10906,2024-06-15,19:01:00,P13,Farmhouse,Specialty,Large,4,21.88,87.52
10907,2024-03-03,14:15:00,P12,Paneer Tikka,Specialty,Medium,1,13.0,13.0
10908,2024-09-10,16:25:00,P04,BBQ Chicken,Chicken,Medium,2,13.5,27.0
10909,2024-12-01,20:46:00,P03,Hawaiian,Classic,Small,1,13.6,13.6
10910,2024-08-20,10:31:00,P05,Chicken Supreme,Chicken,Small,1,14.45,14.45
10911,2024-09-23,14:05:00,P08,Veggie Supreme,Veggie,Medium,3,15.5,46.5
10912,2024-08-19,20:47:00,P03,Hawaiian,Classic,Medium,1,16.0,16.0
10913,2024-12-15,11:11:00,P09,Spinach Feta,Veggie,Large,1,11.88,11.88
10914,2024-09-03,21:03:00,P05,Chicken Supreme,Chicken,Medium,1,17.0,17.0
10915,2024-11-08,15:15:00,P08,Veggie Supreme,Veggie,Medium,1,15.5,15.5
10916,2024-12-08,20:53:00,P06,Buffalo Chicken,Chicken,Small,1,8.92,8.92
10917,2024-08-01,16:55:00,P04,BBQ Chicken,Chicken,Large,2,16.88,33.76
10918,2024-08-28,19:27:00,P14,Mexican Green,Specialty,Medium,1,10.0,10.0
10919,2024-10-18,15:16:00,P11,Cheese Burst,Cheese,Large,1,20.62,20.62
10920,2024-12-21,15:22:00,P02,Pepperoni,Classic,Medium,1,12.0,12.0
10921,2024-01-22,20:35:00,P13,Farmhouse,Specialty,Large,2,21.88,43.76
10922,2024-08-23,22:54:00,P07,Veggie Garden,Veggie,Large,2,14.38,28.76
10923,2024-06-08,11:37:00,P13,Farmhouse,Specialty,Large,1,21.88,21.88
10924,2024-04-10,11:56:00,P12,Paneer Tikka,Specialty,Medium,1,13.0,13.0
10925,2024-06-21,16:31:00,P06,Buffalo Chicken,Chicken,Medium,3,10.5,31.5
10926,2024-12-31,12:54:00,P01,Margherita,Classic,Medium,1,8.0,8.0
10927,2024-02-12,20:21:00,P03,Hawaiian,Classic,Large,2,20.0,40.0
10928,2024-12-08,13:12:00,P08,Veggie Supreme,Veggie,Medium,2,15.5,31.0
10929,2024-05-04,19:28:00,P09,Spinach Feta,Veggie,Small,2,8.07,16.14
10930,2024-02-09,17:54:00,P03,Hawaiian,Classic,Medium,1,16.0,16.0
10931,2024-06-21,16:09:00,P02,Pepperoni,Classic,Small,2,10.2,20.4
10932,2024-06-21,17:16:00,P12,Paneer Tikka,Specialty,Medium,2,13.0,26.0
10933,2024-12-23,11:16:00,P15,Truffle Mushroom,Specialty,Medium,1,19.0,19.0
10934,2024-12-29,19:54:00,P07,Veggie Garden,Veggie,Medium,1,11.5,11.5
10935,2024-11-14,14:24:00,P02,Pepperoni,Classic,Small,1,10.2,10.2
10936,2024-11-24,21:27:00,P03,Hawaiian,Classic,Large,1,20.0,20.0
10937,2024-10-04,22:34:00,P01,Margherita,Classic,Large,1,10.0,10.0
10938,2024-11-06,13:04:00,P13,Farmhouse,Specialty,Large,1,21.88,21.88
10939,2024-06-15,21:31:00,P02,Pepperoni,Classic,Medium,1,12.0,12.0
10940,2024-08-18,19:39:00,P08,Veggie Supreme,Veggie,Large,1,19.38,19.38
10941,2024-05-24,14:14:00,P04,BBQ Chicken,Chicken,Medium,1,13.5,13.5
10942,2024-06-08,16:10:00,P08,Veggie Supreme,Veggie,Medium,2,15.5,31.0
10943,2024-07-06,22:17:00,P10,Four Cheese,Cheese,Small,3,10.62,31.86
10944,2024-08-28,17:08:00,P12,Paneer Tikka,Specialty,Medium,1,13.0,13.0
10945,2024-04-15,14:42:00,P03,Hawaiian,Classic,Small,1,13.6,13.6
10946,2024-10-04,11:58:00,P01,Margherita,Classic,XL,1,12.0,12.0
10947,2024-03-25,21:51:00,P02,Pepperoni,Classic,Small,2,10.2,20.4
10948,2024-08-03,17:13:00,P13,Farmhouse,Specialty,Medium,2,17.5,35.0
10949,2024-02-06,20:23:00,P13,Farmhouse,Specialty,Medium,3,17.5,52.5
10950,2024-03-04,15:25:00,P08,Veggie Supreme,Veggie,Medium,1,15.5,15.5
10951,2024-09-09,22:35:00,P09,Spinach Feta,Veggie,Medium,3,9.5,28.5
10952,2024-03-14,21:58:00,P10,Four Cheese,Cheese,Small,1,10.62,10.62
10953,2024-08-30,18:20:00,P02,Pepperoni,Classic,Large,1,15.0,15.0
10954,2024-01-10,13:53:00,P13,Farmhouse,Specialty,Medium,1,17.5,17.5
10955,2024-03-02,13:05:00,P06,Buffalo Chicken,Chicken,Medium,3,10.5,31.5
10956,2024-08-05,17:15:00,P05,Chicken Supreme,Chicken,Large,1,21.25,21.25
10957,2024-03-12,21:15:00,P07,Veggie Garden,Veggie,Large,2,14.38,28.76
10958,2024-02-07,10:00:00,P01,Margherita,Classic,Large,2,10.0,20.0
10959,2024-03-23,11:16:00,P02,Pepperoni,Classic,Medium,1,12.0,12.0
10960,2024-06-04,21:11:00,P11,Cheese Burst,Cheese,Medium,1,16.5,16.5
10961,2024-03-10,16:07:00,P01,Margherita,Classic,Medium,3,8.0,24.0
10962,2024-05-10,10:20:00,P09,Spinach Feta,Veggie,Large,1,11.88,11.88
10963,2024-11-15,21:58:00,P03,Hawaiian,Classic,Large,1,20.0,20.0
10964,2024-02-01,20:19:00,P05,Chicken Supreme,Chicken,Small,1,14.45,14.45
10965,2024-08-29,18:59:00,P04,BBQ Chicken,Chicken,Medium,1,13.5,13.5
10966,2024-06-21,18:50:00,P05,Chicken Supreme,Chicken,Large,1,21.25,21.25
10967,2024-12-24,22:48:00,P10,Four Cheese,Cheese,Medium,1,12.5,12.5
10968,2024-04-13,22:02:00,P04,BBQ Chicken,Chicken,Medium,1,13.5,13.5
10969,2024-09-12,21:14:00,P08,Veggie Supreme,Veggie,Medium,1,15.5,15.5
10970,2024-06-29,13:22:00,P07,Veggie Garden,Veggie,Medium,3,11.5,34.5
10971,2024-06-03,16:42:00,P10,Four Cheese,Cheese,XL,4,18.75,75.0
10972,2024-09-04,14:12:00,P14,Mexican Green,Specialty,Medium,2,10.0,20.0
10973,2024-06-13,17:20:00,P11,Cheese Burst,Cheese,Medium,1,16.5,16.5
10974,2024-09-10,22:48:00,P03,Hawaiian,Classic,Small,3,13.6,40.8
10975,2024-03-15,12:49:00,P01,Margherita,Classic,Small,1,6.8,6.8
10976,2024-10-10,19:04:00,P03,Hawaiian,Classic,Medium,1,16.0,16.0
10977,2024-05-04,17:56:00,P08,Veggie Supreme,Veggie,Medium,3,15.5,46.5
10978,2024-12-10,10:16:00,P01,Margherita,Classic,Medium,2,8.0,16.0
10979,2024-12-18,16:53:00,P07,Veggie Garden,Veggie,Large,2,14.38,28.76
10980,2024-05-16,20:24:00,P08,Veggie Supreme,Veggie,Large,2,19.38,38.76
10981,2024-07-14,18:45:00,P04,BBQ Chicken,Chicken,Medium,1,13.5,13.5
10982,2024-07-25,22:13:00,P11,Cheese Burst,Cheese,Medium,1,16.5,16.5
10983,2024-08-01,14:08:00,P02,Pepperoni,Classic,XL,2,18.0,36.0
10984,2024-04-28,18:52:00,P01,Margherita,Classic,Medium,1,8.0,8.0
10985,2024-11-19,19:34:00,P11,Cheese Burst,Cheese,Large,1,20.62,20.62
10986,2024-05-16,12:47:00,P07,Veggie Garden,Veggie,Medium,2,11.5,23.0
10987,2024-07-26,10:17:00,P10,Four Cheese,Cheese,Large,2,15.62,31.24
10988,2024-02-23,20:39:00,P06,Buffalo Chicken,Chicken,Large,1,13.12,13.12
10989,2024-04-27,19:40:00,P03,Hawaiian,Classic,Large,2,20.0,40.0
10990,2024-10-29,15:36:00,P12,Paneer Tikka,Specialty,Large,2,16.25,32.5
10991,2024-05-27,11:21:00,P12,Paneer Tikka,Specialty,Large,2,16.25,32.5
10992,2024-10-30,11:15:00,P10,Four Cheese,Cheese,Medium,1,12.5,12.5
10993,2024-07-11,12:09:00,P03,Hawaiian,Classic,Medium,1,16.0,16.0
10994,2024-10-03,22:12:00,P08,Veggie Supreme,Veggie,Medium,1,15.5,15.5
10995,2024-01-24,16:22:00,P05,Chicken Supreme,Chicken,Large,1,21.25,21.25
10996,2024-09-14,15:52:00,P02,Pepperoni,Classic,Large,1,15.0,15.0
10997,2024-05-18,18:11:00,P13,Farmhouse,Specialty,Small,1,14.88,14.88
10998,2024-06-12,21:22:00,P02,Pepperoni,Classic,Small,1,10.2,10.2
10999,2024-03-28,15:34:00,P14,Mexican Green,Specialty,Large,3,12.5,37.5
11000,2024-10-09,14:48:00,P06,Buffalo Chicken,Chicken,Medium,1,10.5,10.5
11001,2024-07-08,22:07:00,P02,Pepperoni,Classic,Medium,2,12.0,24.0
11002,2024-02-13,21:43:00,P08,Veggie Supreme,Veggie,Large,2,19.38,38.76
11003,2024-05-07,11:41:00,P13,Farmhouse,Specialty,Medium,1,17.5,17.5
11004,2024-10-05,18:00:00,P11,Cheese Burst,Cheese,Small,3,14.03,42.09
11005,2024-05-04,13:54:00,P12,Paneer Tikka,Specialty,Medium,1,13.0,13.0
11006,2024-12-31,18:17:00,P10,Four Cheese,Cheese,Medium,1,12.5,12.5
11007,2024-10-20,12:19:00,P10,Four Cheese,Cheese,Medium,2,12.5,25.0
11008,2024-01-19,22:16:00,P12,Paneer Tikka,Specialty,Medium,1,13.0,13.0
11009,2024-07-24,15:42:00,P03,Hawaiian,Classic,Medium,2,16.0,32.0
11010,2024-10-30,20:28:00,P07,Veggie Garden,Veggie,Medium,1,11.5,11.5
11011,2024-03-06,16:52:00,P03,Hawaiian,Classic,Small,2,13.6,27.2
11012,2024-03-12,11:12:00,P15,Truffle Mushroom,Specialty,Small,1,16.15,16.15
11013,2024-11-25,17:06:00,P14,Mexican Green,Specialty,XL,2,15.0,30.0
11014,2024-09-25,19:55:00,P01,Margherita,Classic,Medium,1,8.0,8.0
11015,2024-02-28,12:55:00,P10,Four Cheese,Cheese,Large,2,15.62,31.24
11016,2024-11-05,11:53:00,P14,Mexican Green,Specialty,Large,2,12.5,25.0
11017,2024-02-06,12:32:00,P02,Pepperoni,Classic,Medium,1,12.0,12.0
11018,2024-12-24,11:32:00,P08,Veggie Supreme,Veggie,Large,1,19.38,19.38
11019,2024-09-13,16:27:00,P13,Farmhouse,Specialty,Medium,1,17.5,17.5
11020,2024-05-24,18:05:00,P01,Margherita,Classic,Large,3,10.0,30.0
11021,2024-02-13,13:46:00,P10,Four Cheese,Cheese,Medium,1,12.5,12.5
11022,2024-05-20,21:29:00,P04,BBQ Chicken,Chicken,Large,2,16.88,33.76
11023,2024-03-25,11:52:00,P14,Mexican Green,Specialty,Small,2,8.5,17.0
11024,2024-01-18,21:03:00,P15,Truffle Mushroom,Specialty,Large,1,23.75,23.75
11025,2024-02-11,20:52:00,P14,Mexican Green,Specialty,Small,1,8.5,8.5
11026,2024-05-13,15:08:00,P07,Veggie Garden,Veggie,Large,1,14.38,14.38
11027,2024-08-09,14:37:00,P13,Farmhouse,Specialty,Medium,2,17.5,35.0
11028,2024-11-01,21:12:00,P12,Paneer Tikka,Specialty,Large,1,16.25,16.25
11029,2024-04-28,12:29:00,P04,BBQ Chicken,Chicken,Medium,1,13.5,13.5
11030,2024-11-19,18:30:00,P12,Paneer Tikka,Specialty,Medium,2,13.0,26.0
11031,2024-08-26,21:14:00,P01,Margherita,Classic,Medium,1,8.0,8.0
11032,2024-07-07,14:56:00,P08,Veggie Supreme,Veggie,Large,2,19.38,38.76
11033,2024-01-26,22:57:00,P03,Hawaiian,Classic,Small,1,13.6,13.6
11034,2024-05-19,19:21:00,P02,Pepperoni,Classic,Large,1,15.0,15.0
11035,2024-06-29,14:34:00,P01,Margherita,Classic,Medium,2,8.0,16.0
11036,2024-03-11,11:26:00,P10,Four Cheese,Cheese,Large,1,15.62,15.62
11037,2024-11-11,12:46:00,P04,BBQ Chicken,Chicken,Medium,1,13.5,13.5
11038,2024-07-12,22:23:00,P10,Four Cheese,Cheese,Medium,2,12.5,25.0
11039,2024-01-10,17:23:00,P01,Margherita,Classic,Large,1,10.0,10.0
11040,2024-05-31,17:39:00,P04,BBQ Chicken,Chicken,Medium,4,13.5,54.0
11041,2024-05-03,18:47:00,P08,Veggie Supreme,Veggie,Medium,4,15.5,62.0
11042,2024-10-16,18:39:00,P12,Paneer Tikka,Specialty,Small,1,11.05,11.05
11043,2024-01-11,19:00:00,P04,BBQ Chicken,Chicken,Small,1,11.47,11.47
11044,2024-06-19,11:25:00,P09,Spinach Feta,Veggie,Medium,2,9.5,19.0
11045,2024-02-22,22:46:00,P13,Farmhouse,Specialty,Large,1,21.88,21.88
11046,2024-09-21,18:00:00,P09,Spinach Feta,Veggie,Medium,1,9.5,9.5
11047,2024-07-17,21:58:00,P03,Hawaiian,Classic,Small,2,13.6,27.2
11048,2024-04-15,12:15:00,P01,Margherita,Classic,Medium,1,8.0,8.0
11049,2024-02-07,20:50:00,P13,Farmhouse,Specialty,Medium,3,17.5,52.5
11050,2024-07-28,18:46:00,P01,Margherita,Classic,Medium,1,8.0,8.0
11051,2024-11-10,22:15:00,P13,Farmhouse,Specialty,Large,1,21.88,21.88
11052,2024-06-16,17:33:00,P07,Veggie Garden,Veggie,Large,1,14.38,14.38
11053,2024-05-13,22:44:00,P14,Mexican Green,Specialty,Small,3,8.5,25.5
11054,2024-06-29,21:33:00,P12,Paneer Tikka,Specialty,Large,2,16.25,32.5
11055,2024-05-28,13:56:00,P15,Truffle Mushroom,Specialty,Medium,2,19.0,38.0
11056,2024-03-16,10:05:00,P04,BBQ Chicken,Chicken,Large,1,16.88,16.88
11057,2024-08-18,21:05:00,P11,Cheese Burst,Cheese,Small,1,14.03,14.03
11058,2024-11-04,21:03:00,P05,Chicken Supreme,Chicken,Large,1,21.25,21.25
11059,2024-09-01,18:04:00,P07,Veggie Garden,Veggie,Medium,1,11.5,11.5
11060,2024-11-25,17:22:00,P09,Spinach Feta,Veggie,Medium,1,9.5,9.5
11061,2024-01-04,19:36:00,P13,Farmhouse,Specialty,Small,2,14.88,29.76
11062,2024-03-11,15:44:00,P15,Truffle Mushroom,Specialty,Small,1,16.15,16.15
11063,2024-11-02,19:14:00,P11,Cheese Burst,Cheese,Small,3,14.03,42.09
11064,2024-12-20,11:31:00,P05,Chicken Supreme,Chicken,Medium,1,17.0,17.0
11065,2024-08-14,20:09:00,P06,Buffalo Chicken,Chicken,Small,3,8.92,26.76
11066,2024-07-07,10:12:00,P11,Cheese Burst,Cheese,Large,1,20.62,20.62
11067,2024-06-10,21:44:00,P03,Hawaiian,Classic,Small,1,13.6,13.6
11068,2024-01-05,19:31:00,P02,Pepperoni,Classic,Medium,1,12.0,12.0
11069,2024-01-12,13:12:00,P05,Chicken Supreme,Chicken,Small,1,14.45,14.45
11070,2024-12-06,15:52:00,P04,BBQ Chicken,Chicken,Large,1,16.88,16.88
11071,2024-08-12,15:40:00,P04,BBQ Chicken,Chicken,Large,1,16.88,16.88
11072,2024-10-30,12:46:00,P03,Hawaiian,Classic,Medium,1,16.0,16.0
11073,2024-06-26,15:31:00,P01,Margherita,Classic,Medium,2,8.0,16.0
11074,2024-03-16,12:35:00,P01,Margherita,Classic,Small,2,6.8,13.6
11075,2024-10-20,21:12:00,P15,Truffle Mushroom,Specialty,Large,2,23.75,47.5
11076,2024-07-22,15:43:00,P06,Buffalo Chicken,Chicken,Medium,1,10.5,10.5
11077,2024-05-09,22:12:00,P05,Chicken Supreme,Chicken,Small,1,14.45,14.45
11078,2024-09-25,18:33:00,P10,Four Cheese,Cheese,Medium,1,12.5,12.5
11079,2024-05-16,13:30:00,P03,Hawaiian,Classic,Small,1,13.6,13.6
11080,2024-06-09,20:44:00,P14,Mexican Green,Specialty,Medium,1,10.0,10.0
11081,2024-05-09,12:56:00,P12,Paneer Tikka,Specialty,Large,1,16.25,16.25
11082,2024-12-16,18:15:00,P01,Margherita,Classic,Medium,1,8.0,8.0
11083,2024-12-28,15:13:00,P05,Chicken Supreme,Chicken,Medium,1,17.0,17.0
11084,2024-10-09,15:18:00,P13,Farmhouse,Specialty,Small,1,14.88,14.88
11085,2024-05-06,20:03:00,P14,Mexican Green,Specialty,Medium,2,10.0,20.0
11086,2024-11-09,19:59:00,P07,Veggie Garden,Veggie,Small,2,9.78,19.56
11087,2024-08-20,10:39:00,P09,Spinach Feta,Veggie,Large,3,11.88,35.64
11088,2024-05-22,18:36:00,P02,Pepperoni,Classic,Small,2,10.2,20.4
11089,2024-09-16,19:51:00,P15,Truffle Mushroom,Specialty,Medium,1,19.0,19.0
11090,2024-05-25,18:52:00,P03,Hawaiian,Classic,Medium,3,16.0,48.0
11091,2024-04-08,15:40:00,P14,Mexican Green,Specialty,Medium,2,10.0,20.0
11092,2024-08-20,21:28:00,P10,Four Cheese,Cheese,Medium,1,12.5,12.5
11093,2024-04-26,17:03:00,P09,Spinach Feta,Veggie,Medium,1,9.5,9.5
11094,2024-03-25,16:06:00,P07,Veggie Garden,Veggie,Medium,4,11.5,46.0
11095,2024-08-19,20:20:00,P03,Hawaiian,Classic,Medium,1,16.0,16.0
11096,2024-11-14,10:58:00,P02,Pepperoni,Classic,Medium,3,12.0,36.0
11097,2024-03-29,16:43:00,P03,Hawaiian,Classic,Medium,1,16.0,16.0
11098,2024-12-23,22:04:00,P02,Pepperoni,Classic,Medium,1,12.0,12.0
11099,2024-02-20,19:00:00,P11,Cheese Burst,Cheese,Large,1,20.62,20.62
11100,2024-02-23,17:29:00,P04,BBQ Chicken,Chicken,Small,1,11.47,11.47
11101,2024-03-12,17:25:00,P01,Margherita,Classic,Medium,2,8.0,16.0
11102,2024-06-16,19:14:00,P15,Truffle Mushroom,Specialty,Small,4,16.15,64.6
11103,2024-01-19,19:23:00,P13,Farmhouse,Specialty,Medium,1,17.5,17.5
11104,2024-09-28,20:30:00,P14,Mexican Green,Specialty,Medium,1,10.0,10.0
11105,2024-12-29,21:19:00,P15,Truffle Mushroom,Specialty,Large,2,23.75,47.5
11106,2024-06-11,20:08:00,P02,Pepperoni,Classic,Large,1,15.0,15.0
11107,2024-12-25,19:44:00,P05,Chicken Supreme,Chicken,Small,1,14.45,14.45
11108,2024-12-30,22:14:00,P11,Cheese Burst,Cheese,Medium,1,16.5,16.5
11109,2024-01-30,17:26:00,P10,Four Cheese,Cheese,Medium,2,12.5,25.0
11110,2024-03-31,12:09:00,P02,Pepperoni,Classic,Small,2,10.2,20.4
11111,2024-10-26,15:52:00,P12,Paneer Tikka,Specialty,Large,1,16.25,16.25
11112,2024-01-24,18:26:00,P03,Hawaiian,Classic,Large,1,20.0,20.0
11113,2024-01-07,15:53:00,P03,Hawaiian,Classic,Large,4,20.0,80.0
11114,2024-06-09,14:45:00,P08,Veggie Supreme,Veggie,Small,2,13.17,26.34
11115,2024-09-04,15:43:00,P08,Veggie Supreme,Veggie,Medium,1,15.5,15.5
11116,2024-05-24,14:10:00,P08,Veggie Supreme,Veggie,Large,1,19.38,19.38
11117,2024-08-07,14:11:00,P02,Pepperoni,Classic,Large,2,15.0,30.0
11118,2024-05-10,17:40:00,P13,Farmhouse,Specialty,Large,1,21.88,21.88
11119,2024-02-07,15:01:00,P03,Hawaiian,Classic,Small,1,13.6,13.6
11120,2024-08-05,11:53:00,P02,Pepperoni,Classic,Medium,1,12.0,12.0
11121,2024-05-19,17:01:00,P13,Farmhouse,Specialty,Medium,1,17.5,17.5
11122,2024-04-14,22:15:00,P14,Mexican Green,Specialty,Small,2,8.5,17.0
11123,2024-07-03,13:35:00,P13,Farmhouse,Specialty,Medium,1,17.5,17.5
11124,2024-05-11,20:52:00,P12,Paneer Tikka,Specialty,Medium,2,13.0,26.0
11125,2024-07-28,20:36:00,P10,Four Cheese,Cheese,Medium,1,12.5,12.5
11126,2024-09-27,20:26:00,P08,Veggie Supreme,Veggie,Medium,1,15.5,15.5
11127,2024-02-18,16:34:00,P01,Margherita,Classic,Medium,1,8.0,8.0
11128,2024-12-15,17:18:00,P05,Chicken Supreme,Chicken,Medium,3,17.0,51.0
11129,2024-11-11,22:12:00,P05,Chicken Supreme,Chicken,Large,2,21.25,42.5
11130,2024-10-30,16:11:00,P03,Hawaiian,Classic,Medium,1,16.0,16.0
11131,2024-10-23,22:05:00,P10,Four Cheese,Cheese,Medium,2,12.5,25.0
11132,2024-10-13,22:20:00,P07,Veggie Garden,Veggie,XL,1,17.25,17.25
11133,2024-01-24,17:43:00,P01,Margherita,Classic,Large,4,10.0,40.0
11134,2024-01-09,15:03:00,P03,Hawaiian,Classic,Small,1,13.6,13.6
11135,2024-03-17,11:02:00,P10,Four Cheese,Cheese,Large,2,15.62,31.24
11136,2024-03-30,11:52:00,P01,Margherita,Classic,Small,1,6.8,6.8
11137,2024-04-19,18:33:00,P12,Paneer Tikka,Specialty,Small,1,11.05,11.05
11138,2024-09-27,17:47:00,P07,Veggie Garden,Veggie,Medium,3,11.5,34.5
11139,2024-08-14,17:51:00,P07,Veggie Garden,Veggie,Medium,1,11.5,11.5
11140,2024-11-03,21:54:00,P08,Veggie Supreme,Veggie,Large,1,19.38,19.38
11141,2024-02-06,13:54:00,P12,Paneer Tikka,Specialty,Large,1,16.25,16.25
11142,2024-01-12,12:14:00,P04,BBQ Chicken,Chicken,XL,2,20.25,40.5
11143,2024-07-03,22:36:00,P10,Four Cheese,Cheese,Large,2,15.62,31.24
11144,2024-07-22,12:33:00,P08,Veggie Supreme,Veggie,Medium,1,15.5,15.5
11145,2024-01-07,21:54:00,P03,Hawaiian,Classic,Large,3,20.0,60.0
11146,2024-01-28,22:36:00,P13,Farmhouse,Specialty,XL,1,26.25,26.25
11147,2024-07-30,22:10:00,P12,Paneer Tikka,Specialty,Large,1,16.25,16.25
11148,2024-08-29,11:38:00,P10,Four Cheese,Cheese,Large,3,15.62,46.86
11149,2024-04-15,16:51:00,P12,Paneer Tikka,Specialty,Large,1,16.25,16.25
11150,2024-12-31,13:19:00,P13,Farmhouse,Specialty,Small,1,14.88,14.88
11151,2024-09-23,11:12:00,P10,Four Cheese,Cheese,Large,1,15.62,15.62
11152,2024-06-25,17:53:00,P12,Paneer Tikka,Specialty,Large,2,16.25,32.5
11153,2024-06-07,22:57:00,P10,Four Cheese,Cheese,XL,1,18.75,18.75
11154,2024-11-04,15:53:00,P10,Four Cheese,Cheese,Medium,3,12.5,37.5
11155,2024-11-12,18:41:00,P09,Spinach Feta,Veggie,Medium,2,9.5,19.0
11156,2024-10-11,13:27:00,P11,Cheese Burst,Cheese,Large,1,20.62,20.62
11157,2024-10-26,22:04:00,P02,Pepperoni,Classic,Medium,2,12.0,24.0
11158,2024-12-27,15:52:00,P13,Farmhouse,Specialty,Medium,1,17.5,17.5
11159,2024-10-20,21:52:00,P13,Farmhouse,Specialty,Medium,1,17.5,17.5
11160,2024-12-30,15:19:00,P01,Margherita,Classic,Medium,2,8.0,16.0
11161,2024-08-05,12:45:00,P12,Paneer Tikka,Specialty,Medium,3,13.0,39.0
11162,2024-04-01,18:14:00,P02,Pepperoni,Classic,Medium,1,12.0,12.0
11163,2024-11-23,20:28:00,P04,BBQ Chicken,Chicken,Medium,1,13.5,13.5
11164,2024-09-07,14:46:00,P11,Cheese Burst,Cheese,Medium,1,16.5,16.5
11165,2024-09-07,19:06:00,P02,Pepperoni,Classic,Medium,1,12.0,12.0
11166,2024-03-04,11:27:00,P12,Paneer Tikka,Specialty,Small,1,11.05,11.05
11167,2024-09-24,21:35:00,P12,Paneer Tikka,Specialty,Small,1,11.05,11.05
11168,2024-01-29,20:52:00,P07,Veggie Garden,Veggie,Medium,2,11.5,23.0
11169,2024-03-25,19:58:00,P01,Margherita,Classic,Medium,1,8.0,8.0
11170,2024-08-11,10:16:00,P04,BBQ Chicken,Chicken,Large,1,16.88,16.88
11171,2024-04-30,20:17:00,P09,Spinach Feta,Veggie,Small,2,8.07,16.14
11172,2024-03-14,14:40:00,P15,Truffle Mushroom,Specialty,Small,2,16.15,32.3
11173,2024-10-21,20:07:00,P09,Spinach Feta,Veggie,Large,1,11.88,11.88
11174,2024-06-10,14:40:00,P03,Hawaiian,Classic,Medium,1,16.0,16.0
11175,2024-04-06,10:09:00,P09,Spinach Feta,Veggie,XL,2,14.25,28.5
11176,2024-02-09,11:24:00,P08,Veggie Supreme,Veggie,Large,1,19.38,19.38
11177,2024-04-15,18:35:00,P11,Cheese Burst,Cheese,Medium,1,16.5,16.5
11178,2024-09-14,12:09:00,P02,Pepperoni,Classic,Medium,2,12.0,24.0
11179,2024-07-13,14:18:00,P11,Cheese Burst,Cheese,Medium,1,16.5,16.5
11180,2024-10-08,15:50:00,P08,Veggie Supreme,Veggie,Small,1,13.17,13.17
11181,2024-02-20,18:49:00,P14,Mexican Green,Specialty,Small,1,8.5,8.5
11182,2024-09-29,19:55:00,P04,BBQ Chicken,Chicken,Small,1,11.47,11.47
11183,2024-07-07,12:54:00,P09,Spinach Feta,Veggie,Large,1,11.88,11.88
11184,2024-02-19,20:10:00,P14,Mexican Green,Specialty,Medium,4,10.0,40.0
11185,2024-02-17,18:55:00,P02,Pepperoni,Classic,Small,1,10.2,10.2
11186,2024-01-08,17:13:00,P14,Mexican Green,Specialty,Large,1,12.5,12.5
11187,2024-08-02,11:55:00,P10,Four Cheese,Cheese,Medium,1,12.5,12.5
11188,2024-09-01,15:35:00,P01,Margherita,Classic,Medium,3,8.0,24.0
11189,2024-09-29,22:04:00,P04,BBQ Chicken,Chicken,Medium,1,13.5,13.5
11190,2024-05-10,18:19:00,P10,Four Cheese,Cheese,Medium,1,12.5,12.5
11191,2024-05-01,11:19:00,P01,Margherita,Classic,XL,3,12.0,36.0
11192,2024-12-04,14:15:00,P08,Veggie Supreme,Veggie,Small,1,13.17,13.17
11193,2024-02-02,14:23:00,P04,BBQ Chicken,Chicken,Medium,1,13.5,13.5
11194,2024-07-09,19:43:00,P09,Spinach Feta,Veggie,Medium,1,9.5,9.5
11195,2024-03-29,21:32:00,P01,Margherita,Classic,Medium,1,8.0,8.0
11196,2024-08-25,11:17:00,P13,Farmhouse,Specialty,Medium,1,17.5,17.5
11197,2024-10-15,20:48:00,P15,Truffle Mushroom,Specialty,Large,2,23.75,47.5
11198,2024-04-17,22:51:00,P15,Truffle Mushroom,Specialty,Large,1,23.75,23.75
11199,2024-08-13,13:34:00,P11,Cheese Burst,Cheese,Medium,1,16.5,16.5
11200,2024-01-19,18:39:00,P02,Pepperoni,Classic,Medium,1,12.0,12.0
11201,2024-11-27,21:41:00,P11,Cheese Burst,Cheese,Medium,1,16.5,16.5
11202,2024-10-15,21:36:00,P01,Margherita,Classic,Medium,1,8.0,8.0
11203,2024-12-13,21:51:00,P01,Margherita,Classic,Medium,3,8.0,24.0
11204,2024-02-12,18:13:00,P04,BBQ Chicken,Chicken,Medium,1,13.5,13.5
11205,2024-05-10,14:55:00,P07,Veggie Garden,Veggie,Medium,2,11.5,23.0
11206,2024-10-08,14:40:00,P11,Cheese Burst,Cheese,Medium,1,16.5,16.5
11207,2024-12-03,15:20:00,P10,Four Cheese,Cheese,Large,1,15.62,15.62
11208,2024-10-21,17:22:00,P06,Buffalo Chicken,Chicken,Large,1,13.12,13.12
11209,2024-03-09,20:28:00,P04,BBQ Chicken,Chicken,Small,1,11.47,11.47
11210,2024-11-13,14:44:00,P15,Truffle Mushroom,Specialty,Small,1,16.15,16.15
11211,2024-01-27,13:33:00,P06,Buffalo Chicken,Chicken,Large,1,13.12,13.12
11212,2024-05-21,18:41:00,P06,Buffalo Chicken,Chicken,Medium,2,10.5,21.0
11213,2024-03-14,21:41:00,P02,Pepperoni,Classic,Large,1,15.0,15.0
11214,2024-05-01,12:10:00,P12,Paneer Tikka,Specialty,Small,1,11.05,11.05
11215,2024-01-11,12:18:00,P10,Four Cheese,Cheese,Medium,1,12.5,12.5
11216,2024-08-03,15:00:00,P03,Hawaiian,Classic,Medium,1,16.0,16.0
11217,2024-10-29,12:51:00,P01,Margherita,Classic,Large,1,10.0,10.0
11218,2024-12-30,11:31:00,P10,Four Cheese,Cheese,Small,1,10.62,10.62
11219,2024-01-10,21:16:00,P10,Four Cheese,Cheese,Medium,1,12.5,12.5
11220,2024-08-28,17:03:00,P04,BBQ Chicken,Chicken,Medium,2,13.5,27.0
11221,2024-05-22,10:38:00,P14,Mexican Green,Specialty,Large,3,12.5,37.5
11222,2024-02-26,19:06:00,P02,Pepperoni,Classic,Large,1,15.0,15.0
11223,2024-12-18,10:11:00,P06,Buffalo Chicken,Chicken,XL,1,15.75,15.75
11224,2024-09-29,17:15:00,P14,Mexican Green,Specialty,XL,3,15.0,45.0
11225,2024-11-29,12:50:00,P06,Buffalo Chicken,Chicken,Small,1,8.92,8.92
11226,2024-04-17,12:49:00,P09,Spinach Feta,Veggie,Small,1,8.07,8.07
11227,2024-12-15,13:54:00,P05,Chicken Supreme,Chicken,Small,1,14.45,14.45
11228,2024-12-26,12:25:00,P04,BBQ Chicken,Chicken,Medium,1,13.5,13.5
11229,2024-09-03,21:30:00,P15,Truffle Mushroom,Specialty,Large,1,23.75,23.75
11230,2024-08-31,10:36:00,P05,Chicken Supreme,Chicken,Large,1,21.25,21.25
11231,2024-03-12,12:25:00,P13,Farmhouse,Specialty,Medium,1,17.5,17.5
11232,2024-08-30,19:13:00,P03,Hawaiian,Classic,Medium,1,16.0,16.0
11233,2024-06-06,17:41:00,P03,Hawaiian,Classic,Large,2,20.0,40.0
11234,2024-01-24,13:42:00,P01,Margherita,Classic,Medium,1,8.0,8.0
11235,2024-10-16,21:18:00,P10,Four Cheese,Cheese,Small,1,10.62,10.62
11236,2024-09-15,13:10:00,P05,Chicken Supreme,Chicken,Medium,1,17.0,17.0
11237,2024-11-01,11:18:00,P13,Farmhouse,Specialty,Medium,2,17.5,35.0
11238,2024-02-13,10:55:00,P07,Veggie Garden,Veggie,Medium,2,11.5,23.0
11239,2024-09-15,10:34:00,P15,Truffle Mushroom,Specialty,Medium,2,19.0,38.0
11240,2024-03-05,12:35:00,P02,Pepperoni,Classic,Small,1,10.2,10.2
11241,2024-06-14,16:54:00,P13,Farmhouse,Specialty,XL,2,26.25,52.5
11242,2024-06-01,17:12:00,P11,Cheese Burst,Cheese,Medium,2,16.5,33.0
11243,2024-11-19,15:10:00,P11,Cheese Burst,Cheese,Medium,1,16.5,16.5
11244,2024-09-13,17:53:00,P12,Paneer Tikka,Specialty,XL,1,19.5,19.5
11245,2024-04-07,17:51:00,P11,Cheese Burst,Cheese,Small,1,14.03,14.03
11246,2024-06-12,10:38:00,P09,Spinach Feta,Veggie,Medium,2,9.5,19.0
11247,2024-02-06,19:58:00,P02,Pepperoni,Classic,Large,1,15.0,15.0
11248,2024-12-29,14:19:00,P01,Margherita,Classic,Medium,1,8.0,8.0
11249,2024-05-08,12:58:00,P14,Mexican Green,Specialty,Large,3,12.5,37.5
11250,2024-10-10,16:42:00,P09,Spinach Feta,Veggie,Medium,2,9.5,19.0
11251,2024-04-17,18:00:00,P12,Paneer Tikka,Specialty,Small,3,11.05,33.15
11252,2024-08-13,11:16:00,P07,Veggie Garden,Veggie,Medium,4,11.5,46.0
11253,2024-09-01,11:35:00,P02,Pepperoni,Classic,Medium,1,12.0,12.0
11254,2024-06-01,20:50:00,P02,Pepperoni,Classic,Large,2,15.0,30.0
11255,2024-07-09,17:25:00,P10,Four Cheese,Cheese,Medium,1,12.5,12.5
11256,2024-06-02,14:17:00,P06,Buffalo Chicken,Chicken,Large,2,13.12,26.24
11257,2024-08-08,12:23:00,P03,Hawaiian,Classic,Large,1,20.0,20.0
11258,2024-04-20,21:11:00,P07,Veggie Garden,Veggie,Medium,4,11.5,46.0
11259,2024-05-18,20:22:00,P01,Margherita,Classic,Large,1,10.0,10.0
11260,2024-08-07,21:44:00,P08,Veggie Supreme,Veggie,Medium,2,15.5,31.0
11261,2024-09-09,15:54:00,P03,Hawaiian,Classic,Large,1,20.0,20.0
11262,2024-07-16,19:58:00,P12,Paneer Tikka,Specialty,Large,1,16.25,16.25
11263,2024-02-03,22:56:00,P04,BBQ Chicken,Chicken,Medium,2,13.5,27.0
11264,2024-01-03,15:47:00,P06,Buffalo Chicken,Chicken,Medium,1,10.5,10.5
11265,2024-04-11,17:12:00,P01,Margherita,Classic,Medium,2,8.0,16.0
11266,2024-02-05,15:32:00,P01,Margherita,Classic,Medium,1,8.0,8.0
11267,2024-04-14,21:56:00,P05,Chicken Supreme,Chicken,Medium,2,17.0,34.0
11268,2024-02-24,20:12:00,P07,Veggie Garden,Veggie,Medium,1,11.5,11.5
11269,2024-08-12,12:27:00,P09,Spinach Feta,Veggie,Medium,1,9.5,9.5
11270,2024-11-04,13:04:00,P04,BBQ Chicken,Chicken,Small,2,11.47,22.94
11271,2024-01-25,10:36:00,P10,Four Cheese,Cheese,Small,1,10.62,10.62
11272,2024-01-19,12:42:00,P13,Farmhouse,Specialty,Medium,1,17.5,17.5
11273,2024-11-05,15:18:00,P11,Cheese Burst,Cheese,Medium,1,16.5,16.5
11274,2024-07-17,11:55:00,P01,Margherita,Classic,Large,1,10.0,10.0
11275,2024-09-12,12:32:00,P07,Veggie Garden,Veggie,Medium,1,11.5,11.5
11276,2024-10-08,18:52:00,P02,Pepperoni,Classic,Medium,2,12.0,24.0
11277,2024-08-28,19:26:00,P03,Hawaiian,Classic,Medium,1,16.0,16.0
11278,2024-10-20,19:34:00,P15,Truffle Mushroom,Specialty,Large,1,23.75,23.75
11279,2024-11-10,13:23:00,P02,Pepperoni,Classic,Medium,1,12.0,12.0
11280,2024-01-21,21:53:00,P07,Veggie Garden,Veggie,XL,1,17.25,17.25
11281,2024-03-30,13:05:00,P09,Spinach Feta,Veggie,Large,1,11.88,11.88
11282,2024-09-22,21:32:00,P10,Four Cheese,Cheese,Large,4,15.62,62.48
11283,2024-05-29,22:15:00,P08,Veggie Supreme,Veggie,Large,3,19.38,58.14
11284,2024-01-17,19:11:00,P01,Margherita,Classic,Medium,1,8.0,8.0
11285,2024-12-04,21:39:00,P04,BBQ Chicken,Chicken,Medium,1,13.5,13.5
11286,2024-06-16,19:09:00,P07,Veggie Garden,Veggie,Large,2,14.38,28.76
11287,2024-02-19,19:38:00,P01,Margherita,Classic,Large,1,10.0,10.0
11288,2024-12-15,13:00:00,P04,BBQ Chicken,Chicken,Large,1,16.88,16.88
11289,2024-10-25,12:04:00,P01,Margherita,Classic,Large,1,10.0,10.0
11290,2024-04-13,11:01:00,P01,Margherita,Classic,XL,1,12.0,12.0
11291,2024-10-06,18:41:00,P05,Chicken Supreme,Chicken,Medium,3,17.0,51.0
11292,2024-01-13,22:00:00,P02,Pepperoni,Classic,Large,2,15.0,30.0
11293,2024-06-22,11:03:00,P08,Veggie Supreme,Veggie,Large,1,19.38,19.38
11294,2024-01-28,12:00:00,P10,Four Cheese,Cheese,Large,1,15.62,15.62
11295,2024-12-28,22:58:00,P12,Paneer Tikka,Specialty,Medium,2,13.0,26.0
11296,2024-04-15,14:32:00,P03,Hawaiian,Classic,Large,2,20.0,40.0
11297,2024-01-14,17:57:00,P02,Pepperoni,Classic,Large,1,15.0,15.0
11298,2024-06-08,11:26:00,P02,Pepperoni,Classic,Medium,2,12.0,24.0
11299,2024-02-04,12:03:00,P09,Spinach Feta,Veggie,Medium,1,9.5,9.5
11300,2024-05-14,22:40:00,P10,Four Cheese,Cheese,Medium,2,12.5,25.0
11301,2024-05-10,10:46:00,P01,Margherita,Classic,XL,2,12.0,24.0
11302,2024-02-28,19:46:00,P14,Mexican Green,Specialty,Medium,1,10.0,10.0
11303,2024-05-08,21:58:00,P01,Margherita,Classic,Medium,2,8.0,16.0
11304,2024-05-17,16:38:00,P08,Veggie Supreme,Veggie,Medium,1,15.5,15.5
11305,2024-01-09,17:34:00,P10,Four Cheese,Cheese,Large,1,15.62,15.62
11306,2024-08-05,14:12:00,P13,Farmhouse,Specialty,Small,1,14.88,14.88
11307,2024-08-24,17:49:00,P10,Four Cheese,Cheese,Medium,1,12.5,12.5
11308,2024-03-02,16:58:00,P12,Paneer Tikka,Specialty,Large,1,16.25,16.25
11309,2024-01-10,19:22:00,P04,BBQ Chicken,Chicken,Large,1,16.88,16.88
11310,2024-09-23,21:12:00,P12,Paneer Tikka,Specialty,Small,1,11.05,11.05
11311,2024-12-25,10:55:00,P01,Margherita,Classic,XL,1,12.0,12.0
11312,2024-04-19,10:50:00,P13,Farmhouse,Specialty,Large,1,21.88,21.88
11313,2024-01-16,18:51:00,P08,Veggie Supreme,Veggie,Small,1,13.17,13.17
11314,2024-07-20,22:08:00,P12,Paneer Tikka,Specialty,Small,1,11.05,11.05
11315,2024-02-02,17:34:00,P06,Buffalo Chicken,Chicken,Small,1,8.92,8.92
11316,2024-07-21,16:49:00,P09,Spinach Feta,Veggie,Large,1,11.88,11.88
11317,2024-11-28,16:22:00,P07,Veggie Garden,Veggie,Small,2,9.78,19.56
11318,2024-07-26,17:47:00,P11,Cheese Burst,Cheese,Medium,2,16.5,33.0
11319,2024-10-23,17:18:00,P01,Margherita,Classic,Large,2,10.0,20.0
11320,2024-12-20,20:27:00,P01,Margherita,Classic,Medium,1,8.0,8.0
11321,2024-05-01,17:40:00,P03,Hawaiian,Classic,Large,1,20.0,20.0
11322,2024-11-17,12:29:00,P02,Pepperoni,Classic,Large,2,15.0,30.0
11323,2024-02-09,11:39:00,P13,Farmhouse,Specialty,Small,1,14.88,14.88
11324,2024-12-23,19:14:00,P03,Hawaiian,Classic,Large,1,20.0,20.0
11325,2024-05-03,13:02:00,P15,Truffle Mushroom,Specialty,Medium,1,19.0,19.0
11326,2024-10-06,18:47:00,P04,BBQ Chicken,Chicken,Medium,2,13.5,27.0
11327,2024-07-07,17:40:00,P02,Pepperoni,Classic,Medium,1,12.0,12.0
11328,2024-09-03,17:13:00,P12,Paneer Tikka,Specialty,Small,3,11.05,33.15
11329,2024-01-18,21:58:00,P10,Four Cheese,Cheese,XL,2,18.75,37.5
11330,2024-08-25,13:22:00,P07,Veggie Garden,Veggie,Medium,1,11.5,11.5
11331,2024-11-16,22:45:00,P08,Veggie Supreme,Veggie,Small,2,13.17,26.34
11332,2024-03-06,14:21:00,P10,Four Cheese,Cheese,Large,1,15.62,15.62
11333,2024-07-11,21:18:00,P03,Hawaiian,Classic,Medium,2,16.0,32.0
11334,2024-07-01,19:43:00,P15,Truffle Mushroom,Specialty,Large,1,23.75,23.75
11335,2024-05-05,12:47:00,P15,Truffle Mushroom,Specialty,Medium,2,19.0,38.0
11336,2024-01-13,16:27:00,P10,Four Cheese,Cheese,Large,1,15.62,15.62
11337,2024-11-18,14:35:00,P02,Pepperoni,Classic,Small,3,10.2,30.6
11338,2024-07-06,10:43:00,P10,Four Cheese,Cheese,Medium,1,12.5,12.5
11339,2024-04-28,22:03:00,P01,Margherita,Classic,Medium,1,8.0,8.0
11340,2024-10-31,20:37:00,P01,Margherita,Classic,Small,2,6.8,13.6
11341,2024-07-14,22:19:00,P03,Hawaiian,Classic,Large,2,20.0,40.0
11342,2024-04-20,11:48:00,P06,Buffalo Chicken,Chicken,Medium,1,10.5,10.5
11343,2024-08-16,21:24:00,P13,Farmhouse,Specialty,Medium,1,17.5,17.5
11344,2024-03-19,16:35:00,P10,Four Cheese,Cheese,Small,1,10.62,10.62
11345,2024-09-20,21:51:00,P11,Cheese Burst,Cheese,Large,3,20.62,61.86
11346,2024-03-26,21:48:00,P06,Buffalo Chicken,Chicken,Large,2,13.12,26.24
11347,2024-09-10,15:15:00,P04,BBQ Chicken,Chicken,Medium,2,13.5,27.0
11348,2024-07-04,14:45:00,P05,Chicken Supreme,Chicken,Medium,1,17.0,17.0
11349,2024-12-19,10:37:00,P15,Truffle Mushroom,Specialty,Medium,1,19.0,19.0
11350,2024-01-02,18:24:00,P01,Margherita,Classic,Medium,2,8.0,16.0
11351,2024-09-13,14:39:00,P13,Farmhouse,Specialty,Small,2,14.88,29.76
11352,2024-11-19,12:04:00,P08,Veggie Supreme,Veggie,Medium,1,15.5,15.5
11353,2024-07-15,17:15:00,P06,Buffalo Chicken,Chicken,Medium,2,10.5,21.0
11354,2024-06-30,11:42:00,P10,Four Cheese,Cheese,Large,1,15.62,15.62
11355,2024-01-17,22:34:00,P07,Veggie Garden,Veggie,Medium,1,11.5,11.5
11356,2024-03-22,13:50:00,P13,Farmhouse,Specialty,Large,1,21.88,21.88
11357,2024-12-16,18:30:00,P13,Farmhouse,Specialty,Medium,1,17.5,17.5
11358,2024-08-15,19:40:00,P06,Buffalo Chicken,Chicken,Large,1,13.12,13.12
11359,2024-07-30,15:29:00,P04,BBQ Chicken,Chicken,Medium,1,13.5,13.5
11360,2024-10-08,10:30:00,P08,Veggie Supreme,Veggie,Medium,1,15.5,15.5
11361,2024-02-19,13:40:00,P13,Farmhouse,Specialty,Large,2,21.88,43.76
11362,2024-06-14,15:42:00,P03,Hawaiian,Classic,Small,1,13.6,13.6
11363,2024-01-20,12:22:00,P09,Spinach Feta,Veggie,Small,1,8.07,8.07
11364,2024-02-13,16:24:00,P09,Spinach Feta,Veggie,Small,1,8.07,8.07
11365,2024-11-14,15:49:00,P11,Cheese Burst,Cheese,Large,1,20.62,20.62
11366,2024-08-26,17:53:00,P02,Pepperoni,Classic,Small,2,10.2,20.4
11367,2024-10-30,13:34:00,P10,Four Cheese,Cheese,Large,1,15.62,15.62
11368,2024-09-07,14:02:00,P13,Farmhouse,Specialty,Medium,2,17.5,35.0
11369,2024-02-29,11:33:00,P02,Pepperoni,Classic,Small,1,10.2,10.2
11370,2024-12-21,12:08:00,P03,Hawaiian,Classic,Medium,1,16.0,16.0
11371,2024-08-09,16:53:00,P15,Truffle Mushroom,Specialty,Medium,1,19.0,19.0
11372,2024-08-05,21:23:00,P02,Pepperoni,Classic,Medium,1,12.0,12.0
11373,2024-12-26,12:43:00,P12,Paneer Tikka,Specialty,Large,1,16.25,16.25
11374,2024-12-01,19:22:00,P07,Veggie Garden,Veggie,Medium,2,11.5,23.0
11375,2024-04-30,10:41:00,P03,Hawaiian,Classic,Small,1,13.6,13.6
11376,2024-01-30,16:09:00,P13,Farmhouse,Specialty,Large,1,21.88,21.88
11377,2024-02-05,22:30:00,P06,Buffalo Chicken,Chicken,Large,1,13.12,13.12
11378,2024-08-22,21:21:00,P07,Veggie Garden,Veggie,Large,1,14.38,14.38
11379,2024-06-19,20:53:00,P05,Chicken Supreme,Chicken,Large,1,21.25,21.25
11380,2024-06-29,16:53:00,P08,Veggie Supreme,Veggie,Medium,1,15.5,15.5
11381,2024-08-14,20:59:00,P02,Pepperoni,Classic,Large,1,15.0,15.0
11382,2024-02-06,22:31:00,P05,Chicken Supreme,Chicken,Medium,1,17.0,17.0
11383,2024-04-29,20:52:00,P15,Truffle Mushroom,Specialty,Small,2,16.15,32.3
11384,2024-01-12,19:34:00,P03,Hawaiian,Classic,Large,2,20.0,40.0
11385,2024-09-07,12:33:00,P10,Four Cheese,Cheese,Large,1,15.62,15.62
11386,2024-02-07,17:37:00,P04,BBQ Chicken,Chicken,Large,1,16.88,16.88
11387,2024-12-02,17:00:00,P11,Cheese Burst,Cheese,Medium,4,16.5,66.0
11388,2024-11-23,15:14:00,P02,Pepperoni,Classic,Medium,1,12.0,12.0
11389,2024-04-23,22:24:00,P15,Truffle Mushroom,Specialty,Medium,1,19.0,19.0
11390,2024-07-18,22:51:00,P06,Buffalo Chicken,Chicken,Large,1,13.12,13.12
11391,2024-12-17,11:12:00,P03,Hawaiian,Classic,Small,1,13.6,13.6
11392,2024-12-31,15:32:00,P01,Margherita,Classic,Large,1,10.0,10.0
11393,2024-03-11,10:46:00,P02,Pepperoni,Classic,Medium,3,12.0,36.0
11394,2024-12-14,15:36:00,P07,Veggie Garden,Veggie,Large,2,14.38,28.76
11395,2024-10-26,19:02:00,P04,BBQ Chicken,Chicken,Large,2,16.88,33.76
11396,2024-06-30,13:13:00,P12,Paneer Tikka,Specialty,Medium,2,13.0,26.0
11397,2024-06-14,13:14:00,P06,Buffalo Chicken,Chicken,Medium,1,10.5,10.5
11398,2024-05-24,14:23:00,P03,Hawaiian,Classic,Large,1,20.0,20.0
11399,2024-12-27,18:35:00,P09,Spinach Feta,Veggie,Medium,2,9.5,19.0
11400,2024-11-09,18:07:00,P10,Four Cheese,Cheese,Large,3,15.62,46.86
11401,2024-03-26,13:32:00,P02,Pepperoni,Classic,Medium,1,12.0,12.0
11402,2024-11-10,14:02:00,P02,Pepperoni,Classic,Small,3,10.2,30.6
11403,2024-12-14,18:31:00,P01,Margherita,Classic,Large,1,10.0,10.0
11404,2024-03-27,17:18:00,P11,Cheese Burst,Cheese,Medium,1,16.5,16.5
11405,2024-02-20,16:39:00,P10,Four Cheese,Cheese,Large,1,15.62,15.62
11406,2024-12-31,14:00:00,P07,Veggie Garden,Veggie,Medium,1,11.5,11.5
11407,2024-01-19,14:34:00,P12,Paneer Tikka,Specialty,Large,1,16.25,16.25
11408,2024-04-03,10:38:00,P12,Paneer Tikka,Specialty,Medium,1,13.0,13.0
11409,2024-06-02,22:53:00,P08,Veggie Supreme,Veggie,Medium,1,15.5,15.5
11410,2024-12-07,16:43:00,P13,Farmhouse,Specialty,Medium,1,17.5,17.5
11411,2024-12-28,10:26:00,P03,Hawaiian,Classic,Large,1,20.0,20.0
11412,2024-09-24,18:33:00,P02,Pepperoni,Classic,Medium,4,12.0,48.0
11413,2024-11-29,14:02:00,P03,Hawaiian,Classic,Large,1,20.0,20.0
11414,2024-04-17,21:20:00,P01,Margherita,Classic,Medium,1,8.0,8.0
11415,2024-01-07,10:34:00,P07,Veggie Garden,Veggie,Large,1,14.38,14.38
11416,2024-09-23,22:31:00,P14,Mexican Green,Specialty,Large,1,12.5,12.5
11417,2024-08-01,16:41:00,P01,Margherita,Classic,Small,2,6.8,13.6
11418,2024-03-23,13:53:00,P02,Pepperoni,Classic,Medium,1,12.0,12.0
11419,2024-07-21,18:12:00,P06,Buffalo Chicken,Chicken,Medium,2,10.5,21.0
11420,2024-12-13,10:14:00,P14,Mexican Green,Specialty,Medium,1,10.0,10.0
11421,2024-05-20,14:42:00,P04,BBQ Chicken,Chicken,Medium,1,13.5,13.5
11422,2024-02-02,17:54:00,P07,Veggie Garden,Veggie,Large,1,14.38,14.38
11423,2024-10-14,14:53:00,P01,Margherita,Classic,Medium,1,8.0,8.0
11424,2024-06-24,13:56:00,P02,Pepperoni,Classic,Large,1,15.0,15.0
11425,2024-11-13,12:17:00,P15,Truffle Mushroom,Specialty,Large,1,23.75,23.75
11426,2024-08-02,22:01:00,P15,Truffle Mushroom,Specialty,Medium,1,19.0,19.0
11427,2024-11-28,15:58:00,P01,Margherita,Classic,Medium,1,8.0,8.0
11428,2024-01-08,12:31:00,P14,Mexican Green,Specialty,Small,4,8.5,34.0
11429,2024-03-07,12:48:00,P09,Spinach Feta,Veggie,Large,1,11.88,11.88
11430,2024-10-14,18:20:00,P13,Farmhouse,Specialty,Medium,1,17.5,17.5
11431,2024-01-25,14:54:00,P06,Buffalo Chicken,Chicken,Medium,1,10.5,10.5
11432,2024-12-02,18:32:00,P07,Veggie Garden,Veggie,XL,1,17.25,17.25
11433,2024-10-13,13:22:00,P07,Veggie Garden,Veggie,Medium,1,11.5,11.5
11434,2024-08-26,21:24:00,P10,Four Cheese,Cheese,Large,2,15.62,31.24
11435,2024-06-25,21:47:00,P02,Pepperoni,Classic,Medium,3,12.0,36.0
11436,2024-06-06,22:42:00,P01,Margherita,Classic,Small,1,6.8,6.8
11437,2024-08-08,15:26:00,P04,BBQ Chicken,Chicken,Large,1,16.88,16.88
11438,2024-05-10,19:33:00,P10,Four Cheese,Cheese,Small,1,10.62,10.62
11439,2024-08-12,11:27:00,P03,Hawaiian,Classic,Large,2,20.0,40.0
11440,2024-05-04,13:37:00,P10,Four Cheese,Cheese,Small,1,10.62,10.62
11441,2024-03-20,13:07:00,P15,Truffle Mushroom,Specialty,Large,1,23.75,23.75
11442,2024-10-26,16:45:00,P02,Pepperoni,Classic,Small,1,10.2,10.2
11443,2024-03-24,19:31:00,P10,Four Cheese,Cheese,Medium,2,12.5,25.0
11444,2024-01-13,22:04:00,P06,Buffalo Chicken,Chicken,Medium,1,10.5,10.5
11445,2024-06-20,19:52:00,P13,Farmhouse,Specialty,Medium,1,17.5,17.5
11446,2024-02-20,22:40:00,P02,Pepperoni,Classic,Medium,2,12.0,24.0
11447,2024-11-11,22:41:00,P10,Four Cheese,Cheese,Medium,1,12.5,12.5
11448,2024-09-30,22:14:00,P12,Paneer Tikka,Specialty,Medium,2,13.0,26.0
11449,2024-05-27,21:35:00,P14,Mexican Green,Specialty,Medium,1,10.0,10.0
11450,2024-02-06,10:17:00,P10,Four Cheese,Cheese,Medium,2,12.5,25.0
11451,2024-10-01,12:31:00,P07,Veggie Garden,Veggie,Medium,2,11.5,23.0
11452,2024-04-15,15:40:00,P09,Spinach Feta,Veggie,Medium,1,9.5,9.5
11453,2024-05-01,10:53:00,P13,Farmhouse,Specialty,XL,2,26.25,52.5
11454,2024-08-04,13:57:00,P08,Veggie Supreme,Veggie,Medium,1,15.5,15.5
11455,2024-08-24,15:05:00,P01,Margherita,Classic,Medium,3,8.0,24.0
11456,2024-07-07,11:36:00,P14,Mexican Green,Specialty,Medium,1,10.0,10.0
11457,2024-08-28,22:56:00,P10,Four Cheese,Cheese,Large,2,15.62,31.24
11458,2024-07-03,12:36:00,P10,Four Cheese,Cheese,Small,1,10.62,10.62
11459,2024-08-10,12:54:00,P03,Hawaiian,Classic,Large,3,20.0,60.0
11460,2024-02-14,10:14:00,P10,Four Cheese,Cheese,Medium,1,12.5,12.5
11461,2024-01-05,15:45:00,P05,Chicken Supreme,Chicken,Small,3,14.45,43.35
11462,2024-01-11,21:13:00,P10,Four Cheese,Cheese,Large,3,15.62,46.86
11463,2024-02-08,12:54:00,P02,Pepperoni,Classic,Medium,1,12.0,12.0
11464,2024-02-11,20:29:00,P10,Four Cheese,Cheese,Medium,2,12.5,25.0
11465,2024-01-05,13:21:00,P15,Truffle Mushroom,Specialty,Large,4,23.75,95.0
11466,2024-07-23,21:50:00,P01,Margherita,Classic,Medium,1,8.0,8.0
11467,2024-07-05,14:24:00,P15,Truffle Mushroom,Specialty,Large,1,23.75,23.75
11468,2024-04-25,14:27:00,P05,Chicken Supreme,Chicken,Medium,1,17.0,17.0
11469,2024-07-10,18:03:00,P13,Farmhouse,Specialty,Large,1,21.88,21.88
11470,2024-08-08,12:22:00,P12,Paneer Tikka,Specialty,Large,1,16.25,16.25
11471,2024-01-07,17:51:00,P08,Veggie Supreme,Veggie,Small,1,13.17,13.17
11472,2024-02-21,18:57:00,P11,Cheese Burst,Cheese,Large,1,20.62,20.62
11473,2024-01-23,12:08:00,P13,Farmhouse,Specialty,Medium,1,17.5,17.5
11474,2024-11-04,13:48:00,P05,Chicken Supreme,Chicken,Small,1,14.45,14.45
11475,2024-02-17,20:17:00,P04,BBQ Chicken,Chicken,Medium,3,13.5,40.5
11476,2024-04-18,16:34:00,P10,Four Cheese,Cheese,Small,2,10.62,21.24
11477,2024-01-31,15:55:00,P12,Paneer Tikka,Specialty,Large,1,16.25,16.25
11478,2024-12-20,22:27:00,P11,Cheese Burst,Cheese,Medium,2,16.5,33.0
11479,2024-01-05,15:16:00,P12,Paneer Tikka,Specialty,XL,2,19.5,39.0
11480,2024-07-14,19:26:00,P06,Buffalo Chicken,Chicken,Medium,3,10.5,31.5
11481,2024-05-06,16:22:00,P12,Paneer Tikka,Specialty,Medium,1,13.0,13.0
11482,2024-11-26,14:07:00,P02,Pepperoni,Classic,Medium,1,12.0,12.0
11483,2024-01-08,14:04:00,P08,Veggie Supreme,Veggie,Medium,3,15.5,46.5
11484,2024-07-17,15:35:00,P01,Margherita,Classic,Large,3,10.0,30.0
11485,2024-06-27,11:47:00,P04,BBQ Chicken,Chicken,Large,2,16.88,33.76
11486,2024-01-12,19:54:00,P05,Chicken Supreme,Chicken,Large,2,21.25,42.5
11487,2024-10-08,15:55:00,P05,Chicken Supreme,Chicken,Large,1,21.25,21.25
11488,2024-07-08,15:22:00,P10,Four Cheese,Cheese,Small,1,10.62,10.62
11489,2024-09-14,19:13:00,P05,Chicken Supreme,Chicken,Medium,1,17.0,17.0
11490,2024-03-22,15:56:00,P06,Buffalo Chicken,Chicken,Large,1,13.12,13.12
11491,2024-10-14,12:58:00,P03,Hawaiian,Classic,Medium,2,16.0,32.0
11492,2024-01-30,22:39:00,P05,Chicken Supreme,Chicken,Medium,1,17.0,17.0
11493,2024-01-31,14:44:00,P03,Hawaiian,Classic,Medium,1,16.0,16.0
11494,2024-04-11,15:58:00,P01,Margherita,Classic,Medium,3,8.0,24.0
11495,2024-01-28,19:58:00,P09,Spinach Feta,Veggie,Medium,1,9.5,9.5
11496,2024-03-01,12:42:00,P10,Four Cheese,Cheese,Large,4,15.62,62.48
11497,2024-09-28,14:43:00,P09,Spinach Feta,Veggie,Medium,4,9.5,38.0
11498,2024-04-22,11:09:00,P06,Buffalo Chicken,Chicken,Small,1,8.92,8.92
11499,2024-01-19,13:28:00,P05,Chicken Supreme,Chicken,Small,1,14.45,14.45
11500,2024-08-04,10:50:00,P13,Farmhouse,Specialty,Large,1,21.88,21.88
11501,2024-07-09,22:15:00,P07,Veggie Garden,Veggie,XL,1,17.25,17.25
11502,2024-06-11,13:58:00,P07,Veggie Garden,Veggie,Large,1,14.38,14.38
11503,2024-10-21,12:08:00,P01,Margherita,Classic,Medium,1,8.0,8.0
11504,2024-08-19,22:49:00,P04,BBQ Chicken,Chicken,Large,4,16.88,67.52
11505,2024-11-04,13:59:00,P05,Chicken Supreme,Chicken,Large,1,21.25,21.25
11506,2024-06-05,14:02:00,P05,Chicken Supreme,Chicken,Large,2,21.25,42.5
11507,2024-11-25,20:16:00,P08,Veggie Supreme,Veggie,Large,1,19.38,19.38
11508,2024-07-18,13:59:00,P07,Veggie Garden,Veggie,Medium,1,11.5,11.5
11509,2024-03-08,18:57:00,P09,Spinach Feta,Veggie,Medium,3,9.5,28.5
11510,2024-04-14,14:04:00,P11,Cheese Burst,Cheese,Medium,1,16.5,16.5
11511,2024-05-21,15:15:00,P12,Paneer Tikka,Specialty,Medium,1,13.0,13.0
11512,2024-12-08,21:30:00,P10,Four Cheese,Cheese,Large,2,15.62,31.24
11513,2024-06-22,21:40:00,P14,Mexican Green,Specialty,Large,2,12.5,25.0
11514,2024-04-28,12:11:00,P01,Margherita,Classic,Large,2,10.0,20.0
11515,2024-04-18,16:12:00,P02,Pepperoni,Classic,Medium,1,12.0,12.0
11516,2024-09-14,13:54:00,P01,Margherita,Classic,Small,1,6.8,6.8
11517,2024-12-16,18:20:00,P10,Four Cheese,Cheese,Small,3,10.62,31.86
11518,2024-09-11,17:38:00,P13,Farmhouse,Specialty,Medium,3,17.5,52.5
11519,2024-06-13,22:18:00,P03,Hawaiian,Classic,Medium,1,16.0,16.0
11520,2024-02-04,22:37:00,P14,Mexican Green,Specialty,Medium,2,10.0,20.0
11521,2024-03-30,20:35:00,P01,Margherita,Classic,Small,1,6.8,6.8
11522,2024-03-08,12:44:00,P14,Mexican Green,Specialty,XL,1,15.0,15.0
11523,2024-04-20,21:31:00,P04,BBQ Chicken,Chicken,Medium,1,13.5,13.5
11524,2024-06-23,19:42:00,P02,Pepperoni,Classic,Large,1,15.0,15.0
11525,2024-12-28,22:43:00,P07,Veggie Garden,Veggie,Medium,1,11.5,11.5
11526,2024-10-20,22:54:00,P03,Hawaiian,Classic,Small,1,13.6,13.6
11527,2024-02-21,12:18:00,P04,BBQ Chicken,Chicken,Large,1,16.88,16.88
11528,2024-02-04,18:58:00,P04,BBQ Chicken,Chicken,Large,2,16.88,33.76
11529,2024-08-06,21:30:00,P12,Paneer Tikka,Specialty,Medium,2,13.0,26.0
11530,2024-09-15,12:23:00,P08,Veggie Supreme,Veggie,Medium,2,15.5,31.0
11531,2024-11-03,16:50:00,P04,BBQ Chicken,Chicken,Small,3,11.47,34.41
11532,2024-02-25,12:20:00,P09,Spinach Feta,Veggie,Large,1,11.88,11.88
11533,2024-04-17,14:05:00,P10,Four Cheese,Cheese,Large,1,15.62,15.62
11534,2024-08-18,11:17:00,P03,Hawaiian,Classic,Small,2,13.6,27.2
11535,2024-08-04,19:48:00,P05,Chicken Supreme,Chicken,Medium,1,17.0,17.0
11536,2024-06-26,11:30:00,P02,Pepperoni,Classic,Large,1,15.0,15.0
11537,2024-07-10,22:14:00,P02,Pepperoni,Classic,Medium,1,12.0,12.0
11538,2024-11-09,16:37:00,P10,Four Cheese,Cheese,Large,3,15.62,46.86
11539,2024-02-10,20:14:00,P02,Pepperoni,Classic,Medium,1,12.0,12.0
11540,2024-03-27,12:18:00,P07,Veggie Garden,Veggie,Medium,3,11.5,34.5
11541,2024-01-01,17:48:00,P10,Four Cheese,Cheese,Medium,1,12.5,12.5
11542,2024-03-15,11:10:00,P02,Pepperoni,Classic,Medium,2,12.0,24.0
11543,2024-08-18,10:11:00,P08,Veggie Supreme,Veggie,Small,2,13.17,26.34
11544,2024-09-16,18:07:00,P03,Hawaiian,Classic,Large,2,20.0,40.0
11545,2024-04-03,22:39:00,P14,Mexican Green,Specialty,Large,1,12.5,12.5
11546,2024-12-17,21:34:00,P07,Veggie Garden,Veggie,Large,1,14.38,14.38
11547,2024-04-04,13:26:00,P12,Paneer Tikka,Specialty,Medium,2,13.0,26.0
11548,2024-02-13,17:58:00,P08,Veggie Supreme,Veggie,Medium,1,15.5,15.5
11549,2024-01-23,16:41:00,P01,Margherita,Classic,Small,1,6.8,6.8
11550,2024-07-04,16:32:00,P09,Spinach Feta,Veggie,Large,1,11.88,11.88
11551,2024-11-28,16:51:00,P14,Mexican Green,Specialty,Medium,3,10.0,30.0
11552,2024-11-11,12:15:00,P09,Spinach Feta,Veggie,Medium,1,9.5,9.5
11553,2024-07-07,14:49:00,P12,Paneer Tikka,Specialty,Small,2,11.05,22.1
11554,2024-04-13,21:59:00,P13,Farmhouse,Specialty,Small,1,14.88,14.88
11555,2024-12-10,14:02:00,P03,Hawaiian,Classic,Medium,1,16.0,16.0
11556,2024-09-22,16:16:00,P03,Hawaiian,Classic,Large,2,20.0,40.0
11557,2024-06-18,12:24:00,P09,Spinach Feta,Veggie,Large,1,11.88,11.88
11558,2024-07-12,20:45:00,P05,Chicken Supreme,Chicken,Large,1,21.25,21.25
11559,2024-05-02,10:03:00,P12,Paneer Tikka,Specialty,Large,2,16.25,32.5
11560,2024-07-06,19:31:00,P13,Farmhouse,Specialty,Large,2,21.88,43.76
11561,2024-01-29,15:46:00,P04,BBQ Chicken,Chicken,Medium,1,13.5,13.5
11562,2024-03-17,16:30:00,P03,Hawaiian,Classic,Medium,3,16.0,48.0
11563,2024-11-02,18:35:00,P11,Cheese Burst,Cheese,Large,2,20.62,41.24
11564,2024-09-01,17:30:00,P04,BBQ Chicken,Chicken,Medium,3,13.5,40.5
11565,2024-07-06,12:23:00,P12,Paneer Tikka,Specialty,Medium,1,13.0,13.0
11566,2024-06-06,20:48:00,P06,Buffalo Chicken,Chicken,Medium,1,10.5,10.5
11567,2024-10-22,22:46:00,P10,Four Cheese,Cheese,Medium,3,12.5,37.5
11568,2024-06-23,21:25:00,P02,Pepperoni,Classic,Medium,3,12.0,36.0
11569,2024-02-25,15:20:00,P09,Spinach Feta,Veggie,Small,1,8.07,8.07
11570,2024-09-21,15:46:00,P06,Buffalo Chicken,Chicken,Medium,1,10.5,10.5
11571,2024-11-16,21:05:00,P08,Veggie Supreme,Veggie,Large,1,19.38,19.38
11572,2024-08-01,12:53:00,P02,Pepperoni,Classic,Medium,1,12.0,12.0
11573,2024-02-07,10:44:00,P11,Cheese Burst,Cheese,Large,1,20.62,20.62
11574,2024-04-14,17:30:00,P13,Farmhouse,Specialty,Medium,1,17.5,17.5
11575,2024-05-09,14:30:00,P03,Hawaiian,Classic,Small,2,13.6,27.2
11576,2024-07-12,20:32:00,P02,Pepperoni,Classic,Medium,1,12.0,12.0
11577,2024-12-06,20:30:00,P01,Margherita,Classic,Medium,2,8.0,16.0
11578,2024-01-26,16:20:00,P09,Spinach Feta,Veggie,Large,1,11.88,11.88
11579,2024-03-20,16:21:00,P09,Spinach Feta,Veggie,Large,1,11.88,11.88
11580,2024-07-17,11:36:00,P08,Veggie Supreme,Veggie,Large,1,19.38,19.38
11581,2024-01-14,17:28:00,P03,Hawaiian,Classic,Large,1,20.0,20.0
11582,2024-12-29,16:37:00,P05,Chicken Supreme,Chicken,Medium,2,17.0,34.0
11583,2024-06-21,15:43:00,P08,Veggie Supreme,Veggie,Medium,3,15.5,46.5
11584,2024-03-21,10:38:00,P07,Veggie Garden,Veggie,Medium,1,11.5,11.5
11585,2024-02-04,15:59:00,P15,Truffle Mushroom,Specialty,Small,1,16.15,16.15
11586,2024-08-11,14:02:00,P02,Pepperoni,Classic,Medium,1,12.0,12.0
11587,2024-12-16,16:08:00,P10,Four Cheese,Cheese,Medium,3,12.5,37.5
11588,2024-03-09,21:14:00,P05,Chicken Supreme,Chicken,Medium,2,17.0,34.0
11589,2024-08-21,20:39:00,P06,Buffalo Chicken,Chicken,Small,1,8.92,8.92
11590,2024-12-03,15:48:00,P10,Four Cheese,Cheese,Small,2,10.62,21.24
11591,2024-02-23,13:20:00,P10,Four Cheese,Cheese,Large,2,15.62,31.24
11592,2024-06-23,19:22:00,P15,Truffle Mushroom,Specialty,Medium,1,19.0,19.0
11593,2024-12-30,15:00:00,P02,Pepperoni,Classic,Large,1,15.0,15.0
11594,2024-03-29,15:53:00,P02,Pepperoni,Classic,Large,3,15.0,45.0
11595,2024-12-26,21:57:00,P10,Four Cheese,Cheese,Small,2,10.62,21.24
11596,2024-08-16,20:21:00,P08,Veggie Supreme,Veggie,Medium,1,15.5,15.5
11597,2024-09-03,18:52:00,P04,BBQ Chicken,Chicken,Small,1,11.47,11.47
11598,2024-11-09,13:15:00,P01,Margherita,Classic,Large,1,10.0,10.0
11599,2024-07-02,22:49:00,P01,Margherita,Classic,Large,1,10.0,10.0
11600,2024-03-30,17:01:00,P13,Farmhouse,Specialty,Medium,2,17.5,35.0
11601,2024-03-14,22:14:00,P02,Pepperoni,Classic,Medium,1,12.0,12.0
11602,2024-11-24,20:07:00,P04,BBQ Chicken,Chicken,XL,2,20.25,40.5
11603,2024-07-16,13:49:00,P03,Hawaiian,Classic,Medium,2,16.0,32.0
11604,2024-12-09,12:25:00,P05,Chicken Supreme,Chicken,Large,1,21.25,21.25
11605,2024-02-05,14:12:00,P01,Margherita,Classic,Medium,1,8.0,8.0
11606,2024-11-03,20:07:00,P07,Veggie Garden,Veggie,Medium,1,11.5,11.5
11607,2024-02-26,10:01:00,P01,Margherita,Classic,Large,2,10.0,20.0
11608,2024-03-04,21:51:00,P12,Paneer Tikka,Specialty,Large,1,16.25,16.25
11609,2024-09-23,15:31:00,P03,Hawaiian,Classic,Large,2,20.0,40.0
11610,2024-11-27,14:28:00,P08,Veggie Supreme,Veggie,Medium,3,15.5,46.5
11611,2024-07-01,21:21:00,P13,Farmhouse,Specialty,Medium,1,17.5,17.5
11612,2024-05-21,12:04:00,P10,Four Cheese,Cheese,Large,3,15.62,46.86
11613,2024-04-08,18:49:00,P07,Veggie Garden,Veggie,Medium,4,11.5,46.0
11614,2024-04-11,18:57:00,P04,BBQ Chicken,Chicken,Medium,1,13.5,13.5
11615,2024-03-11,14:17:00,P04,BBQ Chicken,Chicken,Large,1,16.88,16.88
11616,2024-09-22,21:01:00,P10,Four Cheese,Cheese,Medium,3,12.5,37.5
11617,2024-02-29,22:07:00,P15,Truffle Mushroom,Specialty,Medium,3,19.0,57.0
11618,2024-04-28,16:34:00,P10,Four Cheese,Cheese,Large,1,15.62,15.62
11619,2024-11-23,14:32:00,P08,Veggie Supreme,Veggie,XL,1,23.25,23.25
11620,2024-10-29,10:11:00,P11,Cheese Burst,Cheese,Medium,1,16.5,16.5
11621,2024-07-21,13:33:00,P07,Veggie Garden,Veggie,Medium,4,11.5,46.0
11622,2024-03-27,22:02:00,P01,Margherita,Classic,Large,1,10.0,10.0
11623,2024-11-19,18:49:00,P08,Veggie Supreme,Veggie,Large,1,19.38,19.38
11624,2024-02-02,12:03:00,P14,Mexican Green,Specialty,Large,2,12.5,25.0
11625,2024-10-12,15:48:00,P02,Pepperoni,Classic,Medium,1,12.0,12.0
11626,2024-10-12,17:17:00,P10,Four Cheese,Cheese,Medium,1,12.5,12.5
11627,2024-05-23,14:05:00,P03,Hawaiian,Classic,Medium,1,16.0,16.0
11628,2024-10-06,12:27:00,P07,Veggie Garden,Veggie,Large,2,14.38,28.76
11629,2024-08-11,18:27:00,P02,Pepperoni,Classic,Large,1,15.0,15.0
11630,2024-10-03,17:35:00,P06,Buffalo Chicken,Chicken,Small,2,8.92,17.84
11631,2024-05-03,18:39:00,P11,Cheese Burst,Cheese,Medium,2,16.5,33.0
11632,2024-06-27,10:52:00,P04,BBQ Chicken,Chicken,Medium,1,13.5,13.5
11633,2024-03-08,19:25:00,P10,Four Cheese,Cheese,XL,1,18.75,18.75
11634,2024-01-03,21:57:00,P12,Paneer Tikka,Specialty,Large,1,16.25,16.25
11635,2024-09-21,12:03:00,P14,Mexican Green,Specialty,Medium,1,10.0,10.0
11636,2024-09-18,18:25:00,P03,Hawaiian,Classic,Small,2,13.6,27.2
11637,2024-03-25,15:02:00,P05,Chicken Supreme,Chicken,Medium,2,17.0,34.0
11638,2024-02-04,11:58:00,P02,Pepperoni,Classic,Small,1,10.2,10.2
11639,2024-02-07,10:56:00,P15,Truffle Mushroom,Specialty,Large,1,23.75,23.75
11640,2024-07-21,19:35:00,P14,Mexican Green,Specialty,Large,1,12.5,12.5
11641,2024-10-27,21:53:00,P08,Veggie Supreme,Veggie,Medium,2,15.5,31.0
11642,2024-08-30,22:34:00,P12,Paneer Tikka,Specialty,Medium,1,13.0,13.0
11643,2024-12-05,14:33:00,P07,Veggie Garden,Veggie,Large,1,14.38,14.38
11644,2024-07-05,10:52:00,P09,Spinach Feta,Veggie,Medium,1,9.5,9.5
11645,2024-10-25,10:18:00,P01,Margherita,Classic,Medium,1,8.0,8.0
11646,2024-09-20,20:07:00,P11,Cheese Burst,Cheese,Large,1,20.62,20.62
11647,2024-06-01,10:19:00,P02,Pepperoni,Classic,Large,1,15.0,15.0
11648,2024-02-07,16:52:00,P12,Paneer Tikka,Specialty,Large,1,16.25,16.25
11649,2024-08-22,19:07:00,P12,Paneer Tikka,Specialty,Medium,2,13.0,26.0
11650,2024-12-27,15:42:00,P10,Four Cheese,Cheese,Small,1,10.62,10.62
11651,2024-10-02,10:10:00,P01,Margherita,Classic,Small,1,6.8,6.8
11652,2024-05-23,14:41:00,P04,BBQ Chicken,Chicken,Medium,1,13.5,13.5
11653,2024-08-11,19:57:00,P03,Hawaiian,Classic,Large,1,20.0,20.0
11654,2024-02-21,14:51:00,P05,Chicken Supreme,Chicken,Medium,1,17.0,17.0
11655,2024-05-16,12:02:00,P01,Margherita,Classic,Large,1,10.0,10.0
11656,2024-04-04,19:06:00,P14,Mexican Green,Specialty,Medium,1,10.0,10.0
11657,2024-09-14,18:39:00,P08,Veggie Supreme,Veggie,Medium,1,15.5,15.5
11658,2024-11-27,15:29:00,P04,BBQ Chicken,Chicken,XL,1,20.25,20.25
11659,2024-08-08,18:10:00,P05,Chicken Supreme,Chicken,Medium,1,17.0,17.0
11660,2024-12-08,10:12:00,P06,Buffalo Chicken,Chicken,Medium,3,10.5,31.5
11661,2024-03-17,15:02:00,P09,Spinach Feta,Veggie,Medium,1,9.5,9.5
11662,2024-02-11,16:53:00,P07,Veggie Garden,Veggie,Small,1,9.78,9.78
11663,2024-09-01,12:13:00,P14,Mexican Green,Specialty,Medium,1,10.0,10.0
11664,2024-11-15,13:30:00,P07,Veggie Garden,Veggie,Medium,1,11.5,11.5
11665,2024-05-04,22:26:00,P15,Truffle Mushroom,Specialty,Large,1,23.75,23.75
11666,2024-11-10,10:24:00,P12,Paneer Tikka,Specialty,Large,1,16.25,16.25
11667,2024-10-19,11:43:00,P03,Hawaiian,Classic,Medium,2,16.0,32.0
11668,2024-07-21,18:59:00,P14,Mexican Green,Specialty,Small,1,8.5,8.5
11669,2024-11-22,17:02:00,P02,Pepperoni,Classic,Medium,1,12.0,12.0
11670,2024-06-24,16:26:00,P12,Paneer Tikka,Specialty,Small,2,11.05,22.1
11671,2024-07-11,15:25:00,P05,Chicken Supreme,Chicken,Medium,3,17.0,51.0
11672,2024-11-21,20:41:00,P13,Farmhouse,Specialty,Large,1,21.88,21.88
11673,2024-09-24,15:50:00,P13,Farmhouse,Specialty,Medium,1,17.5,17.5
11674,2024-06-14,12:09:00,P12,Paneer Tikka,Specialty,Large,1,16.25,16.25
11675,2024-01-09,16:29:00,P12,Paneer Tikka,Specialty,Large,1,16.25,16.25
11676,2024-02-21,12:21:00,P04,BBQ Chicken,Chicken,Large,1,16.88,16.88
11677,2024-08-26,18:18:00,P01,Margherita,Classic,Medium,1,8.0,8.0
11678,2024-03-12,15:03:00,P05,Chicken Supreme,Chicken,Medium,2,17.0,34.0
11679,2024-01-05,12:45:00,P02,Pepperoni,Classic,Large,1,15.0,15.0
11680,2024-04-30,22:18:00,P10,Four Cheese,Cheese,Medium,1,12.5,12.5
11681,2024-09-18,14:57:00,P04,BBQ Chicken,Chicken,Large,1,16.88,16.88
11682,2024-02-12,17:04:00,P15,Truffle Mushroom,Specialty,Small,2,16.15,32.3
11683,2024-03-12,20:36:00,P09,Spinach Feta,Veggie,Small,1,8.07,8.07
11684,2024-11-09,22:37:00,P12,Paneer Tikka,Specialty,Large,1,16.25,16.25
11685,2024-10-19,11:25:00,P02,Pepperoni,Classic,Large,1,15.0,15.0
11686,2024-06-18,15:45:00,P13,Farmhouse,Specialty,Large,1,21.88,21.88
11687,2024-05-30,12:02:00,P14,Mexican Green,Specialty,Large,1,12.5,12.5
11688,2024-09-24,16:46:00,P07,Veggie Garden,Veggie,Small,1,9.78,9.78
11689,2024-05-18,19:51:00,P09,Spinach Feta,Veggie,Medium,1,9.5,9.5
11690,2024-08-26,11:56:00,P11,Cheese Burst,Cheese,Large,1,20.62,20.62
11691,2024-07-10,22:56:00,P02,Pepperoni,Classic,Small,1,10.2,10.2
11692,2024-07-16,11:50:00,P07,Veggie Garden,Veggie,Large,2,14.38,28.76
11693,2024-12-22,20:10:00,P05,Chicken Supreme,Chicken,Medium,1,17.0,17.0
11694,2024-09-09,18:57:00,P02,Pepperoni,Classic,Small,1,10.2,10.2
11695,2024-01-19,11:57:00,P05,Chicken Supreme,Chicken,Medium,1,17.0,17.0
11696,2024-03-12,16:11:00,P01,Margherita,Classic,Medium,1,8.0,8.0
11697,2024-06-17,12:05:00,P01,Margherita,Classic,Large,3,10.0,30.0
11698,2024-05-28,14:25:00,P02,Pepperoni,Classic,Large,1,15.0,15.0
11699,2024-09-04,10:16:00,P14,Mexican Green,Specialty,Medium,1,10.0,10.0
11700,2024-08-14,20:49:00,P08,Veggie Supreme,Veggie,Medium,1,15.5,15.5
11701,2024-04-23,11:35:00,P15,Truffle Mushroom,Specialty,Medium,3,19.0,57.0
11702,2024-11-16,19:30:00,P06,Buffalo Chicken,Chicken,Small,2,8.92,17.84
11703,2024-04-30,14:04:00,P04,BBQ Chicken,Chicken,Medium,1,13.5,13.5
11704,2024-10-23,14:12:00,P07,Veggie Garden,Veggie,Small,1,9.78,9.78
11705,2024-02-14,20:23:00,P06,Buffalo Chicken,Chicken,Medium,1,10.5,10.5
11706,2024-01-27,10:48:00,P02,Pepperoni,Classic,Medium,1,12.0,12.0
11707,2024-12-05,17:02:00,P09,Spinach Feta,Veggie,Medium,2,9.5,19.0
11708,2024-02-18,20:43:00,P03,Hawaiian,Classic,Small,1,13.6,13.6
11709,2024-04-30,18:24:00,P09,Spinach Feta,Veggie,Medium,1,9.5,9.5
11710,2024-08-04,11:13:00,P10,Four Cheese,Cheese,Medium,2,12.5,25.0
11711,2024-03-02,20:26:00,P02,Pepperoni,Classic,Small,2,10.2,20.4
11712,2024-08-27,20:03:00,P01,Margherita,Classic,Large,1,10.0,10.0
11713,2024-08-29,16:10:00,P11,Cheese Burst,Cheese,Small,2,14.03,28.06
11714,2024-08-27,12:24:00,P06,Buffalo Chicken,Chicken,Large,1,13.12,13.12
11715,2024-07-10,16:23:00,P01,Margherita,Classic,Small,3,6.8,20.4
11716,2024-09-21,17:38:00,P15,Truffle Mushroom,Specialty,Large,2,23.75,47.5
11717,2024-12-16,18:58:00,P01,Margherita,Classic,Small,1,6.8,6.8
11718,2024-01-17,20:30:00,P10,Four Cheese,Cheese,Large,2,15.62,31.24
11719,2024-05-11,14:07:00,P15,Truffle Mushroom,Specialty,Medium,3,19.0,57.0
11720,2024-02-11,10:05:00,P03,Hawaiian,Classic,Large,1,20.0,20.0
11721,2024-11-24,19:07:00,P02,Pepperoni,Classic,Medium,1,12.0,12.0
11722,2024-10-14,11:22:00,P02,Pepperoni,Classic,Small,2,10.2,20.4
11723,2024-03-09,11:26:00,P04,BBQ Chicken,Chicken,Large,1,16.88,16.88
11724,2024-08-12,11:58:00,P02,Pepperoni,Classic,Small,1,10.2,10.2
11725,2024-08-21,15:58:00,P10,Four Cheese,Cheese,Large,2,15.62,31.24
11726,2024-02-20,14:30:00,P01,Margherita,Classic,Small,2,6.8,13.6
11727,2024-03-15,11:27:00,P07,Veggie Garden,Veggie,Medium,1,11.5,11.5
11728,2024-03-08,20:41:00,P15,Truffle Mushroom,Specialty,Large,1,23.75,23.75
11729,2024-05-23,21:21:00,P12,Paneer Tikka,Specialty,Medium,1,13.0,13.0
11730,2024-08-14,20:55:00,P09,Spinach Feta,Veggie,Medium,1,9.5,9.5
11731,2024-03-20,17:34:00,P04,BBQ Chicken,Chicken,Large,1,16.88,16.88
11732,2024-01-28,18:41:00,P09,Spinach Feta,Veggie,Large,2,11.88,23.76
11733,2024-04-02,14:47:00,P07,Veggie Garden,Veggie,Large,1,14.38,14.38
11734,2024-12-10,16:30:00,P06,Buffalo Chicken,Chicken,Medium,1,10.5,10.5
11735,2024-05-22,19:34:00,P02,Pepperoni,Classic,Medium,1,12.0,12.0
11736,2024-12-23,19:49:00,P13,Farmhouse,Specialty,Medium,4,17.5,70.0
11737,2024-08-01,21:04:00,P06,Buffalo Chicken,Chicken,Medium,1,10.5,10.5
11738,2024-09-25,12:14:00,P02,Pepperoni,Classic,Large,1,15.0,15.0
11739,2024-08-31,20:29:00,P05,Chicken Supreme,Chicken,Medium,1,17.0,17.0
11740,2024-01-06,18:27:00,P05,Chicken Supreme,Chicken,Medium,1,17.0,17.0
11741,2024-05-29,13:14:00,P12,Paneer Tikka,Specialty,Medium,1,13.0,13.0
11742,2024-10-08,11:08:00,P11,Cheese Burst,Cheese,Large,1,20.62,20.62
11743,2024-11-13,13:03:00,P11,Cheese Burst,Cheese,Large,1,20.62,20.62
11744,2024-10-30,11:04:00,P01,Margherita,Classic,Large,1,10.0,10.0
11745,2024-05-13,19:53:00,P05,Chicken Supreme,Chicken,Medium,1,17.0,17.0
11746,2024-11-02,21:30:00,P07,Veggie Garden,Veggie,Large,1,14.38,14.38
11747,2024-05-05,18:06:00,P01,Margherita,Classic,Medium,1,8.0,8.0
11748,2024-07-24,12:19:00,P03,Hawaiian,Classic,Small,1,13.6,13.6
11749,2024-07-01,20:55:00,P11,Cheese Burst,Cheese,Small,1,14.03,14.03
11750,2024-08-15,21:17:00,P02,Pepperoni,Classic,Small,1,10.2,10.2
11751,2024-02-27,17:48:00,P07,Veggie Garden,Veggie,Medium,1,11.5,11.5
11752,2024-12-10,17:34:00,P03,Hawaiian,Classic,Large,1,20.0,20.0
11753,2024-01-26,13:41:00,P01,Margherita,Classic,Medium,1,8.0,8.0
11754,2024-08-27,13:33:00,P03,Hawaiian,Classic,Medium,1,16.0,16.0
11755,2024-11-27,20:41:00,P15,Truffle Mushroom,Specialty,Large,3,23.75,71.25
11756,2024-05-12,22:43:00,P12,Paneer Tikka,Specialty,Large,2,16.25,32.5
11757,2024-02-04,21:26:00,P14,Mexican Green,Specialty,Large,1,12.5,12.5
11758,2024-01-01,11:42:00,P07,Veggie Garden,Veggie,Medium,1,11.5,11.5
11759,2024-10-14,21:38:00,P02,Pepperoni,Classic,Small,1,10.2,10.2
11760,2024-02-02,21:12:00,P08,Veggie Supreme,Veggie,Small,1,13.17,13.17
11761,2024-04-18,11:29:00,P06,Buffalo Chicken,Chicken,Small,1,8.92,8.92
11762,2024-09-22,16:32:00,P12,Paneer Tikka,Specialty,Medium,2,13.0,26.0
11763,2024-02-08,22:55:00,P02,Pepperoni,Classic,Medium,1,12.0,12.0
11764,2024-06-10,13:38:00,P07,Veggie Garden,Veggie,Small,3,9.78,29.34
11765,2024-07-27,15:04:00,P02,Pepperoni,Classic,Small,1,10.2,10.2
11766,2024-05-18,15:31:00,P04,BBQ Chicken,Chicken,Medium,2,13.5,27.0
11767,2024-05-18,10:31:00,P11,Cheese Burst,Cheese,Medium,2,16.5,33.0
11768,2024-03-23,20:31:00,P07,Veggie Garden,Veggie,Medium,1,11.5,11.5
11769,2024-11-12,18:27:00,P05,Chicken Supreme,Chicken,Medium,1,17.0,17.0
11770,2024-03-31,19:56:00,P05,Chicken Supreme,Chicken,Medium,1,17.0,17.0
11771,2024-10-21,11:16:00,P06,Buffalo Chicken,Chicken,Medium,1,10.5,10.5
11772,2024-01-01,22:31:00,P12,Paneer Tikka,Specialty,Small,1,11.05,11.05
11773,2024-05-04,19:17:00,P13,Farmhouse,Specialty,Medium,1,17.5,17.5
11774,2024-08-31,17:04:00,P14,Mexican Green,Specialty,Large,1,12.5,12.5
11775,2024-01-16,14:53:00,P12,Paneer Tikka,Specialty,XL,3,19.5,58.5
11776,2024-05-20,21:15:00,P04,BBQ Chicken,Chicken,Medium,1,13.5,13.5
11777,2024-03-19,14:20:00,P10,Four Cheese,Cheese,Large,4,15.62,62.48
11778,2024-05-06,16:37:00,P06,Buffalo Chicken,Chicken,Medium,1,10.5,10.5
11779,2024-06-05,22:31:00,P03,Hawaiian,Classic,Small,2,13.6,27.2
11780,2024-04-21,19:26:00,P12,Paneer Tikka,Specialty,XL,1,19.5,19.5
11781,2024-12-19,22:48:00,P01,Margherita,Classic,Small,1,6.8,6.8
11782,2024-06-09,13:17:00,P13,Farmhouse,Specialty,Large,2,21.88,43.76
11783,2024-07-16,21:43:00,P06,Buffalo Chicken,Chicken,Medium,1,10.5,10.5
11784,2024-09-10,19:55:00,P09,Spinach Feta,Veggie,Medium,2,9.5,19.0
11785,2024-01-20,22:27:00,P10,Four Cheese,Cheese,Medium,1,12.5,12.5
11786,2024-06-10,10:22:00,P13,Farmhouse,Specialty,Medium,1,17.5,17.5
11787,2024-04-24,15:04:00,P09,Spinach Feta,Veggie,Medium,1,9.5,9.5
11788,2024-06-20,11:08:00,P09,Spinach Feta,Veggie,Medium,2,9.5,19.0
11789,2024-10-25,13:41:00,P01,Margherita,Classic,Medium,1,8.0,8.0
11790,2024-11-16,11:40:00,P07,Veggie Garden,Veggie,XL,2,17.25,34.5
11791,2024-11-06,19:17:00,P02,Pepperoni,Classic,Large,3,15.0,45.0
11792,2024-12-08,13:25:00,P11,Cheese Burst,Cheese,Medium,1,16.5,16.5
11793,2024-02-13,13:04:00,P07,Veggie Garden,Veggie,Medium,1,11.5,11.5
11794,2024-10-11,13:46:00,P10,Four Cheese,Cheese,Large,2,15.62,31.24
11795,2024-12-20,15:48:00,P01,Margherita,Classic,Small,1,6.8,6.8
11796,2024-07-18,21:20:00,P01,Margherita,Classic,Medium,1,8.0,8.0
11797,2024-05-15,19:51:00,P10,Four Cheese,Cheese,Medium,1,12.5,12.5
11798,2024-04-25,14:20:00,P01,Margherita,Classic,Large,1,10.0,10.0
11799,2024-06-03,15:04:00,P01,Margherita,Classic,Small,1,6.8,6.8
11800,2024-12-06,22:07:00,P01,Margherita,Classic,Small,1,6.8,6.8
11801,2024-12-07,11:03:00,P14,Mexican Green,Specialty,Medium,2,10.0,20.0
11802,2024-01-04,14:14:00,P11,Cheese Burst,Cheese,Medium,1,16.5,16.5
11803,2024-07-31,20:53:00,P04,BBQ Chicken,Chicken,Medium,1,13.5,13.5
11804,2024-04-29,13:10:00,P04,BBQ Chicken,Chicken,Medium,4,13.5,54.0
11805,2024-01-19,18:18:00,P04,BBQ Chicken,Chicken,Medium,2,13.5,27.0
11806,2024-08-19,19:27:00,P11,Cheese Burst,Cheese,Small,2,14.03,28.06
11807,2024-09-17,18:02:00,P10,Four Cheese,Cheese,Small,1,10.62,10.62
11808,2024-10-08,19:23:00,P02,Pepperoni,Classic,Large,2,15.0,30.0
11809,2024-08-08,22:06:00,P02,Pepperoni,Classic,Large,1,15.0,15.0
11810,2024-12-08,20:41:00,P02,Pepperoni,Classic,Medium,1,12.0,12.0
11811,2024-11-24,21:55:00,P10,Four Cheese,Cheese,Small,1,10.62,10.62
11812,2024-07-16,20:37:00,P11,Cheese Burst,Cheese,Small,1,14.03,14.03
11813,2024-12-06,12:24:00,P03,Hawaiian,Classic,Medium,2,16.0,32.0
11814,2024-08-18,13:21:00,P01,Margherita,Classic,Large,1,10.0,10.0
11815,2024-09-13,11:16:00,P01,Margherita,Classic,Medium,2,8.0,16.0
11816,2024-07-19,18:52:00,P15,Truffle Mushroom,Specialty,Large,2,23.75,47.5
11817,2024-12-09,19:19:00,P04,BBQ Chicken,Chicken,Large,1,16.88,16.88
11818,2024-07-27,22:28:00,P11,Cheese Burst,Cheese,Large,1,20.62,20.62
11819,2024-02-05,16:26:00,P09,Spinach Feta,Veggie,Small,1,8.07,8.07
11820,2024-05-25,11:53:00,P05,Chicken Supreme,Chicken,Medium,1,17.0,17.0
11821,2024-05-16,12:06:00,P03,Hawaiian,Classic,Small,1,13.6,13.6
11822,2024-11-09,18:58:00,P02,Pepperoni,Classic,Large,4,15.0,60.0
11823,2024-08-15,11:30:00,P09,Spinach Feta,Veggie,Large,1,11.88,11.88
11824,2024-09-29,15:52:00,P11,Cheese Burst,Cheese,Medium,1,16.5,16.5
11825,2024-02-08,18:41:00,P09,Spinach Feta,Veggie,Small,3,8.07,24.21
11826,2024-11-10,15:37:00,P07,Veggie Garden,Veggie,Medium,1,11.5,11.5
11827,2024-08-30,22:39:00,P01,Margherita,Classic,Medium,2,8.0,16.0
11828,2024-09-21,10:15:00,P15,Truffle Mushroom,Specialty,Medium,1,19.0,19.0
11829,2024-12-23,16:58:00,P12,Paneer Tikka,Specialty,Medium,1,13.0,13.0
11830,2024-02-16,21:09:00,P04,BBQ Chicken,Chicken,Small,1,11.47,11.47
11831,2024-05-23,20:23:00,P15,Truffle Mushroom,Specialty,Large,1,23.75,23.75
11832,2024-05-15,20:40:00,P09,Spinach Feta,Veggie,Medium,1,9.5,9.5
11833,2024-01-26,16:14:00,P08,Veggie Supreme,Veggie,Medium,2,15.5,31.0
11834,2024-01-15,12:15:00,P11,Cheese Burst,Cheese,Small,1,14.03,14.03
11835,2024-07-25,18:32:00,P12,Paneer Tikka,Specialty,Large,3,16.25,48.75
11836,2024-08-03,15:10:00,P10,Four Cheese,Cheese,Medium,1,12.5,12.5
11837,2024-09-15,18:05:00,P02,Pepperoni,Classic,Large,1,15.0,15.0
11838,2024-10-13,16:15:00,P04,BBQ Chicken,Chicken,Medium,1,13.5,13.5
11839,2024-03-15,11:16:00,P14,Mexican Green,Specialty,Large,3,12.5,37.5
11840,2024-06-25,12:58:00,P03,Hawaiian,Classic,Large,1,20.0,20.0
11841,2024-11-06,19:07:00,P05,Chicken Supreme,Chicken,Medium,1,17.0,17.0
11842,2024-12-21,17:57:00,P06,Buffalo Chicken,Chicken,Large,2,13.12,26.24
11843,2024-08-02,17:29:00,P06,Buffalo Chicken,Chicken,Medium,1,10.5,10.5
11844,2024-10-07,16:27:00,P09,Spinach Feta,Veggie,Medium,3,9.5,28.5
11845,2024-12-26,11:58:00,P14,Mexican Green,Specialty,Small,1,8.5,8.5
11846,2024-12-02,10:26:00,P03,Hawaiian,Classic,Medium,2,16.0,32.0
11847,2024-01-07,17:02:00,P02,Pepperoni,Classic,Large,3,15.0,45.0
11848,2024-12-15,10:50:00,P02,Pepperoni,Classic,Large,2,15.0,30.0
11849,2024-04-07,15:42:00,P13,Farmhouse,Specialty,Small,1,14.88,14.88
11850,2024-07-01,18:52:00,P10,Four Cheese,Cheese,Medium,1,12.5,12.5
11851,2024-08-15,10:42:00,P04,BBQ Chicken,Chicken,Small,3,11.47,34.41
11852,2024-12-23,20:07:00,P12,Paneer Tikka,Specialty,Large,1,16.25,16.25
11853,2024-01-01,14:57:00,P13,Farmhouse,Specialty,Small,1,14.88,14.88
11854,2024-10-03,11:37:00,P12,Paneer Tikka,Specialty,Large,2,16.25,32.5
11855,2024-12-26,15:39:00,P14,Mexican Green,Specialty,Medium,1,10.0,10.0
11856,2024-06-18,11:19:00,P03,Hawaiian,Classic,Medium,1,16.0,16.0
11857,2024-11-11,18:40:00,P11,Cheese Burst,Cheese,Large,1,20.62,20.62
11858,2024-04-24,21:44:00,P06,Buffalo Chicken,Chicken,Medium,1,10.5,10.5
11859,2024-10-15,10:03:00,P12,Paneer Tikka,Specialty,Small,1,11.05,11.05
11860,2024-01-04,20:47:00,P11,Cheese Burst,Cheese,Medium,2,16.5,33.0
11861,2024-09-28,19:05:00,P11,Cheese Burst,Cheese,Small,1,14.03,14.03
11862,2024-10-19,15:41:00,P10,Four Cheese,Cheese,XL,2,18.75,37.5
11863,2024-08-18,16:41:00,P02,Pepperoni,Classic,Medium,2,12.0,24.0
11864,2024-10-12,19:56:00,P08,Veggie Supreme,Veggie,Medium,1,15.5,15.5
11865,2024-01-06,17:01:00,P15,Truffle Mushroom,Specialty,Medium,1,19.0,19.0
11866,2024-06-16,18:51:00,P14,Mexican Green,Specialty,Small,2,8.5,17.0
11867,2024-12-06,11:04:00,P01,Margherita,Classic,Large,1,10.0,10.0
11868,2024-12-10,13:09:00,P02,Pepperoni,Classic,Large,1,15.0,15.0
11869,2024-06-22,16:23:00,P02,Pepperoni,Classic,Large,2,15.0,30.0
11870,2024-10-27,22:09:00,P10,Four Cheese,Cheese,Medium,1,12.5,12.5
11871,2024-11-05,15:12:00,P12,Paneer Tikka,Specialty,Medium,3,13.0,39.0
11872,2024-12-06,20:53:00,P03,Hawaiian,Classic,Small,1,13.6,13.6
11873,2024-01-15,11:57:00,P07,Veggie Garden,Veggie,Large,2,14.38,28.76
11874,2024-04-24,10:19:00,P12,Paneer Tikka,Specialty,Medium,1,13.0,13.0
11875,2024-06-26,15:14:00,P11,Cheese Burst,Cheese,Medium,3,16.5,49.5
11876,2024-04-29,19:21:00,P08,Veggie Supreme,Veggie,Large,1,19.38,19.38
11877,2024-07-19,21:21:00,P08,Veggie Supreme,Veggie,Small,1,13.17,13.17
11878,2024-11-09,16:36:00,P07,Veggie Garden,Veggie,Small,1,9.78,9.78
11879,2024-03-18,17:07:00,P04,BBQ Chicken,Chicken,Small,1,11.47,11.47
11880,2024-08-11,18:27:00,P08,Veggie Supreme,Veggie,Medium,1,15.5,15.5
11881,2024-10-31,18:02:00,P10,Four Cheese,Cheese,Small,1,10.62,10.62
11882,2024-12-24,21:28:00,P13,Farmhouse,Specialty,Medium,1,17.5,17.5
11883,2024-07-13,18:45:00,P09,Spinach Feta,Veggie,Medium,1,9.5,9.5
11884,2024-03-27,16:54:00,P11,Cheese Burst,Cheese,Medium,1,16.5,16.5
11885,2024-06-02,17:27:00,P02,Pepperoni,Classic,Large,2,15.0,30.0
11886,2024-07-28,22:35:00,P06,Buffalo Chicken,Chicken,Medium,2,10.5,21.0
11887,2024-09-11,21:50:00,P01,Margherita,Classic,Large,2,10.0,20.0
11888,2024-03-16,15:59:00,P03,Hawaiian,Classic,Medium,2,16.0,32.0
11889,2024-02-25,17:27:00,P10,Four Cheese,Cheese,Medium,1,12.5,12.5
11890,2024-07-23,10:02:00,P15,Truffle Mushroom,Specialty,Large,1,23.75,23.75
11891,2024-07-09,11:22:00,P02,Pepperoni,Classic,Small,1,10.2,10.2
11892,2024-02-24,13:27:00,P05,Chicken Supreme,Chicken,Medium,2,17.0,34.0
11893,2024-09-20,12:29:00,P12,Paneer Tikka,Specialty,Large,4,16.25,65.0
11894,2024-03-29,14:29:00,P03,Hawaiian,Classic,Medium,1,16.0,16.0
11895,2024-12-15,11:24:00,P08,Veggie Supreme,Veggie,Medium,1,15.5,15.5
11896,2024-02-28,17:37:00,P11,Cheese Burst,Cheese,Medium,1,16.5,16.5
11897,2024-01-28,10:35:00,P09,Spinach Feta,Veggie,Large,1,11.88,11.88
11898,2024-02-20,16:22:00,P02,Pepperoni,Classic,Large,1,15.0,15.0
11899,2024-02-15,19:13:00,P05,Chicken Supreme,Chicken,Small,1,14.45,14.45
11900,2024-04-15,21:23:00,P12,Paneer Tikka,Specialty,Small,3,11.05,33.15
11901,2024-01-07,13:38:00,P08,Veggie Supreme,Veggie,Medium,1,15.5,15.5
11902,2024-11-30,10:02:00,P01,Margherita,Classic,Medium,3,8.0,24.0
11903,2024-09-14,16:56:00,P11,Cheese Burst,Cheese,Medium,2,16.5,33.0
11904,2024-07-26,14:08:00,P01,Margherita,Classic,Medium,2,8.0,16.0
11905,2024-05-19,22:23:00,P11,Cheese Burst,Cheese,Medium,1,16.5,16.5
11906,2024-10-15,20:17:00,P03,Hawaiian,Classic,Small,2,13.6,27.2
11907,2024-04-27,14:14:00,P14,Mexican Green,Specialty,Large,2,12.5,25.0
11908,2024-05-02,16:24:00,P05,Chicken Supreme,Chicken,Small,2,14.45,28.9
11909,2024-05-21,13:39:00,P04,BBQ Chicken,Chicken,Medium,1,13.5,13.5
11910,2024-06-12,12:43:00,P02,Pepperoni,Classic,Medium,4,12.0,48.0
11911,2024-11-30,20:23:00,P04,BBQ Chicken,Chicken,Large,2,16.88,33.76
11912,2024-03-15,21:50:00,P13,Farmhouse,Specialty,Large,2,21.88,43.76
11913,2024-07-16,14:07:00,P15,Truffle Mushroom,Specialty,Large,3,23.75,71.25
11914,2024-11-30,15:51:00,P05,Chicken Supreme,Chicken,Small,1,14.45,14.45
11915,2024-08-11,19:09:00,P06,Buffalo Chicken,Chicken,Large,1,13.12,13.12
11916,2024-01-28,21:42:00,P10,Four Cheese,Cheese,Medium,1,12.5,12.5
11917,2024-12-29,17:36:00,P13,Farmhouse,Specialty,Medium,1,17.5,17.5
11918,2024-09-02,22:09:00,P08,Veggie Supreme,Veggie,Medium,2,15.5,31.0
11919,2024-07-24,14:10:00,P05,Chicken Supreme,Chicken,Large,1,21.25,21.25
11920,2024-04-24,19:39:00,P05,Chicken Supreme,Chicken,Large,1,21.25,21.25
11921,2024-01-19,13:53:00,P10,Four Cheese,Cheese,Large,1,15.62,15.62
11922,2024-09-30,16:52:00,P01,Margherita,Classic,Large,1,10.0,10.0
11923,2024-05-19,19:12:00,P09,Spinach Feta,Veggie,Medium,1,9.5,9.5
11924,2024-01-21,14:28:00,P05,Chicken Supreme,Chicken,Medium,2,17.0,34.0
11925,2024-08-08,11:26:00,P12,Paneer Tikka,Specialty,Small,1,11.05,11.05
11926,2024-01-29,21:57:00,P02,Pepperoni,Classic,Large,1,15.0,15.0
11927,2024-10-01,21:22:00,P08,Veggie Supreme,Veggie,Small,1,13.17,13.17
11928,2024-03-03,13:09:00,P07,Veggie Garden,Veggie,Large,1,14.38,14.38
11929,2024-12-07,16:22:00,P09,Spinach Feta,Veggie,Medium,1,9.5,9.5
11930,2024-01-11,21:30:00,P01,Margherita,Classic,Medium,4,8.0,32.0
11931,2024-03-12,14:38:00,P08,Veggie Supreme,Veggie,Small,1,13.17,13.17
11932,2024-02-17,21:15:00,P08,Veggie Supreme,Veggie,Medium,1,15.5,15.5
11933,2024-04-04,18:47:00,P08,Veggie Supreme,Veggie,Large,1,19.38,19.38
11934,2024-07-26,14:34:00,P09,Spinach Feta,Veggie,Small,2,8.07,16.14
11935,2024-03-17,22:26:00,P10,Four Cheese,Cheese,Medium,1,12.5,12.5
11936,2024-12-25,10:36:00,P12,Paneer Tikka,Specialty,Small,2,11.05,22.1
11937,2024-04-11,22:57:00,P03,Hawaiian,Classic,Medium,1,16.0,16.0
11938,2024-09-09,20:33:00,P12,Paneer Tikka,Specialty,Small,3,11.05,33.15
11939,2024-04-03,15:45:00,P07,Veggie Garden,Veggie,Medium,1,11.5,11.5
11940,2024-08-04,13:34:00,P01,Margherita,Classic,Large,1,10.0,10.0
11941,2024-10-23,11:43:00,P01,Margherita,Classic,Medium,1,8.0,8.0
11942,2024-03-30,20:26:00,P04,BBQ Chicken,Chicken,Medium,1,13.5,13.5
11943,2024-04-18,20:45:00,P12,Paneer Tikka,Specialty,Medium,2,13.0,26.0
11944,2024-04-15,12:28:00,P10,Four Cheese,Cheese,Small,3,10.62,31.86
11945,2024-09-19,11:15:00,P12,Paneer Tikka,Specialty,Medium,1,13.0,13.0
11946,2024-02-18,18:31:00,P07,Veggie Garden,Veggie,Medium,2,11.5,23.0
11947,2024-03-29,21:31:00,P06,Buffalo Chicken,Chicken,Medium,2,10.5,21.0
11948,2024-01-19,12:57:00,P02,Pepperoni,Classic,Large,3,15.0,45.0
11949,2024-02-29,12:49:00,P04,BBQ Chicken,Chicken,Medium,1,13.5,13.5
11950,2024-01-29,20:05:00,P06,Buffalo Chicken,Chicken,Large,1,13.12,13.12
11951,2024-03-23,14:44:00,P01,Margherita,Classic,Large,1,10.0,10.0
11952,2024-07-15,19:34:00,P03,Hawaiian,Classic,Small,2,13.6,27.2
11953,2024-05-26,10:53:00,P08,Veggie Supreme,Veggie,Medium,1,15.5,15.5
11954,2024-02-04,10:12:00,P11,Cheese Burst,Cheese,Medium,1,16.5,16.5
11955,2024-07-24,22:57:00,P15,Truffle Mushroom,Specialty,Small,1,16.15,16.15
11956,2024-02-17,18:42:00,P14,Mexican Green,Specialty,Large,1,12.5,12.5
11957,2024-09-29,14:52:00,P09,Spinach Feta,Veggie,Large,2,11.88,23.76
11958,2024-01-15,11:47:00,P06,Buffalo Chicken,Chicken,Medium,2,10.5,21.0
11959,2024-09-26,22:32:00,P09,Spinach Feta,Veggie,Medium,1,9.5,9.5
11960,2024-06-14,16:10:00,P12,Paneer Tikka,Specialty,Small,2,11.05,22.1
11961,2024-01-11,18:47:00,P02,Pepperoni,Classic,Medium,1,12.0,12.0
11962,2024-09-04,19:02:00,P05,Chicken Supreme,Chicken,Large,1,21.25,21.25
11963,2024-01-25,10:21:00,P12,Paneer Tikka,Specialty,Medium,1,13.0,13.0
11964,2024-08-08,19:33:00,P05,Chicken Supreme,Chicken,Medium,1,17.0,17.0
11965,2024-03-30,18:08:00,P08,Veggie Supreme,Veggie,Large,1,19.38,19.38
11966,2024-02-09,22:10:00,P08,Veggie Supreme,Veggie,Medium,2,15.5,31.0
11967,2024-09-19,15:01:00,P02,Pepperoni,Classic,Medium,1,12.0,12.0
11968,2024-09-12,13:57:00,P05,Chicken Supreme,Chicken,Medium,2,17.0,34.0
11969,2024-11-06,22:53:00,P04,BBQ Chicken,Chicken,Medium,1,13.5,13.5
11970,2024-08-04,22:12:00,P01,Margherita,Classic,Large,1,10.0,10.0
11971,2024-06-20,15:25:00,P01,Margherita,Classic,Large,1,10.0,10.0
11972,2024-05-07,15:13:00,P12,Paneer Tikka,Specialty,Small,1,11.05,11.05
11973,2024-01-24,15:39:00,P04,BBQ Chicken,Chicken,Large,1,16.88,16.88
11974,2024-06-25,14:42:00,P07,Veggie Garden,Veggie,Medium,1,11.5,11.5
11975,2024-11-14,19:09:00,P04,BBQ Chicken,Chicken,Large,1,16.88,16.88
11976,2024-12-27,14:57:00,P14,Mexican Green,Specialty,Large,1,12.5,12.5
11977,2024-09-26,18:06:00,P03,Hawaiian,Classic,Medium,1,16.0,16.0
11978,2024-10-21,19:30:00,P06,Buffalo Chicken,Chicken,Large,2,13.12,26.24
11979,2024-06-26,17:47:00,P13,Farmhouse,Specialty,Small,2,14.88,29.76
11980,2024-11-02,18:46:00,P12,Paneer Tikka,Specialty,Small,1,11.05,11.05
11981,2024-02-07,18:14:00,P02,Pepperoni,Classic,Large,2,15.0,30.0
11982,2024-12-10,16:25:00,P12,Paneer Tikka,Specialty,Large,2,16.25,32.5
11983,2024-09-08,17:17:00,P06,Buffalo Chicken,Chicken,Large,2,13.12,26.24
11984,2024-05-28,12:00:00,P07,Veggie Garden,Veggie,Medium,1,11.5,11.5
11985,2024-09-25,15:31:00,P02,Pepperoni,Classic,Medium,1,12.0,12.0
11986,2024-12-16,18:01:00,P01,Margherita,Classic,Medium,2,8.0,16.0
11987,2024-10-07,14:44:00,P11,Cheese Burst,Cheese,XL,1,24.75,24.75
11988,2024-09-06,15:38:00,P07,Veggie Garden,Veggie,Medium,3,11.5,34.5
11989,2024-01-03,15:21:00,P06,Buffalo Chicken,Chicken,Large,2,13.12,26.24
11990,2024-04-13,10:51:00,P11,Cheese Burst,Cheese,Medium,1,16.5,16.5
11991,2024-10-14,10:55:00,P11,Cheese Burst,Cheese,Medium,1,16.5,16.5
11992,2024-12-03,17:02:00,P02,Pepperoni,Classic,Medium,1,12.0,12.0
11993,2024-03-10,10:54:00,P09,Spinach Feta,Veggie,XL,1,14.25,14.25
11994,2024-09-03,15:30:00,P02,Pepperoni,Classic,Medium,1,12.0,12.0
11995,2024-05-28,10:31:00,P11,Cheese Burst,Cheese,Large,1,20.62,20.62
11996,2024-04-11,17:00:00,P10,Four Cheese,Cheese,Small,1,10.62,10.62
11997,2024-11-17,14:23:00,P14,Mexican Green,Specialty,Medium,1,10.0,10.0
11998,2024-12-12,13:46:00,P01,Margherita,Classic,Large,4,10.0,40.0
11999,2024-11-13,14:41:00,P01,Margherita,Classic,Large,1,10.0,10.0
12000,2024-02-06,12:37:00,P04,BBQ Chicken,Chicken,Large,3,16.88,50.64
12001,2024-06-29,11:45:00,P03,Hawaiian,Classic,Small,3,13.6,40.8
12002,2024-04-03,13:42:00,P03,Hawaiian,Classic,Small,1,13.6,13.6
12003,2024-08-31,16:14:00,P13,Farmhouse,Specialty,Medium,2,17.5,35.0
12004,2024-01-23,18:14:00,P03,Hawaiian,Classic,Small,1,13.6,13.6
12005,2024-05-19,11:05:00,P03,Hawaiian,Classic,XL,2,24.0,48.0
12006,2024-03-22,18:49:00,P11,Cheese Burst,Cheese,Medium,1,16.5,16.5
12007,2024-12-09,15:27:00,P06,Buffalo Chicken,Chicken,Medium,1,10.5,10.5
12008,2024-11-30,12:04:00,P11,Cheese Burst,Cheese,Small,1,14.03,14.03
12009,2024-05-11,10:52:00,P01,Margherita,Classic,Medium,1,8.0,8.0
12010,2024-01-10,21:04:00,P07,Veggie Garden,Veggie,Medium,1,11.5,11.5
12011,2024-05-14,21:22:00,P01,Margherita,Classic,Small,1,6.8,6.8
12012,2024-09-14,13:48:00,P01,Margherita,Classic,Medium,1,8.0,8.0
12013,2024-08-24,14:04:00,P13,Farmhouse,Specialty,Medium,1,17.5,17.5
12014,2024-05-27,19:43:00,P02,Pepperoni,Classic,XL,1,18.0,18.0
12015,2024-04-17,16:05:00,P07,Veggie Garden,Veggie,Medium,1,11.5,11.5
12016,2024-08-08,19:50:00,P05,Chicken Supreme,Chicken,Medium,1,17.0,17.0
12017,2024-03-20,11:30:00,P04,BBQ Chicken,Chicken,XL,1,20.25,20.25
12018,2024-12-21,18:57:00,P13,Farmhouse,Specialty,Large,2,21.88,43.76
12019,2024-06-09,20:18:00,P01,Margherita,Classic,XL,1,12.0,12.0
12020,2024-02-01,18:22:00,P10,Four Cheese,Cheese,XL,2,18.75,37.5
12021,2024-01-03,10:35:00,P14,Mexican Green,Specialty,Medium,1,10.0,10.0
12022,2024-02-17,16:04:00,P08,Veggie Supreme,Veggie,Large,3,19.38,58.14
12023,2024-11-28,20:45:00,P14,Mexican Green,Specialty,Small,1,8.5,8.5
12024,2024-10-04,10:22:00,P01,Margherita,Classic,Medium,1,8.0,8.0
12025,2024-07-10,21:52:00,P06,Buffalo Chicken,Chicken,Large,1,13.12,13.12
12026,2024-02-24,14:20:00,P03,Hawaiian,Classic,Medium,1,16.0,16.0
12027,2024-01-19,14:23:00,P11,Cheese Burst,Cheese,Large,1,20.62,20.62
12028,2024-12-15,17:01:00,P15,Truffle Mushroom,Specialty,Large,1,23.75,23.75
12029,2024-11-10,10:33:00,P03,Hawaiian,Classic,Medium,4,16.0,64.0
12030,2024-02-28,16:02:00,P10,Four Cheese,Cheese,Large,1,15.62,15.62
12031,2024-02-27,19:23:00,P02,Pepperoni,Classic,Medium,1,12.0,12.0
12032,2024-03-02,11:46:00,P08,Veggie Supreme,Veggie,Medium,2,15.5,31.0
12033,2024-10-19,15:48:00,P07,Veggie Garden,Veggie,Large,1,14.38,14.38
12034,2024-04-04,10:13:00,P15,Truffle Mushroom,Specialty,Medium,2,19.0,38.0
12035,2024-04-14,14:30:00,P09,Spinach Feta,Veggie,Large,1,11.88,11.88
12036,2024-08-10,13:00:00,P04,BBQ Chicken,Chicken,Medium,2,13.5,27.0
12037,2024-11-14,12:19:00,P02,Pepperoni,Classic,Medium,1,12.0,12.0
12038,2024-10-25,20:20:00,P02,Pepperoni,Classic,Large,2,15.0,30.0
12039,2024-04-03,19:43:00,P03,Hawaiian,Classic,Medium,2,16.0,32.0
12040,2024-12-15,14:09:00,P03,Hawaiian,Classic,Medium,1,16.0,16.0
12041,2024-12-30,22:50:00,P12,Paneer Tikka,Specialty,Small,1,11.05,11.05
12042,2024-07-08,22:05:00,P08,Veggie Supreme,Veggie,Large,1,19.38,19.38
12043,2024-02-11,19:42:00,P07,Veggie Garden,Veggie,Small,4,9.78,39.12
12044,2024-01-10,18:13:00,P02,Pepperoni,Classic,Large,1,15.0,15.0
12045,2024-04-20,16:12:00,P13,Farmhouse,Specialty,Medium,1,17.5,17.5
12046,2024-06-15,20:45:00,P10,Four Cheese,Cheese,Medium,1,12.5,12.5
12047,2024-01-16,10:40:00,P01,Margherita,Classic,Large,1,10.0,10.0
12048,2024-07-06,20:09:00,P10,Four Cheese,Cheese,Small,1,10.62,10.62
12049,2024-02-20,20:26:00,P08,Veggie Supreme,Veggie,Medium,3,15.5,46.5
12050,2024-02-25,18:48:00,P01,Margherita,Classic,Large,1,10.0,10.0
12051,2024-11-11,12:44:00,P06,Buffalo Chicken,Chicken,Large,2,13.12,26.24
12052,2024-06-23,13:07:00,P07,Veggie Garden,Veggie,Medium,1,11.5,11.5
12053,2024-05-14,20:16:00,P02,Pepperoni,Classic,Medium,1,12.0,12.0
12054,2024-08-27,11:16:00,P14,Mexican Green,Specialty,Large,1,12.5,12.5
12055,2024-01-04,19:13:00,P12,Paneer Tikka,Specialty,Large,1,16.25,16.25
12056,2024-11-23,14:04:00,P10,Four Cheese,Cheese,Large,3,15.62,46.86
12057,2024-05-07,14:26:00,P06,Buffalo Chicken,Chicken,Medium,2,10.5,21.0
12058,2024-11-20,12:37:00,P05,Chicken Supreme,Chicken,XL,1,25.5,25.5
12059,2024-04-03,10:07:00,P10,Four Cheese,Cheese,Medium,1,12.5,12.5
12060,2024-01-13,13:05:00,P08,Veggie Supreme,Veggie,Small,1,13.17,13.17
12061,2024-06-26,17:29:00,P01,Margherita,Classic,Medium,3,8.0,24.0
12062,2024-03-19,19:09:00,P07,Veggie Garden,Veggie,Small,2,9.78,19.56
12063,2024-06-09,18:48:00,P12,Paneer Tikka,Specialty,Small,2,11.05,22.1
12064,2024-11-03,18:32:00,P06,Buffalo Chicken,Chicken,Medium,1,10.5,10.5
12065,2024-03-13,17:31:00,P01,Margherita,Classic,Small,1,6.8,6.8
12066,2024-10-19,15:04:00,P12,Paneer Tikka,Specialty,Large,1,16.25,16.25
12067,2024-11-11,19:30:00,P03,Hawaiian,Classic,Small,1,13.6,13.6
12068,2024-01-14,22:59:00,P03,Hawaiian,Classic,Medium,1,16.0,16.0
12069,2024-03-08,19:23:00,P02,Pepperoni,Classic,Small,1,10.2,10.2
12070,2024-07-02,18:34:00,P04,BBQ Chicken,Chicken,Small,1,11.47,11.47
12071,2024-04-15,17:30:00,P11,Cheese Burst,Cheese,Medium,3,16.5,49.5
12072,2024-12-04,11:01:00,P07,Veggie Garden,Veggie,Medium,2,11.5,23.0
12073,2024-06-17,13:36:00,P03,Hawaiian,Classic,XL,1,24.0,24.0
12074,2024-02-03,18:38:00,P13,Farmhouse,Specialty,Large,1,21.88,21.88
12075,2024-07-29,15:22:00,P13,Farmhouse,Specialty,Large,1,21.88,21.88
12076,2024-03-20,21:05:00,P13,Farmhouse,Specialty,Small,2,14.88,29.76
12077,2024-02-28,19:21:00,P03,Hawaiian,Classic,Medium,2,16.0,32.0
12078,2024-12-30,17:45:00,P06,Buffalo Chicken,Chicken,Small,2,8.92,17.84
12079,2024-10-22,14:29:00,P15,Truffle Mushroom,Specialty,Large,2,23.75,47.5
12080,2024-08-31,20:52:00,P11,Cheese Burst,Cheese,Small,1,14.03,14.03
12081,2024-09-21,21:25:00,P01,Margherita,Classic,Medium,1,8.0,8.0
12082,2024-02-07,12:02:00,P01,Margherita,Classic,Medium,1,8.0,8.0
12083,2024-08-12,14:53:00,P07,Veggie Garden,Veggie,Medium,1,11.5,11.5
12084,2024-01-24,20:56:00,P13,Farmhouse,Specialty,XL,2,26.25,52.5
12085,2024-04-28,10:22:00,P08,Veggie Supreme,Veggie,Large,1,19.38,19.38
12086,2024-03-14,18:51:00,P07,Veggie Garden,Veggie,Large,1,14.38,14.38
12087,2024-07-10,20:27:00,P02,Pepperoni,Classic,Medium,1,12.0,12.0
12088,2024-04-30,10:43:00,P10,Four Cheese,Cheese,Large,4,15.62,62.48
12089,2024-12-11,18:35:00,P12,Paneer Tikka,Specialty,Medium,1,13.0,13.0
12090,2024-09-24,17:02:00,P05,Chicken Supreme,Chicken,Large,1,21.25,21.25
12091,2024-02-19,22:43:00,P11,Cheese Burst,Cheese,Medium,1,16.5,16.5
12092,2024-07-29,22:15:00,P15,Truffle Mushroom,Specialty,Medium,1,19.0,19.0
12093,2024-06-16,20:58:00,P03,Hawaiian,Classic,Large,1,20.0,20.0
12094,2024-11-21,19:56:00,P07,Veggie Garden,Veggie,Medium,2,11.5,23.0
12095,2024-05-17,22:37:00,P04,BBQ Chicken,Chicken,Large,1,16.88,16.88
12096,2024-02-27,19:01:00,P12,Paneer Tikka,Specialty,XL,3,19.5,58.5
12097,2024-12-05,19:08:00,P08,Veggie Supreme,Veggie,Medium,1,15.5,15.5
12098,2024-04-14,18:24:00,P09,Spinach Feta,Veggie,Medium,1,9.5,9.5
12099,2024-12-09,15:29:00,P12,Paneer Tikka,Specialty,Medium,3,13.0,39.0
12100,2024-11-25,16:30:00,P05,Chicken Supreme,Chicken,Large,1,21.25,21.25
12101,2024-06-19,10:52:00,P13,Farmhouse,Specialty,Medium,1,17.5,17.5
12102,2024-07-02,12:22:00,P07,Veggie Garden,Veggie,Small,2,9.78,19.56
12103,2024-03-09,21:25:00,P02,Pepperoni,Classic,Medium,1,12.0,12.0
12104,2024-01-06,15:38:00,P10,Four Cheese,Cheese,Small,2,10.62,21.24
12105,2024-09-16,19:47:00,P12,Paneer Tikka,Specialty,Large,1,16.25,16.25
12106,2024-11-11,19:25:00,P04,BBQ Chicken,Chicken,Medium,1,13.5,13.5
12107,2024-07-25,22:39:00,P13,Farmhouse,Specialty,Medium,1,17.5,17.5
12108,2024-12-07,20:12:00,P13,Farmhouse,Specialty,Large,2,21.88,43.76
12109,2024-02-25,16:16:00,P04,BBQ Chicken,Chicken,Small,1,11.47,11.47
12110,2024-06-15,18:33:00,P15,Truffle Mushroom,Specialty,Small,2,16.15,32.3
12111,2024-05-28,18:24:00,P02,Pepperoni,Classic,Medium,3,12.0,36.0
12112,2024-10-04,16:24:00,P03,Hawaiian,Classic,Medium,1,16.0,16.0
12113,2024-07-24,19:39:00,P02,Pepperoni,Classic,Medium,1,12.0,12.0
12114,2024-01-30,19:37:00,P13,Farmhouse,Specialty,XL,1,26.25,26.25
12115,2024-08-18,16:33:00,P10,Four Cheese,Cheese,Large,1,15.62,15.62
12116,2024-08-04,13:12:00,P02,Pepperoni,Classic,Large,1,15.0,15.0
12117,2024-08-08,19:08:00,P06,Buffalo Chicken,Chicken,Large,1,13.12,13.12
12118,2024-04-04,21:26:00,P09,Spinach Feta,Veggie,Medium,4,9.5,38.0
12119,2024-04-04,19:50:00,P01,Margherita,Classic,Medium,3,8.0,24.0
12120,2024-10-19,16:59:00,P13,Farmhouse,Specialty,Medium,2,17.5,35.0
12121,2024-10-14,13:10:00,P12,Paneer Tikka,Specialty,Large,3,16.25,48.75
12122,2024-04-18,21:03:00,P07,Veggie Garden,Veggie,Large,1,14.38,14.38
12123,2024-02-17,22:30:00,P15,Truffle Mushroom,Specialty,Medium,2,19.0,38.0
12124,2024-02-02,15:03:00,P05,Chicken Supreme,Chicken,Medium,3,17.0,51.0
12125,2024-09-07,19:25:00,P15,Truffle Mushroom,Specialty,Medium,1,19.0,19.0
12126,2024-02-22,20:24:00,P10,Four Cheese,Cheese,Medium,3,12.5,37.5
12127,2024-06-24,13:48:00,P09,Spinach Feta,Veggie,Large,1,11.88,11.88
12128,2024-06-07,20:56:00,P02,Pepperoni,Classic,Medium,1,12.0,12.0
12129,2024-12-22,19:44:00,P13,Farmhouse,Specialty,Large,2,21.88,43.76
12130,2024-05-04,20:22:00,P06,Buffalo Chicken,Chicken,Medium,3,10.5,31.5
12131,2024-12-20,13:27:00,P02,Pepperoni,Classic,Large,1,15.0,15.0
12132,2024-04-14,19:12:00,P01,Margherita,Classic,Large,2,10.0,20.0
12133,2024-05-08,21:42:00,P08,Veggie Supreme,Veggie,Large,1,19.38,19.38
12134,2024-02-22,17:25:00,P07,Veggie Garden,Veggie,Small,1,9.78,9.78
12135,2024-09-03,13:22:00,P10,Four Cheese,Cheese,Medium,2,12.5,25.0
12136,2024-05-29,18:50:00,P13,Farmhouse,Specialty,Medium,1,17.5,17.5
12137,2024-06-28,17:27:00,P01,Margherita,Classic,Medium,2,8.0,16.0
12138,2024-11-04,14:16:00,P11,Cheese Burst,Cheese,Medium,1,16.5,16.5
12139,2024-11-15,15:13:00,P02,Pepperoni,Classic,Large,1,15.0,15.0
12140,2024-04-23,10:37:00,P13,Farmhouse,Specialty,Small,1,14.88,14.88
12141,2024-07-15,22:47:00,P12,Paneer Tikka,Specialty,Medium,1,13.0,13.0
12142,2024-05-16,21:41:00,P08,Veggie Supreme,Veggie,Medium,1,15.5,15.5
12143,2024-11-28,12:47:00,P10,Four Cheese,Cheese,Large,3,15.62,46.86
12144,2024-07-26,17:14:00,P04,BBQ Chicken,Chicken,XL,1,20.25,20.25
12145,2024-11-27,14:10:00,P07,Veggie Garden,Veggie,Medium,2,11.5,23.0
12146,2024-07-15,17:55:00,P12,Paneer Tikka,Specialty,Small,1,11.05,11.05
12147,2024-05-18,11:18:00,P06,Buffalo Chicken,Chicken,Large,1,13.12,13.12
12148,2024-01-26,10:30:00,P05,Chicken Supreme,Chicken,Large,1,21.25,21.25
12149,2024-12-04,21:19:00,P07,Veggie Garden,Veggie,Medium,1,11.5,11.5
12150,2024-01-25,21:36:00,P12,Paneer Tikka,Specialty,Large,1,16.25,16.25
12151,2024-07-22,10:01:00,P04,BBQ Chicken,Chicken,XL,1,20.25,20.25
12152,2024-07-20,11:31:00,P02,Pepperoni,Classic,Medium,1,12.0,12.0
12153,2024-03-29,19:54:00,P10,Four Cheese,Cheese,Medium,1,12.5,12.5
12154,2024-06-26,10:31:00,P12,Paneer Tikka,Specialty,Medium,1,13.0,13.0
12155,2024-10-19,21:48:00,P02,Pepperoni,Classic,Medium,1,12.0,12.0
12156,2024-04-24,11:29:00,P03,Hawaiian,Classic,Medium,1,16.0,16.0
12157,2024-06-30,12:20:00,P02,Pepperoni,Classic,Medium,3,12.0,36.0
12158,2024-02-09,19:01:00,P04,BBQ Chicken,Chicken,Small,1,11.47,11.47
12159,2024-02-29,22:36:00,P06,Buffalo Chicken,Chicken,Medium,2,10.5,21.0
12160,2024-01-11,17:00:00,P11,Cheese Burst,Cheese,Medium,1,16.5,16.5
12161,2024-02-11,20:59:00,P10,Four Cheese,Cheese,Medium,3,12.5,37.5
12162,2024-04-01,13:20:00,P09,Spinach Feta,Veggie,Medium,2,9.5,19.0
12163,2024-11-13,19:11:00,P04,BBQ Chicken,Chicken,Medium,2,13.5,27.0
12164,2024-06-03,12:27:00,P12,Paneer Tikka,Specialty,Medium,1,13.0,13.0
12165,2024-07-12,21:50:00,P07,Veggie Garden,Veggie,Medium,3,11.5,34.5
12166,2024-08-10,20:20:00,P15,Truffle Mushroom,Specialty,Large,2,23.75,47.5
12167,2024-05-14,11:30:00,P09,Spinach Feta,Veggie,Medium,2,9.5,19.0
12168,2024-09-26,16:53:00,P02,Pepperoni,Classic,XL,1,18.0,18.0
12169,2024-05-05,16:54:00,P10,Four Cheese,Cheese,Medium,1,12.5,12.5
12170,2024-11-24,16:11:00,P04,BBQ Chicken,Chicken,Medium,1,13.5,13.5
12171,2024-10-20,19:55:00,P10,Four Cheese,Cheese,Small,1,10.62,10.62
12172,2024-10-21,15:03:00,P01,Margherita,Classic,Large,2,10.0,20.0
12173,2024-10-30,16:59:00,P02,Pepperoni,Classic,Large,1,15.0,15.0
12174,2024-06-16,17:59:00,P13,Farmhouse,Specialty,Large,1,21.88,21.88
12175,2024-05-03,13:57:00,P03,Hawaiian,Classic,XL,1,24.0,24.0
12176,2024-07-03,12:08:00,P12,Paneer Tikka,Specialty,Medium,1,13.0,13.0
12177,2024-01-13,16:19:00,P04,BBQ Chicken,Chicken,Medium,1,13.5,13.5
12178,2024-01-21,22:46:00,P09,Spinach Feta,Veggie,Medium,2,9.5,19.0
12179,2024-09-14,21:39:00,P10,Four Cheese,Cheese,Medium,1,12.5,12.5
12180,2024-01-30,16:54:00,P07,Veggie Garden,Veggie,Small,1,9.78,9.78
12181,2024-02-09,22:32:00,P04,BBQ Chicken,Chicken,Large,1,16.88,16.88
12182,2024-08-11,21:23:00,P03,Hawaiian,Classic,Large,1,20.0,20.0
12183,2024-06-18,21:29:00,P01,Margherita,Classic,Medium,1,8.0,8.0
12184,2024-04-26,17:40:00,P04,BBQ Chicken,Chicken,Medium,2,13.5,27.0
12185,2024-12-14,11:50:00,P10,Four Cheese,Cheese,Small,2,10.62,21.24
12186,2024-03-29,19:09:00,P14,Mexican Green,Specialty,Large,2,12.5,25.0
12187,2024-01-14,22:37:00,P13,Farmhouse,Specialty,Medium,2,17.5,35.0
12188,2024-09-01,22:31:00,P11,Cheese Burst,Cheese,Large,1,20.62,20.62
12189,2024-11-18,21:19:00,P12,Paneer Tikka,Specialty,Large,3,16.25,48.75
12190,2024-03-01,22:54:00,P10,Four Cheese,Cheese,Medium,2,12.5,25.0
12191,2024-03-27,12:15:00,P03,Hawaiian,Classic,Medium,3,16.0,48.0
12192,2024-08-15,12:46:00,P13,Farmhouse,Specialty,Small,1,14.88,14.88
12193,2024-04-20,11:53:00,P10,Four Cheese,Cheese,Large,3,15.62,46.86
12194,2024-03-11,13:36:00,P08,Veggie Supreme,Veggie,Medium,2,15.5,31.0
12195,2024-11-23,18:22:00,P02,Pepperoni,Classic,XL,2,18.0,36.0
12196,2024-07-20,10:10:00,P06,Buffalo Chicken,Chicken,Medium,1,10.5,10.5
12197,2024-10-09,14:02:00,P06,Buffalo Chicken,Chicken,Large,2,13.12,26.24
12198,2024-02-16,10:49:00,P13,Farmhouse,Specialty,Small,3,14.88,44.64
12199,2024-01-08,16:12:00,P08,Veggie Supreme,Veggie,Medium,2,15.5,31.0
12200,2024-03-07,13:45:00,P05,Chicken Supreme,Chicken,Large,1,21.25,21.25
12201,2024-06-21,12:12:00,P15,Truffle Mushroom,Specialty,Large,3,23.75,71.25
12202,2024-10-06,18:54:00,P02,Pepperoni,Classic,Large,1,15.0,15.0
12203,2024-04-03,18:15:00,P06,Buffalo Chicken,Chicken,Medium,1,10.5,10.5
12204,2024-09-03,16:07:00,P01,Margherita,Classic,XL,1,12.0,12.0
12205,2024-08-23,19:27:00,P11,Cheese Burst,Cheese,XL,3,24.75,74.25
12206,2024-11-27,12:23:00,P13,Farmhouse,Specialty,Small,1,14.88,14.88
12207,2024-02-18,22:14:00,P04,BBQ Chicken,Chicken,Large,1,16.88,16.88
12208,2024-04-27,11:06:00,P13,Farmhouse,Specialty,Medium,2,17.5,35.0
12209,2024-03-17,12:47:00,P04,BBQ Chicken,Chicken,Large,2,16.88,33.76
12210,2024-05-01,14:25:00,P13,Farmhouse,Specialty,Medium,1,17.5,17.5
12211,2024-09-14,10:47:00,P11,Cheese Burst,Cheese,XL,3,24.75,74.25
12212,2024-10-19,18:24:00,P12,Paneer Tikka,Specialty,Small,3,11.05,33.15
12213,2024-12-24,18:03:00,P01,Margherita,Classic,Medium,1,8.0,8.0
12214,2024-12-04,20:51:00,P14,Mexican Green,Specialty,Medium,1,10.0,10.0
12215,2024-04-20,16:23:00,P10,Four Cheese,Cheese,Medium,1,12.5,12.5
12216,2024-02-19,14:52:00,P04,BBQ Chicken,Chicken,Medium,1,13.5,13.5
12217,2024-09-09,18:28:00,P12,Paneer Tikka,Specialty,Small,1,11.05,11.05
12218,2024-05-04,22:34:00,P04,BBQ Chicken,Chicken,Large,3,16.88,50.64
12219,2024-12-13,15:57:00,P13,Farmhouse,Specialty,XL,2,26.25,52.5
12220,2024-08-23,14:49:00,P02,Pepperoni,Classic,Large,1,15.0,15.0
12221,2024-11-01,13:27:00,P10,Four Cheese,Cheese,Large,1,15.62,15.62
12222,2024-06-28,16:13:00,P08,Veggie Supreme,Veggie,Medium,1,15.5,15.5
12223,2024-08-07,10:42:00,P02,Pepperoni,Classic,Medium,1,12.0,12.0
12224,2024-04-27,20:40:00,P03,Hawaiian,Classic,Medium,1,16.0,16.0
12225,2024-09-30,21:04:00,P01,Margherita,Classic,Small,3,6.8,20.4
12226,2024-11-30,20:41:00,P07,Veggie Garden,Veggie,Large,3,14.38,43.14
12227,2024-08-15,13:39:00,P04,BBQ Chicken,Chicken,Small,1,11.47,11.47
12228,2024-10-12,15:22:00,P08,Veggie Supreme,Veggie,Large,3,19.38,58.14
12229,2024-09-23,21:24:00,P04,BBQ Chicken,Chicken,Small,1,11.47,11.47
12230,2024-06-27,20:01:00,P04,BBQ Chicken,Chicken,Large,2,16.88,33.76
12231,2024-04-08,17:12:00,P11,Cheese Burst,Cheese,Small,1,14.03,14.03
12232,2024-09-05,19:36:00,P01,Margherita,Classic,Small,1,6.8,6.8
12233,2024-04-03,20:22:00,P13,Farmhouse,Specialty,Large,3,21.88,65.64
12234,2024-05-03,21:28:00,P12,Paneer Tikka,Specialty,Medium,1,13.0,13.0
12235,2024-09-05,13:14:00,P10,Four Cheese,Cheese,Large,2,15.62,31.24
12236,2024-02-27,12:08:00,P08,Veggie Supreme,Veggie,Medium,1,15.5,15.5
12237,2024-03-12,16:32:00,P13,Farmhouse,Specialty,Small,1,14.88,14.88
12238,2024-04-07,18:52:00,P02,Pepperoni,Classic,Large,1,15.0,15.0
12239,2024-03-21,18:00:00,P01,Margherita,Classic,Medium,1,8.0,8.0
12240,2024-01-05,20:27:00,P03,Hawaiian,Classic,Large,2,20.0,40.0
12241,2024-10-20,10:49:00,P12,Paneer Tikka,Specialty,Medium,1,13.0,13.0
12242,2024-03-27,11:36:00,P01,Margherita,Classic,Medium,2,8.0,16.0
12243,2024-10-07,14:59:00,P08,Veggie Supreme,Veggie,Medium,2,15.5,31.0
12244,2024-03-23,20:12:00,P15,Truffle Mushroom,Specialty,Medium,2,19.0,38.0
12245,2024-06-30,16:25:00,P13,Farmhouse,Specialty,Medium,1,17.5,17.5
12246,2024-07-24,20:57:00,P07,Veggie Garden,Veggie,Medium,3,11.5,34.5
12247,2024-02-28,17:30:00,P01,Margherita,Classic,Medium,1,8.0,8.0
12248,2024-08-14,20:03:00,P12,Paneer Tikka,Specialty,Large,1,16.25,16.25
12249,2024-12-27,13:17:00,P08,Veggie Supreme,Veggie,Large,1,19.38,19.38
12250,2024-03-03,16:31:00,P02,Pepperoni,Classic,Small,1,10.2,10.2
12251,2024-06-28,13:46:00,P02,Pepperoni,Classic,Medium,1,12.0,12.0
12252,2024-07-09,22:11:00,P13,Farmhouse,Specialty,Medium,2,17.5,35.0
12253,2024-09-02,15:26:00,P10,Four Cheese,Cheese,Small,1,10.62,10.62
12254,2024-10-23,10:58:00,P12,Paneer Tikka,Specialty,Medium,1,13.0,13.0
12255,2024-02-26,10:30:00,P13,Farmhouse,Specialty,Small,2,14.88,29.76
12256,2024-11-06,15:38:00,P08,Veggie Supreme,Veggie,XL,1,23.25,23.25
12257,2024-09-21,19:31:00,P07,Veggie Garden,Veggie,Large,1,14.38,14.38
12258,2024-01-16,21:40:00,P06,Buffalo Chicken,Chicken,Small,1,8.92,8.92
12259,2024-07-13,19:26:00,P04,BBQ Chicken,Chicken,Small,2,11.47,22.94
12260,2024-05-04,10:45:00,P06,Buffalo Chicken,Chicken,Large,1,13.12,13.12
12261,2024-01-26,14:00:00,P11,Cheese Burst,Cheese,Medium,1,16.5,16.5
12262,2024-01-01,12:08:00,P09,Spinach Feta,Veggie,Large,1,11.88,11.88
12263,2024-12-08,15:40:00,P13,Farmhouse,Specialty,Large,2,21.88,43.76
12264,2024-09-16,13:18:00,P06,Buffalo Chicken,Chicken,Medium,2,10.5,21.0
12265,2024-09-17,21:45:00,P09,Spinach Feta,Veggie,Medium,2,9.5,19.0
12266,2024-04-15,16:47:00,P09,Spinach Feta,Veggie,Large,1,11.88,11.88
12267,2024-12-08,15:51:00,P08,Veggie Supreme,Veggie,XL,1,23.25,23.25
12268,2024-12-08,11:28:00,P10,Four Cheese,Cheese,Medium,1,12.5,12.5
12269,2024-08-07,18:38:00,P03,Hawaiian,Classic,Large,1,20.0,20.0
12270,2024-11-01,19:01:00,P07,Veggie Garden,Veggie,Medium,1,11.5,11.5
12271,2024-02-07,20:54:00,P02,Pepperoni,Classic,Medium,1,12.0,12.0
12272,2024-04-14,13:39:00,P05,Chicken Supreme,Chicken,Large,1,21.25,21.25
12273,2024-01-16,22:49:00,P07,Veggie Garden,Veggie,Large,2,14.38,28.76
12274,2024-04-11,13:23:00,P10,Four Cheese,Cheese,Medium,1,12.5,12.5
12275,2024-06-26,16:22:00,P14,Mexican Green,Specialty,Large,2,12.5,25.0
12276,2024-03-28,22:04:00,P09,Spinach Feta,Veggie,Small,1,8.07,8.07
12277,2024-12-28,22:34:00,P11,Cheese Burst,Cheese,Medium,1,16.5,16.5
12278,2024-11-16,13:50:00,P07,Veggie Garden,Veggie,Medium,1,11.5,11.5
12279,2024-07-28,15:22:00,P09,Spinach Feta,Veggie,Small,1,8.07,8.07
12280,2024-03-14,16:43:00,P01,Margherita,Classic,Medium,1,8.0,8.0
12281,2024-09-25,11:13:00,P03,Hawaiian,Classic,Medium,1,16.0,16.0
12282,2024-05-04,15:12:00,P05,Chicken Supreme,Chicken,Large,3,21.25,63.75
12283,2024-11-05,19:43:00,P07,Veggie Garden,Veggie,Large,2,14.38,28.76
12284,2024-08-12,11:12:00,P01,Margherita,Classic,Medium,1,8.0,8.0
12285,2024-06-01,17:59:00,P02,Pepperoni,Classic,Medium,2,12.0,24.0
12286,2024-10-11,13:05:00,P04,BBQ Chicken,Chicken,Medium,2,13.5,27.0
12287,2024-12-13,14:17:00,P15,Truffle Mushroom,Specialty,XL,1,28.5,28.5
12288,2024-07-09,22:36:00,P04,BBQ Chicken,Chicken,Medium,2,13.5,27.0
12289,2024-03-11,16:08:00,P07,Veggie Garden,Veggie,Small,1,9.78,9.78
12290,2024-12-20,21:51:00,P02,Pepperoni,Classic,Small,1,10.2,10.2
12291,2024-09-12,17:43:00,P09,Spinach Feta,Veggie,Medium,1,9.5,9.5
12292,2024-01-09,21:35:00,P04,BBQ Chicken,Chicken,Medium,1,13.5,13.5
12293,2024-05-16,16:45:00,P03,Hawaiian,Classic,Large,1,20.0,20.0
12294,2024-01-22,20:16:00,P07,Veggie Garden,Veggie,Large,1,14.38,14.38
12295,2024-06-09,18:46:00,P01,Margherita,Classic,Medium,3,8.0,24.0
12296,2024-03-28,22:31:00,P01,Margherita,Classic,Medium,3,8.0,24.0
12297,2024-02-02,22:14:00,P03,Hawaiian,Classic,Medium,3,16.0,48.0
12298,2024-10-09,11:03:00,P01,Margherita,Classic,Large,2,10.0,20.0
12299,2024-04-21,11:20:00,P02,Pepperoni,Classic,Medium,3,12.0,36.0
12300,2024-10-30,17:05:00,P04,BBQ Chicken,Chicken,Large,1,16.88,16.88
12301,2024-04-27,13:01:00,P12,Paneer Tikka,Specialty,Medium,1,13.0,13.0
12302,2024-08-30,22:21:00,P08,Veggie Supreme,Veggie,Medium,1,15.5,15.5
12303,2024-01-21,15:58:00,P07,Veggie Garden,Veggie,Medium,2,11.5,23.0
12304,2024-04-05,15:12:00,P04,BBQ Chicken,Chicken,Medium,1,13.5,13.5
12305,2024-01-01,15:52:00,P14,Mexican Green,Specialty,Medium,2,10.0,20.0
12306,2024-05-31,18:29:00,P05,Chicken Supreme,Chicken,Medium,1,17.0,17.0
12307,2024-05-29,22:43:00,P01,Margherita,Classic,Medium,1,8.0,8.0
12308,2024-01-12,19:03:00,P09,Spinach Feta,Veggie,Small,2,8.07,16.14
12309,2024-03-23,19:11:00,P02,Pepperoni,Classic,Medium,1,12.0,12.0
12310,2024-02-02,16:20:00,P04,BBQ Chicken,Chicken,Medium,1,13.5,13.5
12311,2024-05-07,13:08:00,P07,Veggie Garden,Veggie,Medium,1,11.5,11.5
12312,2024-12-27,22:07:00,P13,Farmhouse,Specialty,Large,1,21.88,21.88
12313,2024-07-30,19:31:00,P07,Veggie Garden,Veggie,Small,2,9.78,19.56
12314,2024-04-01,19:07:00,P10,Four Cheese,Cheese,Medium,1,12.5,12.5
12315,2024-06-23,10:58:00,P15,Truffle Mushroom,Specialty,Medium,1,19.0,19.0
12316,2024-06-23,17:48:00,P02,Pepperoni,Classic,Medium,1,12.0,12.0
12317,2024-09-25,21:34:00,P04,BBQ Chicken,Chicken,Medium,2,13.5,27.0
12318,2024-04-28,12:28:00,P05,Chicken Supreme,Chicken,Large,1,21.25,21.25
12319,2024-02-25,14:02:00,P06,Buffalo Chicken,Chicken,Medium,2,10.5,21.0
12320,2024-11-04,14:55:00,P05,Chicken Supreme,Chicken,Medium,2,17.0,34.0
12321,2024-11-11,18:05:00,P13,Farmhouse,Specialty,Large,1,21.88,21.88
12322,2024-06-24,19:15:00,P10,Four Cheese,Cheese,Large,3,15.62,46.86
12323,2024-06-11,11:10:00,P09,Spinach Feta,Veggie,XL,1,14.25,14.25
12324,2024-02-20,18:22:00,P04,BBQ Chicken,Chicken,Large,1,16.88,16.88
12325,2024-10-29,20:58:00,P12,Paneer Tikka,Specialty,Large,1,16.25,16.25
12326,2024-12-14,15:55:00,P14,Mexican Green,Specialty,Medium,3,10.0,30.0
12327,2024-08-21,20:08:00,P12,Paneer Tikka,Specialty,Medium,2,13.0,26.0
12328,2024-05-16,11:43:00,P01,Margherita,Classic,Small,1,6.8,6.8
12329,2024-09-03,14:55:00,P09,Spinach Feta,Veggie,Large,1,11.88,11.88
12330,2024-06-24,13:00:00,P01,Margherita,Classic,Large,2,10.0,20.0
12331,2024-10-27,19:39:00,P03,Hawaiian,Classic,Medium,2,16.0,32.0
12332,2024-03-03,15:28:00,P01,Margherita,Classic,Medium,2,8.0,16.0
12333,2024-02-09,12:23:00,P09,Spinach Feta,Veggie,Large,1,11.88,11.88
12334,2024-02-25,21:00:00,P10,Four Cheese,Cheese,Large,2,15.62,31.24
12335,2024-04-09,16:12:00,P02,Pepperoni,Classic,Medium,1,12.0,12.0
12336,2024-02-18,12:50:00,P05,Chicken Supreme,Chicken,XL,1,25.5,25.5
12337,2024-08-16,21:10:00,P06,Buffalo Chicken,Chicken,Medium,2,10.5,21.0
12338,2024-07-09,16:34:00,P05,Chicken Supreme,Chicken,Medium,4,17.0,68.0
12339,2024-05-18,10:42:00,P02,Pepperoni,Classic,Medium,1,12.0,12.0
12340,2024-04-24,17:47:00,P06,Buffalo Chicken,Chicken,Medium,1,10.5,10.5
12341,2024-10-03,12:29:00,P11,Cheese Burst,Cheese,Small,2,14.03,28.06
12342,2024-08-03,15:02:00,P01,Margherita,Classic,Large,1,10.0,10.0
12343,2024-11-13,14:32:00,P01,Margherita,Classic,Large,2,10.0,20.0
12344,2024-05-29,21:44:00,P05,Chicken Supreme,Chicken,Large,2,21.25,42.5
12345,2024-01-14,18:11:00,P14,Mexican Green,Specialty,Medium,1,10.0,10.0
12346,2024-07-09,20:12:00,P10,Four Cheese,Cheese,Medium,4,12.5,50.0
12347,2024-12-09,15:58:00,P10,Four Cheese,Cheese,Medium,2,12.5,25.0
12348,2024-04-26,21:53:00,P05,Chicken Supreme,Chicken,Small,2,14.45,28.9
12349,2024-10-30,18:07:00,P08,Veggie Supreme,Veggie,Medium,2,15.5,31.0
12350,2024-12-22,16:23:00,P01,Margherita,Classic,Small,2,6.8,13.6
12351,2024-04-22,17:42:00,P09,Spinach Feta,Veggie,Small,1,8.07,8.07
12352,2024-05-14,20:59:00,P13,Farmhouse,Specialty,Large,1,21.88,21.88
12353,2024-10-10,11:33:00,P09,Spinach Feta,Veggie,Small,3,8.07,24.21
12354,2024-02-29,15:02:00,P13,Farmhouse,Specialty,XL,1,26.25,26.25
12355,2024-06-07,17:22:00,P10,Four Cheese,Cheese,Medium,1,12.5,12.5
12356,2024-03-24,10:17:00,P02,Pepperoni,Classic,XL,2,18.0,36.0
12357,2024-07-14,12:39:00,P13,Farmhouse,Specialty,Small,2,14.88,29.76
12358,2024-12-21,16:14:00,P01,Margherita,Classic,Medium,1,8.0,8.0
12359,2024-09-10,14:04:00,P07,Veggie Garden,Veggie,Medium,2,11.5,23.0
12360,2024-09-07,15:27:00,P02,Pepperoni,Classic,Large,2,15.0,30.0
12361,2024-08-24,13:49:00,P01,Margherita,Classic,Medium,1,8.0,8.0
12362,2024-12-23,22:36:00,P06,Buffalo Chicken,Chicken,Medium,2,10.5,21.0
12363,2024-06-11,13:34:00,P04,BBQ Chicken,Chicken,Large,1,16.88,16.88
12364,2024-08-14,13:01:00,P07,Veggie Garden,Veggie,Medium,1,11.5,11.5
12365,2024-02-27,20:17:00,P08,Veggie Supreme,Veggie,Small,1,13.17,13.17
12366,2024-12-27,17:57:00,P01,Margherita,Classic,Medium,1,8.0,8.0
12367,2024-07-10,14:28:00,P02,Pepperoni,Classic,Large,1,15.0,15.0
12368,2024-04-12,20:51:00,P08,Veggie Supreme,Veggie,Medium,2,15.5,31.0
12369,2024-09-06,15:28:00,P04,BBQ Chicken,Chicken,Medium,2,13.5,27.0
12370,2024-02-29,19:19:00,P11,Cheese Burst,Cheese,Small,1,14.03,14.03
12371,2024-12-01,15:16:00,P10,Four Cheese,Cheese,Medium,2,12.5,25.0
12372,2024-09-18,15:17:00,P12,Paneer Tikka,Specialty,Large,1,16.25,16.25
12373,2024-02-11,19:40:00,P10,Four Cheese,Cheese,Medium,1,12.5,12.5
12374,2024-11-14,15:27:00,P06,Buffalo Chicken,Chicken,Medium,3,10.5,31.5
12375,2024-03-19,20:28:00,P10,Four Cheese,Cheese,Small,1,10.62,10.62
12376,2024-11-22,11:33:00,P04,BBQ Chicken,Chicken,Medium,1,13.5,13.5
12377,2024-04-05,11:25:00,P04,BBQ Chicken,Chicken,Small,2,11.47,22.94
12378,2024-04-18,20:24:00,P12,Paneer Tikka,Specialty,Medium,1,13.0,13.0
12379,2024-10-01,22:19:00,P06,Buffalo Chicken,Chicken,Medium,3,10.5,31.5
12380,2024-06-09,10:51:00,P12,Paneer Tikka,Specialty,Large,1,16.25,16.25
12381,2024-04-03,11:31:00,P12,Paneer Tikka,Specialty,Small,1,11.05,11.05
12382,2024-04-13,22:03:00,P13,Farmhouse,Specialty,Medium,1,17.5,17.5
12383,2024-06-08,12:02:00,P13,Farmhouse,Specialty,Medium,1,17.5,17.5
12384,2024-12-13,22:37:00,P06,Buffalo Chicken,Chicken,Medium,1,10.5,10.5
12385,2024-04-27,15:55:00,P04,BBQ Chicken,Chicken,Large,1,16.88,16.88
12386,2024-06-16,18:16:00,P08,Veggie Supreme,Veggie,Medium,3,15.5,46.5
12387,2024-12-27,17:04:00,P05,Chicken Supreme,Chicken,Small,3,14.45,43.35
12388,2024-03-23,20:41:00,P09,Spinach Feta,Veggie,Large,1,11.88,11.88
12389,2024-04-08,15:23:00,P10,Four Cheese,Cheese,Medium,1,12.5,12.5
12390,2024-05-09,21:40:00,P10,Four Cheese,Cheese,Small,1,10.62,10.62
12391,2024-08-16,14:16:00,P05,Chicken Supreme,Chicken,Medium,3,17.0,51.0
12392,2024-11-21,22:42:00,P02,Pepperoni,Classic,Medium,4,12.0,48.0
12393,2024-11-20,16:06:00,P06,Buffalo Chicken,Chicken,Medium,1,10.5,10.5
12394,2024-06-08,13:20:00,P02,Pepperoni,Classic,Small,2,10.2,20.4
12395,2024-08-21,17:17:00,P13,Farmhouse,Specialty,Medium,1,17.5,17.5
12396,2024-12-18,15:10:00,P04,BBQ Chicken,Chicken,Medium,1,13.5,13.5
12397,2024-10-28,13:28:00,P02,Pepperoni,Classic,Medium,1,12.0,12.0
12398,2024-07-04,12:15:00,P01,Margherita,Classic,XL,1,12.0,12.0
12399,2024-02-17,16:39:00,P10,Four Cheese,Cheese,Small,1,10.62,10.62
12400,2024-11-10,21:35:00,P09,Spinach Feta,Veggie,XL,1,14.25,14.25
12401,2024-06-20,21:30:00,P04,BBQ Chicken,Chicken,Medium,2,13.5,27.0
12402,2024-06-18,21:42:00,P01,Margherita,Classic,Large,1,10.0,10.0
12403,2024-02-12,15:28:00,P05,Chicken Supreme,Chicken,Medium,1,17.0,17.0
12404,2024-08-06,20:01:00,P04,BBQ Chicken,Chicken,Medium,1,13.5,13.5
12405,2024-03-26,20:08:00,P10,Four Cheese,Cheese,Large,1,15.62,15.62
12406,2024-01-11,22:12:00,P09,Spinach Feta,Veggie,Large,1,11.88,11.88
12407,2024-04-27,21:17:00,P05,Chicken Supreme,Chicken,Medium,1,17.0,17.0
12408,2024-09-12,14:24:00,P03,Hawaiian,Classic,Medium,1,16.0,16.0
12409,2024-04-06,13:09:00,P15,Truffle Mushroom,Specialty,Medium,1,19.0,19.0
12410,2024-07-04,12:48:00,P06,Buffalo Chicken,Chicken,Large,1,13.12,13.12
12411,2024-09-13,10:48:00,P10,Four Cheese,Cheese,Medium,1,12.5,12.5
12412,2024-11-30,22:01:00,P02,Pepperoni,Classic,Large,2,15.0,30.0
12413,2024-08-13,13:40:00,P07,Veggie Garden,Veggie,Large,2,14.38,28.76
12414,2024-01-19,11:47:00,P01,Margherita,Classic,Large,1,10.0,10.0
12415,2024-07-30,18:51:00,P07,Veggie Garden,Veggie,Medium,1,11.5,11.5
12416,2024-06-07,21:52:00,P15,Truffle Mushroom,Specialty,Medium,1,19.0,19.0
12417,2024-11-19,22:55:00,P05,Chicken Supreme,Chicken,XL,1,25.5,25.5
12418,2024-06-06,22:14:00,P01,Margherita,Classic,Medium,1,8.0,8.0
12419,2024-08-07,13:49:00,P01,Margherita,Classic,Large,1,10.0,10.0
12420,2024-03-29,20:29:00,P05,Chicken Supreme,Chicken,Medium,1,17.0,17.0
12421,2024-08-20,13:00:00,P02,Pepperoni,Classic,Large,3,15.0,45.0
12422,2024-04-08,16:48:00,P01,Margherita,Classic,Medium,1,8.0,8.0
12423,2024-04-16,17:24:00,P11,Cheese Burst,Cheese,Medium,1,16.5,16.5
12424,2024-07-22,20:29:00,P06,Buffalo Chicken,Chicken,Large,1,13.12,13.12
12425,2024-11-11,22:46:00,P04,BBQ Chicken,Chicken,Medium,3,13.5,40.5
12426,2024-01-25,10:11:00,P13,Farmhouse,Specialty,Large,2,21.88,43.76
12427,2024-05-02,12:51:00,P02,Pepperoni,Classic,Medium,1,12.0,12.0
12428,2024-01-11,19:16:00,P14,Mexican Green,Specialty,Medium,2,10.0,20.0
12429,2024-11-05,22:15:00,P04,BBQ Chicken,Chicken,Medium,1,13.5,13.5
12430,2024-11-14,13:19:00,P13,Farmhouse,Specialty,Medium,2,17.5,35.0
12431,2024-09-17,18:53:00,P09,Spinach Feta,Veggie,Medium,2,9.5,19.0
12432,2024-03-03,17:31:00,P12,Paneer Tikka,Specialty,Large,1,16.25,16.25
12433,2024-10-09,13:40:00,P15,Truffle Mushroom,Specialty,Large,2,23.75,47.5
12434,2024-01-07,16:23:00,P04,BBQ Chicken,Chicken,Medium,1,13.5,13.5
12435,2024-05-25,21:37:00,P14,Mexican Green,Specialty,Medium,1,10.0,10.0
12436,2024-04-12,12:39:00,P05,Chicken Supreme,Chicken,Large,1,21.25,21.25
12437,2024-07-11,10:25:00,P05,Chicken Supreme,Chicken,Large,2,21.25,42.5
12438,2024-03-26,16:17:00,P04,BBQ Chicken,Chicken,Large,1,16.88,16.88
12439,2024-05-05,15:27:00,P08,Veggie Supreme,Veggie,Large,1,19.38,19.38
12440,2024-07-31,15:32:00,P02,Pepperoni,Classic,Medium,2,12.0,24.0
12441,2024-08-09,19:54:00,P08,Veggie Supreme,Veggie,Medium,1,15.5,15.5
12442,2024-05-15,16:08:00,P08,Veggie Supreme,Veggie,Medium,1,15.5,15.5
12443,2024-08-12,19:56:00,P11,Cheese Burst,Cheese,Small,1,14.03,14.03
12444,2024-04-16,20:28:00,P12,Paneer Tikka,Specialty,Large,1,16.25,16.25
12445,2024-04-04,12:49:00,P06,Buffalo Chicken,Chicken,Small,1,8.92,8.92
12446,2024-08-17,20:04:00,P04,BBQ Chicken,Chicken,Large,1,16.88,16.88
12447,2024-12-16,13:03:00,P03,Hawaiian,Classic,Large,4,20.0,80.0
12448,2024-09-20,19:34:00,P02,Pepperoni,Classic,Large,2,15.0,30.0
12449,2024-05-20,10:04:00,P01,Margherita,Classic,Large,1,10.0,10.0
12450,2024-10-22,12:17:00,P04,BBQ Chicken,Chicken,Medium,1,13.5,13.5
12451,2024-01-04,20:17:00,P03,Hawaiian,Classic,Large,1,20.0,20.0
12452,2024-05-31,20:28:00,P15,Truffle Mushroom,Specialty,Small,2,16.15,32.3
12453,2024-01-31,19:27:00,P08,Veggie Supreme,Veggie,Small,1,13.17,13.17
12454,2024-05-16,22:25:00,P04,BBQ Chicken,Chicken,Large,1,16.88,16.88
12455,2024-02-18,11:05:00,P08,Veggie Supreme,Veggie,Small,2,13.17,26.34
12456,2024-01-29,19:27:00,P02,Pepperoni,Classic,XL,1,18.0,18.0
12457,2024-09-19,11:55:00,P06,Buffalo Chicken,Chicken,Large,1,13.12,13.12
12458,2024-08-24,19:47:00,P09,Spinach Feta,Veggie,Large,3,11.88,35.64
12459,2024-02-26,15:26:00,P07,Veggie Garden,Veggie,Medium,2,11.5,23.0
12460,2024-10-21,15:54:00,P05,Chicken Supreme,Chicken,Large,1,21.25,21.25
12461,2024-05-26,13:08:00,P15,Truffle Mushroom,Specialty,Small,2,16.15,32.3
12462,2024-09-14,21:58:00,P13,Farmhouse,Specialty,Large,1,21.88,21.88
12463,2024-08-18,15:50:00,P09,Spinach Feta,Veggie,Small,2,8.07,16.14
12464,2024-07-16,16:05:00,P08,Veggie Supreme,Veggie,Large,1,19.38,19.38
12465,2024-09-08,10:24:00,P09,Spinach Feta,Veggie,Medium,2,9.5,19.0
12466,2024-03-10,21:17:00,P03,Hawaiian,Classic,Small,3,13.6,40.8
12467,2024-11-14,20:48:00,P05,Chicken Supreme,Chicken,Medium,3,17.0,51.0
12468,2024-07-12,17:20:00,P01,Margherita,Classic,Small,3,6.8,20.4
12469,2024-12-08,16:01:00,P07,Veggie Garden,Veggie,Large,1,14.38,14.38
12470,2024-12-01,13:33:00,P08,Veggie Supreme,Veggie,Medium,1,15.5,15.5
12471,2024-09-03,14:48:00,P03,Hawaiian,Classic,Medium,1,16.0,16.0
12472,2024-08-13,15:45:00,P15,Truffle Mushroom,Specialty,Medium,2,19.0,38.0
12473,2024-05-27,16:46:00,P13,Farmhouse,Specialty,Medium,3,17.5,52.5
12474,2024-08-23,11:43:00,P10,Four Cheese,Cheese,Medium,1,12.5,12.5
12475,2024-01-06,17:28:00,P07,Veggie Garden,Veggie,Large,3,14.38,43.14
12476,2024-08-12,14:00:00,P13,Farmhouse,Specialty,Small,2,14.88,29.76
12477,2024-02-28,15:06:00,P02,Pepperoni,Classic,Small,4,10.2,40.8
12478,2024-08-01,22:56:00,P12,Paneer Tikka,Specialty,Medium,3,13.0,39.0
12479,2024-11-02,17:18:00,P02,Pepperoni,Classic,Medium,1,12.0,12.0
12480,2024-10-09,21:22:00,P12,Paneer Tikka,Specialty,Medium,1,13.0,13.0
12481,2024-02-14,14:43:00,P04,BBQ Chicken,Chicken,Medium,1,13.5,13.5
12482,2024-08-08,10:30:00,P13,Farmhouse,Specialty,Large,1,21.88,21.88
12483,2024-12-12,21:35:00,P14,Mexican Green,Specialty,Small,1,8.5,8.5
12484,2024-03-02,22:26:00,P02,Pepperoni,Classic,Medium,2,12.0,24.0
12485,2024-11-30,18:47:00,P06,Buffalo Chicken,Chicken,Medium,3,10.5,31.5
12486,2024-07-25,17:18:00,P15,Truffle Mushroom,Specialty,Medium,2,19.0,38.0
12487,2024-11-01,20:40:00,P07,Veggie Garden,Veggie,XL,1,17.25,17.25
12488,2024-02-02,18:59:00,P13,Farmhouse,Specialty,Medium,1,17.5,17.5
12489,2024-08-02,21:01:00,P08,Veggie Supreme,Veggie,XL,1,23.25,23.25
12490,2024-12-28,14:13:00,P05,Chicken Supreme,Chicken,Medium,1,17.0,17.0
12491,2024-10-16,14:22:00,P04,BBQ Chicken,Chicken,Small,1,11.47,11.47
12492,2024-12-06,11:58:00,P03,Hawaiian,Classic,Small,1,13.6,13.6
12493,2024-09-08,21:41:00,P11,Cheese Burst,Cheese,Medium,1,16.5,16.5
12494,2024-02-15,15:46:00,P05,Chicken Supreme,Chicken,Medium,1,17.0,17.0
12495,2024-09-17,11:21:00,P07,Veggie Garden,Veggie,Small,2,9.78,19.56
12496,2024-03-10,21:01:00,P07,Veggie Garden,Veggie,Medium,1,11.5,11.5
12497,2024-01-29,22:35:00,P08,Veggie Supreme,Veggie,Medium,1,15.5,15.5
12498,2024-05-23,10:32:00,P13,Farmhouse,Specialty,Small,1,14.88,14.88
12499,2024-09-26,20:11:00,P15,Truffle Mushroom,Specialty,Medium,3,19.0,57.0
12500,2024-11-21,16:11:00,P05,Chicken Supreme,Chicken,Large,1,21.25,21.25
12501,2024-09-01,21:09:00,P12,Paneer Tikka,Specialty,Medium,1,13.0,13.0
12502,2024-02-21,12:06:00,P11,Cheese Burst,Cheese,Large,2,20.62,41.24
12503,2024-06-22,13:32:00,P08,Veggie Supreme,Veggie,Medium,1,15.5,15.5
12504,2024-03-01,17:39:00,P14,Mexican Green,Specialty,Medium,3,10.0,30.0
12505,2024-07-06,14:23:00,P03,Hawaiian,Classic,Medium,1,16.0,16.0
12506,2024-01-07,22:18:00,P02,Pepperoni,Classic,Medium,1,12.0,12.0
12507,2024-12-16,13:26:00,P12,Paneer Tikka,Specialty,Medium,1,13.0,13.0
12508,2024-05-03,22:22:00,P06,Buffalo Chicken,Chicken,Medium,1,10.5,10.5
12509,2024-05-27,15:11:00,P12,Paneer Tikka,Specialty,Medium,1,13.0,13.0
12510,2024-03-16,11:02:00,P13,Farmhouse,Specialty,Small,1,14.88,14.88
12511,2024-08-21,16:34:00,P01,Margherita,Classic,Large,1,10.0,10.0
12512,2024-05-03,12:44:00,P13,Farmhouse,Specialty,Medium,1,17.5,17.5
12513,2024-11-19,19:37:00,P06,Buffalo Chicken,Chicken,Medium,1,10.5,10.5
12514,2024-05-13,17:27:00,P07,Veggie Garden,Veggie,Medium,2,11.5,23.0
12515,2024-09-27,17:53:00,P09,Spinach Feta,Veggie,Large,2,11.88,23.76
12516,2024-05-13,22:50:00,P14,Mexican Green,Specialty,Medium,1,10.0,10.0
12517,2024-02-03,16:39:00,P01,Margherita,Classic,Medium,1,8.0,8.0
12518,2024-11-25,22:21:00,P07,Veggie Garden,Veggie,Large,2,14.38,28.76
12519,2024-07-31,13:00:00,P10,Four Cheese,Cheese,Large,1,15.62,15.62
12520,2024-10-23,20:41:00,P10,Four Cheese,Cheese,Small,1,10.62,10.62
12521,2024-04-25,11:51:00,P10,Four Cheese,Cheese,Small,1,10.62,10.62
12522,2024-08-08,20:36:00,P02,Pepperoni,Classic,Large,1,15.0,15.0
12523,2024-02-19,16:34:00,P04,BBQ Chicken,Chicken,Large,3,16.88,50.64
12524,2024-12-01,17:19:00,P05,Chicken Supreme,Chicken,Medium,2,17.0,34.0
12525,2024-02-06,12:28:00,P12,Paneer Tikka,Specialty,Medium,1,13.0,13.0
12526,2024-07-05,14:08:00,P04,BBQ Chicken,Chicken,Medium,1,13.5,13.5
12527,2024-10-14,22:45:00,P03,Hawaiian,Classic,Medium,3,16.0,48.0
12528,2024-08-18,19:39:00,P14,Mexican Green,Specialty,Large,1,12.5,12.5
12529,2024-07-21,13:28:00,P01,Margherita,Classic,Small,4,6.8,27.2
12530,2024-03-31,19:49:00,P15,Truffle Mushroom,Specialty,XL,3,28.5,85.5
12531,2024-01-10,22:56:00,P10,Four Cheese,Cheese,Large,1,15.62,15.62
12532,2024-11-12,16:05:00,P12,Paneer Tikka,Specialty,Medium,3,13.0,39.0
12533,2024-11-26,21:42:00,P04,BBQ Chicken,Chicken,Medium,1,13.5,13.5
12534,2024-07-01,20:29:00,P01,Margherita,Classic,Small,2,6.8,13.6
12535,2024-11-18,22:58:00,P11,Cheese Burst,Cheese,Medium,1,16.5,16.5
12536,2024-02-23,17:20:00,P12,Paneer Tikka,Specialty,Large,1,16.25,16.25
12537,2024-02-12,20:44:00,P11,Cheese Burst,Cheese,Medium,2,16.5,33.0
12538,2024-11-18,15:30:00,P02,Pepperoni,Classic,Medium,2,12.0,24.0
12539,2024-04-15,12:11:00,P11,Cheese Burst,Cheese,Medium,1,16.5,16.5
12540,2024-10-28,20:26:00,P11,Cheese Burst,Cheese,Large,1,20.62,20.62
12541,2024-03-25,18:29:00,P10,Four Cheese,Cheese,Small,1,10.62,10.62
12542,2024-12-15,19:09:00,P11,Cheese Burst,Cheese,Medium,1,16.5,16.5
12543,2024-02-29,20:17:00,P12,Paneer Tikka,Specialty,Large,1,16.25,16.25
12544,2024-03-02,17:45:00,P09,Spinach Feta,Veggie,Medium,1,9.5,9.5
12545,2024-05-05,16:43:00,P01,Margherita,Classic,Large,1,10.0,10.0
12546,2024-03-03,13:15:00,P07,Veggie Garden,Veggie,Medium,1,11.5,11.5
12547,2024-06-27,19:47:00,P01,Margherita,Classic,XL,1,12.0,12.0
12548,2024-04-10,20:47:00,P05,Chicken Supreme,Chicken,Small,1,14.45,14.45
12549,2024-07-11,14:12:00,P05,Chicken Supreme,Chicken,Medium,1,17.0,17.0
12550,2024-10-27,12:16:00,P01,Margherita,Classic,Small,3,6.8,20.4
12551,2024-09-17,19:43:00,P04,BBQ Chicken,Chicken,Small,1,11.47,11.47
12552,2024-08-03,20:32:00,P02,Pepperoni,Classic,Medium,3,12.0,36.0
12553,2024-09-03,14:02:00,P12,Paneer Tikka,Specialty,Small,2,11.05,22.1
12554,2024-11-19,12:31:00,P14,Mexican Green,Specialty,XL,2,15.0,30.0
12555,2024-10-06,13:34:00,P01,Margherita,Classic,Large,2,10.0,20.0
12556,2024-05-25,12:38:00,P14,Mexican Green,Specialty,Medium,2,10.0,20.0
12557,2024-11-05,19:59:00,P07,Veggie Garden,Veggie,Medium,1,11.5,11.5
12558,2024-05-04,14:23:00,P04,BBQ Chicken,Chicken,Medium,1,13.5,13.5
12559,2024-09-07,10:50:00,P01,Margherita,Classic,Large,2,10.0,20.0
12560,2024-08-13,21:58:00,P07,Veggie Garden,Veggie,Medium,1,11.5,11.5
12561,2024-03-16,10:20:00,P12,Paneer Tikka,Specialty,Small,2,11.05,22.1
12562,2024-05-28,12:43:00,P10,Four Cheese,Cheese,Large,1,15.62,15.62
12563,2024-10-10,18:43:00,P01,Margherita,Classic,Large,2,10.0,20.0
12564,2024-06-18,15:57:00,P01,Margherita,Classic,Medium,1,8.0,8.0
12565,2024-02-07,11:42:00,P05,Chicken Supreme,Chicken,Large,1,21.25,21.25
12566,2024-04-20,19:25:00,P04,BBQ Chicken,Chicken,Large,1,16.88,16.88
12567,2024-06-16,15:12:00,P03,Hawaiian,Classic,Medium,2,16.0,32.0
12568,2024-05-06,12:41:00,P04,BBQ Chicken,Chicken,Medium,3,13.5,40.5
12569,2024-02-10,11:38:00,P12,Paneer Tikka,Specialty,XL,1,19.5,19.5
12570,2024-06-07,21:14:00,P14,Mexican Green,Specialty,Medium,2,10.0,20.0
12571,2024-06-30,14:44:00,P05,Chicken Supreme,Chicken,Medium,1,17.0,17.0
12572,2024-06-14,17:13:00,P13,Farmhouse,Specialty,Medium,1,17.5,17.5
12573,2024-12-20,11:23:00,P04,BBQ Chicken,Chicken,Large,1,16.88,16.88
12574,2024-05-25,19:16:00,P07,Veggie Garden,Veggie,Large,1,14.38,14.38
12575,2024-01-16,14:23:00,P03,Hawaiian,Classic,Small,1,13.6,13.6
12576,2024-02-21,13:42:00,P09,Spinach Feta,Veggie,XL,1,14.25,14.25
12577,2024-08-06,16:16:00,P15,Truffle Mushroom,Specialty,Large,2,23.75,47.5
12578,2024-10-24,14:03:00,P09,Spinach Feta,Veggie,Large,2,11.88,23.76
12579,2024-07-05,21:29:00,P05,Chicken Supreme,Chicken,Small,1,14.45,14.45
12580,2024-07-03,10:38:00,P10,Four Cheese,Cheese,Medium,1,12.5,12.5
12581,2024-02-22,10:23:00,P02,Pepperoni,Classic,Large,1,15.0,15.0
12582,2024-05-12,15:54:00,P13,Farmhouse,Specialty,Medium,1,17.5,17.5
12583,2024-12-27,16:12:00,P07,Veggie Garden,Veggie,Large,1,14.38,14.38
12584,2024-12-15,21:06:00,P06,Buffalo Chicken,Chicken,Large,1,13.12,13.12
12585,2024-11-06,20:34:00,P08,Veggie Supreme,Veggie,Medium,3,15.5,46.5
12586,2024-10-24,14:23:00,P09,Spinach Feta,Veggie,Large,2,11.88,23.76
12587,2024-07-17,16:53:00,P01,Margherita,Classic,Small,1,6.8,6.8
12588,2024-07-01,16:14:00,P10,Four Cheese,Cheese,Medium,1,12.5,12.5
12589,2024-01-05,14:03:00,P03,Hawaiian,Classic,Small,1,13.6,13.6
12590,2024-10-12,13:52:00,P10,Four Cheese,Cheese,Medium,2,12.5,25.0
12591,2024-08-05,18:29:00,P12,Paneer Tikka,Specialty,Medium,1,13.0,13.0
12592,2024-08-27,15:39:00,P12,Paneer Tikka,Specialty,Large,1,16.25,16.25
12593,2024-12-26,21:29:00,P08,Veggie Supreme,Veggie,Large,2,19.38,38.76
12594,2024-12-05,21:06:00,P07,Veggie Garden,Veggie,Medium,1,11.5,11.5
12595,2024-11-19,21:54:00,P02,Pepperoni,Classic,Large,1,15.0,15.0
12596,2024-04-08,10:06:00,P11,Cheese Burst,Cheese,Small,1,14.03,14.03
12597,2024-03-13,11:38:00,P03,Hawaiian,Classic,Medium,1,16.0,16.0
12598,2024-06-18,11:12:00,P07,Veggie Garden,Veggie,Medium,1,11.5,11.5
12599,2024-06-05,12:44:00,P04,BBQ Chicken,Chicken,Medium,1,13.5,13.5
12600,2024-08-09,21:25:00,P02,Pepperoni,Classic,Large,1,15.0,15.0
12601,2024-04-08,21:28:00,P09,Spinach Feta,Veggie,Medium,1,9.5,9.5
12602,2024-08-31,15:02:00,P01,Margherita,Classic,Large,2,10.0,20.0
12603,2024-07-12,16:21:00,P11,Cheese Burst,Cheese,Large,1,20.62,20.62
12604,2024-06-03,12:21:00,P04,BBQ Chicken,Chicken,XL,1,20.25,20.25
12605,2024-04-25,10:48:00,P01,Margherita,Classic,Medium,2,8.0,16.0
12606,2024-07-29,17:26:00,P07,Veggie Garden,Veggie,Medium,2,11.5,23.0
12607,2024-10-18,20:16:00,P01,Margherita,Classic,Medium,2,8.0,16.0
12608,2024-02-25,19:53:00,P04,BBQ Chicken,Chicken,XL,1,20.25,20.25
12609,2024-12-02,21:09:00,P10,Four Cheese,Cheese,Medium,1,12.5,12.5
12610,2024-07-20,15:16:00,P01,Margherita,Classic,Medium,2,8.0,16.0
12611,2024-08-05,12:33:00,P12,Paneer Tikka,Specialty,Medium,2,13.0,26.0
12612,2024-06-26,20:20:00,P01,Margherita,Classic,Medium,1,8.0,8.0
12613,2024-02-05,15:45:00,P03,Hawaiian,Classic,Medium,3,16.0,48.0
12614,2024-04-04,16:43:00,P11,Cheese Burst,Cheese,Small,1,14.03,14.03
12615,2024-11-15,11:17:00,P04,BBQ Chicken,Chicken,Medium,4,13.5,54.0
12616,2024-09-25,22:24:00,P02,Pepperoni,Classic,Medium,2,12.0,24.0
12617,2024-09-17,16:28:00,P05,Chicken Supreme,Chicken,Medium,2,17.0,34.0
12618,2024-12-29,18:45:00,P03,Hawaiian,Classic,Medium,3,16.0,48.0
12619,2024-07-04,18:40:00,P12,Paneer Tikka,Specialty,Small,2,11.05,22.1
12620,2024-03-14,16:15:00,P04,BBQ Chicken,Chicken,XL,1,20.25,20.25
12621,2024-07-06,21:11:00,P12,Paneer Tikka,Specialty,Medium,1,13.0,13.0
12622,2024-06-20,19:31:00,P13,Farmhouse,Specialty,Large,1,21.88,21.88
12623,2024-03-03,12:28:00,P06,Buffalo Chicken,Chicken,Medium,1,10.5,10.5
12624,2024-10-27,14:49:00,P13,Farmhouse,Specialty,Large,2,21.88,43.76
12625,2024-01-26,12:25:00,P05,Chicken Supreme,Chicken,Medium,1,17.0,17.0
12626,2024-02-08,10:34:00,P15,Truffle Mushroom,Specialty,Medium,1,19.0,19.0
12627,2024-02-22,20:45:00,P01,Margherita,Classic,Medium,1,8.0,8.0
12628,2024-07-14,12:21:00,P10,Four Cheese,Cheese,Large,3,15.62,46.86
12629,2024-07-06,15:51:00,P07,Veggie Garden,Veggie,Medium,1,11.5,11.5
12630,2024-11-26,15:46:00,P05,Chicken Supreme,Chicken,Medium,1,17.0,17.0
12631,2024-11-24,22:42:00,P09,Spinach Feta,Veggie,Small,1,8.07,8.07
12632,2024-05-01,19:33:00,P10,Four Cheese,Cheese,Medium,2,12.5,25.0
12633,2024-06-07,15:45:00,P01,Margherita,Classic,Medium,1,8.0,8.0
12634,2024-01-04,11:04:00,P02,Pepperoni,Classic,Small,2,10.2,20.4
12635,2024-10-28,12:37:00,P10,Four Cheese,Cheese,Medium,1,12.5,12.5
12636,2024-11-10,17:19:00,P10,Four Cheese,Cheese,Medium,1,12.5,12.5
12637,2024-07-22,13:52:00,P15,Truffle Mushroom,Specialty,Large,3,23.75,71.25
12638,2024-04-16,16:53:00,P11,Cheese Burst,Cheese,Small,1,14.03,14.03
12639,2024-06-12,19:14:00,P14,Mexican Green,Specialty,Medium,1,10.0,10.0
12640,2024-01-01,18:22:00,P10,Four Cheese,Cheese,Large,1,15.62,15.62
12641,2024-06-28,19:39:00,P04,BBQ Chicken,Chicken,Medium,1,13.5,13.5
12642,2024-07-06,11:32:00,P02,Pepperoni,Classic,Medium,1,12.0,12.0
12643,2024-04-14,16:13:00,P12,Paneer Tikka,Specialty,Large,1,16.25,16.25
12644,2024-07-04,10:12:00,P09,Spinach Feta,Veggie,Medium,1,9.5,9.5
12645,2024-07-25,14:04:00,P01,Margherita,Classic,Medium,1,8.0,8.0
12646,2024-05-21,14:10:00,P05,Chicken Supreme,Chicken,XL,2,25.5,51.0
12647,2024-11-02,14:35:00,P14,Mexican Green,Specialty,Large,2,12.5,25.0
12648,2024-09-27,14:06:00,P07,Veggie Garden,Veggie,Medium,1,11.5,11.5
12649,2024-11-20,17:23:00,P06,Buffalo Chicken,Chicken,Small,1,8.92,8.92
12650,2024-02-04,14:11:00,P06,Buffalo Chicken,Chicken,Medium,1,10.5,10.5
12651,2024-07-30,14:55:00,P03,Hawaiian,Classic,Small,1,13.6,13.6
12652,2024-03-25,16:02:00,P05,Chicken Supreme,Chicken,Small,1,14.45,14.45
12653,2024-03-29,20:35:00,P05,Chicken Supreme,Chicken,Medium,1,17.0,17.0
12654,2024-02-21,15:37:00,P01,Margherita,Classic,Large,1,10.0,10.0
12655,2024-04-08,10:02:00,P11,Cheese Burst,Cheese,Large,1,20.62,20.62
12656,2024-03-28,17:47:00,P05,Chicken Supreme,Chicken,Medium,1,17.0,17.0
12657,2024-02-08,11:40:00,P12,Paneer Tikka,Specialty,Medium,3,13.0,39.0
12658,2024-05-25,14:00:00,P12,Paneer Tikka,Specialty,Small,1,11.05,11.05
12659,2024-04-26,19:51:00,P03,Hawaiian,Classic,Medium,2,16.0,32.0
12660,2024-01-12,15:59:00,P10,Four Cheese,Cheese,Small,2,10.62,21.24
12661,2024-12-06,18:52:00,P07,Veggie Garden,Veggie,Large,1,14.38,14.38
12662,2024-09-25,17:11:00,P13,Farmhouse,Specialty,Small,1,14.88,14.88
12663,2024-09-25,11:18:00,P03,Hawaiian,Classic,Large,1,20.0,20.0
12664,2024-02-17,16:06:00,P10,Four Cheese,Cheese,Medium,1,12.5,12.5
12665,2024-04-01,12:15:00,P09,Spinach Feta,Veggie,Medium,1,9.5,9.5
12666,2024-07-27,15:18:00,P04,BBQ Chicken,Chicken,Small,2,11.47,22.94
12667,2024-02-17,22:47:00,P02,Pepperoni,Classic,Medium,1,12.0,12.0
12668,2024-01-19,12:46:00,P10,Four Cheese,Cheese,Large,1,15.62,15.62
12669,2024-12-10,21:47:00,P11,Cheese Burst,Cheese,Large,2,20.62,41.24
12670,2024-09-11,13:36:00,P04,BBQ Chicken,Chicken,Medium,2,13.5,27.0
12671,2024-05-26,19:12:00,P09,Spinach Feta,Veggie,Medium,1,9.5,9.5
12672,2024-08-26,21:48:00,P05,Chicken Supreme,Chicken,Medium,2,17.0,34.0
12673,2024-07-06,13:14:00,P10,Four Cheese,Cheese,XL,1,18.75,18.75
12674,2024-07-27,20:10:00,P02,Pepperoni,Classic,Large,1,15.0,15.0
12675,2024-07-01,16:14:00,P13,Farmhouse,Specialty,Medium,1,17.5,17.5
12676,2024-06-28,14:25:00,P04,BBQ Chicken,Chicken,Medium,1,13.5,13.5
12677,2024-01-07,22:53:00,P05,Chicken Supreme,Chicken,Medium,3,17.0,51.0
12678,2024-01-13,13:19:00,P01,Margherita,Classic,Medium,1,8.0,8.0
12679,2024-08-13,19:49:00,P02,Pepperoni,Classic,Small,1,10.2,10.2
12680,2024-06-28,14:51:00,P07,Veggie Garden,Veggie,Medium,1,11.5,11.5
12681,2024-05-05,12:26:00,P03,Hawaiian,Classic,Large,1,20.0,20.0
12682,2024-12-21,20:20:00,P12,Paneer Tikka,Specialty,Medium,1,13.0,13.0
12683,2024-01-16,10:14:00,P01,Margherita,Classic,Small,1,6.8,6.8
12684,2024-09-25,10:53:00,P05,Chicken Supreme,Chicken,Large,2,21.25,42.5
12685,2024-03-09,20:51:00,P04,BBQ Chicken,Chicken,Medium,1,13.5,13.5
12686,2024-03-05,21:29:00,P01,Margherita,Classic,Medium,1,8.0,8.0
12687,2024-11-30,13:18:00,P02,Pepperoni,Classic,Medium,1,12.0,12.0
12688,2024-08-09,16:17:00,P05,Chicken Supreme,Chicken,Medium,1,17.0,17.0
12689,2024-08-05,10:10:00,P07,Veggie Garden,Veggie,Medium,1,11.5,11.5
12690,2024-11-03,22:55:00,P05,Chicken Supreme,Chicken,Medium,2,17.0,34.0
12691,2024-12-14,15:08:00,P07,Veggie Garden,Veggie,Large,3,14.38,43.14
12692,2024-10-09,14:21:00,P08,Veggie Supreme,Veggie,Medium,1,15.5,15.5
12693,2024-03-12,12:37:00,P01,Margherita,Classic,Large,1,10.0,10.0
12694,2024-12-20,17:43:00,P07,Veggie Garden,Veggie,Small,2,9.78,19.56
12695,2024-05-02,20:31:00,P14,Mexican Green,Specialty,Large,1,12.5,12.5
12696,2024-10-18,11:59:00,P07,Veggie Garden,Veggie,Large,1,14.38,14.38
12697,2024-10-24,22:55:00,P10,Four Cheese,Cheese,Large,1,15.62,15.62
12698,2024-11-30,15:50:00,P04,BBQ Chicken,Chicken,Medium,2,13.5,27.0
12699,2024-06-26,22:51:00,P11,Cheese Burst,Cheese,Large,1,20.62,20.62
12700,2024-06-09,18:47:00,P11,Cheese Burst,Cheese,Small,2,14.03,28.06
12701,2024-11-09,17:22:00,P07,Veggie Garden,Veggie,Large,2,14.38,28.76
12702,2024-01-03,13:15:00,P15,Truffle Mushroom,Specialty,Small,1,16.15,16.15
12703,2024-05-09,16:33:00,P02,Pepperoni,Classic,Small,2,10.2,20.4
12704,2024-06-06,19:00:00,P01,Margherita,Classic,Medium,2,8.0,16.0
12705,2024-01-22,13:46:00,P11,Cheese Burst,Cheese,Large,1,20.62,20.62
12706,2024-07-02,10:24:00,P12,Paneer Tikka,Specialty,Small,1,11.05,11.05
12707,2024-08-01,11:23:00,P02,Pepperoni,Classic,Large,1,15.0,15.0
12708,2024-05-12,14:36:00,P03,Hawaiian,Classic,XL,1,24.0,24.0
12709,2024-07-01,16:41:00,P01,Margherita,Classic,Medium,1,8.0,8.0
12710,2024-03-31,16:11:00,P04,BBQ Chicken,Chicken,Medium,1,13.5,13.5
12711,2024-05-17,11:55:00,P11,Cheese Burst,Cheese,Large,1,20.62,20.62
12712,2024-06-09,22:17:00,P07,Veggie Garden,Veggie,Medium,2,11.5,23.0
12713,2024-06-03,16:35:00,P04,BBQ Chicken,Chicken,Medium,1,13.5,13.5
12714,2024-06-03,19:09:00,P05,Chicken Supreme,Chicken,Large,1,21.25,21.25
12715,2024-11-08,12:28:00,P01,Margherita,Classic,XL,1,12.0,12.0
12716,2024-01-14,22:18:00,P04,BBQ Chicken,Chicken,Large,1,16.88,16.88
12717,2024-11-30,21:39:00,P10,Four Cheese,Cheese,Medium,1,12.5,12.5
12718,2024-10-20,16:13:00,P15,Truffle Mushroom,Specialty,Medium,1,19.0,19.0
12719,2024-09-07,17:11:00,P12,Paneer Tikka,Specialty,Medium,1,13.0,13.0
12720,2024-05-21,10:03:00,P01,Margherita,Classic,Medium,2,8.0,16.0
12721,2024-10-31,11:50:00,P13,Farmhouse,Specialty,Medium,2,17.5,35.0
12722,2024-06-12,21:27:00,P12,Paneer Tikka,Specialty,Medium,1,13.0,13.0
12723,2024-08-17,17:24:00,P11,Cheese Burst,Cheese,Medium,2,16.5,33.0
12724,2024-06-23,13:32:00,P06,Buffalo Chicken,Chicken,Large,2,13.12,26.24
12725,2024-01-30,14:15:00,P05,Chicken Supreme,Chicken,Large,1,21.25,21.25
12726,2024-04-11,14:41:00,P04,BBQ Chicken,Chicken,Large,3,16.88,50.64
12727,2024-11-25,14:07:00,P01,Margherita,Classic,Small,2,6.8,13.6
12728,2024-05-02,10:36:00,P03,Hawaiian,Classic,Small,1,13.6,13.6
12729,2024-01-01,16:46:00,P03,Hawaiian,Classic,Large,1,20.0,20.0
12730,2024-12-08,22:57:00,P07,Veggie Garden,Veggie,Medium,1,11.5,11.5
12731,2024-08-03,16:58:00,P11,Cheese Burst,Cheese,Medium,1,16.5,16.5
12732,2024-07-19,17:07:00,P07,Veggie Garden,Veggie,Small,2,9.78,19.56
12733,2024-07-04,13:03:00,P01,Margherita,Classic,Medium,1,8.0,8.0
12734,2024-02-18,15:01:00,P14,Mexican Green,Specialty,Medium,2,10.0,20.0
12735,2024-05-06,18:45:00,P14,Mexican Green,Specialty,Large,2,12.5,25.0
12736,2024-11-16,10:10:00,P12,Paneer Tikka,Specialty,Large,1,16.25,16.25
12737,2024-06-05,19:26:00,P15,Truffle Mushroom,Specialty,Medium,2,19.0,38.0
12738,2024-10-11,10:27:00,P08,Veggie Supreme,Veggie,Medium,1,15.5,15.5
12739,2024-12-16,12:47:00,P14,Mexican Green,Specialty,Large,1,12.5,12.5
12740,2024-06-02,11:28:00,P01,Margherita,Classic,Medium,2,8.0,16.0
12741,2024-07-31,15:33:00,P05,Chicken Supreme,Chicken,Medium,1,17.0,17.0
12742,2024-12-25,15:47:00,P03,Hawaiian,Classic,Large,1,20.0,20.0
12743,2024-06-03,21:07:00,P02,Pepperoni,Classic,Large,2,15.0,30.0
12744,2024-06-16,10:38:00,P02,Pepperoni,Classic,Large,2,15.0,30.0
12745,2024-08-13,20:23:00,P09,Spinach Feta,Veggie,Medium,1,9.5,9.5
12746,2024-08-08,16:36:00,P11,Cheese Burst,Cheese,Medium,2,16.5,33.0
12747,2024-07-07,20:15:00,P08,Veggie Supreme,Veggie,Large,2,19.38,38.76
12748,2024-01-27,18:04:00,P02,Pepperoni,Classic,Small,1,10.2,10.2
12749,2024-07-28,12:05:00,P12,Paneer Tikka,Specialty,Large,1,16.25,16.25
12750,2024-06-22,19:55:00,P09,Spinach Feta,Veggie,Medium,3,9.5,28.5
12751,2024-05-31,19:14:00,P05,Chicken Supreme,Chicken,Large,1,21.25,21.25
12752,2024-02-07,13:28:00,P10,Four Cheese,Cheese,Medium,1,12.5,12.5
12753,2024-07-16,18:50:00,P03,Hawaiian,Classic,Medium,1,16.0,16.0
12754,2024-06-26,14:47:00,P04,BBQ Chicken,Chicken,Medium,2,13.5,27.0
12755,2024-09-17,13:10:00,P13,Farmhouse,Specialty,Large,1,21.88,21.88
12756,2024-08-29,21:26:00,P04,BBQ Chicken,Chicken,Medium,1,13.5,13.5
12757,2024-08-08,16:59:00,P07,Veggie Garden,Veggie,Medium,1,11.5,11.5
12758,2024-06-26,12:04:00,P13,Farmhouse,Specialty,Large,4,21.88,87.52
12759,2024-03-17,15:11:00,P10,Four Cheese,Cheese,Medium,1,12.5,12.5
12760,2024-10-09,15:44:00,P01,Margherita,Classic,Medium,1,8.0,8.0
12761,2024-09-08,10:14:00,P02,Pepperoni,Classic,Small,3,10.2,30.6
12762,2024-12-06,21:16:00,P01,Margherita,Classic,Large,1,10.0,10.0
12763,2024-11-06,13:36:00,P09,Spinach Feta,Veggie,Small,4,8.07,32.28
12764,2024-04-22,17:14:00,P06,Buffalo Chicken,Chicken,Medium,3,10.5,31.5
12765,2024-12-05,12:00:00,P02,Pepperoni,Classic,Large,3,15.0,45.0
12766,2024-01-03,17:40:00,P14,Mexican Green,Specialty,Medium,1,10.0,10.0
12767,2024-08-23,14:08:00,P07,Veggie Garden,Veggie,Medium,2,11.5,23.0
12768,2024-05-08,16:42:00,P03,Hawaiian,Classic,Medium,2,16.0,32.0
12769,2024-01-30,16:21:00,P07,Veggie Garden,Veggie,Large,4,14.38,57.52
12770,2024-05-27,22:26:00,P10,Four Cheese,Cheese,Medium,1,12.5,12.5
12771,2024-08-04,12:26:00,P01,Margherita,Classic,Large,2,10.0,20.0
12772,2024-11-14,20:16:00,P04,BBQ Chicken,Chicken,Large,1,16.88,16.88
12773,2024-01-31,11:18:00,P12,Paneer Tikka,Specialty,Medium,1,13.0,13.0
12774,2024-04-23,15:28:00,P06,Buffalo Chicken,Chicken,Large,1,13.12,13.12
12775,2024-07-25,16:36:00,P08,Veggie Supreme,Veggie,Medium,2,15.5,31.0
12776,2024-03-11,15:11:00,P06,Buffalo Chicken,Chicken,Medium,1,10.5,10.5
12777,2024-05-15,18:17:00,P01,Margherita,Classic,Medium,1,8.0,8.0
12778,2024-10-10,11:30:00,P02,Pepperoni,Classic,Large,4,15.0,60.0
12779,2024-01-17,16:10:00,P06,Buffalo Chicken,Chicken,Medium,1,10.5,10.5
12780,2024-08-31,18:05:00,P03,Hawaiian,Classic,Medium,1,16.0,16.0
12781,2024-09-24,16:38:00,P01,Margherita,Classic,Medium,1,8.0,8.0
12782,2024-04-13,13:34:00,P12,Paneer Tikka,Specialty,Medium,1,13.0,13.0
12783,2024-03-07,19:55:00,P15,Truffle Mushroom,Specialty,Small,2,16.15,32.3
12784,2024-12-13,22:18:00,P12,Paneer Tikka,Specialty,Medium,3,13.0,39.0
12785,2024-03-22,14:20:00,P12,Paneer Tikka,Specialty,Medium,1,13.0,13.0
12786,2024-05-12,18:50:00,P03,Hawaiian,Classic,Medium,2,16.0,32.0
12787,2024-07-29,13:53:00,P14,Mexican Green,Specialty,Medium,1,10.0,10.0
12788,2024-06-02,17:38:00,P02,Pepperoni,Classic,Medium,1,12.0,12.0
12789,2024-10-20,15:18:00,P14,Mexican Green,Specialty,Large,1,12.5,12.5
12790,2024-08-09,19:51:00,P15,Truffle Mushroom,Specialty,XL,1,28.5,28.5
12791,2024-07-21,15:38:00,P10,Four Cheese,Cheese,Medium,1,12.5,12.5
12792,2024-05-29,10:10:00,P15,Truffle Mushroom,Specialty,Small,1,16.15,16.15
12793,2024-04-20,16:46:00,P08,Veggie Supreme,Veggie,XL,1,23.25,23.25
12794,2024-02-18,20:28:00,P03,Hawaiian,Classic,Large,1,20.0,20.0
12795,2024-05-03,22:11:00,P06,Buffalo Chicken,Chicken,Medium,1,10.5,10.5
12796,2024-11-09,20:30:00,P08,Veggie Supreme,Veggie,Small,1,13.17,13.17
12797,2024-12-26,20:56:00,P01,Margherita,Classic,Small,3,6.8,20.4
12798,2024-02-05,11:22:00,P09,Spinach Feta,Veggie,Small,2,8.07,16.14
12799,2024-03-01,13:13:00,P15,Truffle Mushroom,Specialty,Small,1,16.15,16.15
12800,2024-02-18,20:11:00,P02,Pepperoni,Classic,Large,3,15.0,45.0
12801,2024-07-04,22:05:00,P12,Paneer Tikka,Specialty,Medium,2,13.0,26.0
12802,2024-10-26,16:50:00,P13,Farmhouse,Specialty,Large,1,21.88,21.88
12803,2024-12-19,22:43:00,P14,Mexican Green,Specialty,Large,1,12.5,12.5
12804,2024-07-22,19:06:00,P14,Mexican Green,Specialty,Large,2,12.5,25.0
12805,2024-02-02,11:34:00,P07,Veggie Garden,Veggie,Large,1,14.38,14.38
12806,2024-05-27,14:31:00,P15,Truffle Mushroom,Specialty,XL,2,28.5,57.0
12807,2024-06-18,12:00:00,P11,Cheese Burst,Cheese,Medium,2,16.5,33.0
12808,2024-07-09,16:59:00,P02,Pepperoni,Classic,XL,2,18.0,36.0
12809,2024-11-09,15:49:00,P07,Veggie Garden,Veggie,Large,4,14.38,57.52
12810,2024-02-03,12:55:00,P10,Four Cheese,Cheese,Small,1,10.62,10.62
12811,2024-05-17,19:25:00,P03,Hawaiian,Classic,Large,1,20.0,20.0
12812,2024-02-01,21:41:00,P09,Spinach Feta,Veggie,Large,2,11.88,23.76
12813,2024-01-12,17:22:00,P10,Four Cheese,Cheese,Large,1,15.62,15.62
12814,2024-03-18,11:16:00,P02,Pepperoni,Classic,Medium,2,12.0,24.0
12815,2024-11-21,20:07:00,P08,Veggie Supreme,Veggie,Medium,3,15.5,46.5
12816,2024-08-12,12:46:00,P11,Cheese Burst,Cheese,Small,2,14.03,28.06
12817,2024-03-21,19:56:00,P07,Veggie Garden,Veggie,Medium,1,11.5,11.5
12818,2024-05-14,17:24:00,P01,Margherita,Classic,Small,1,6.8,6.8
12819,2024-08-14,19:58:00,P01,Margherita,Classic,Medium,1,8.0,8.0
12820,2024-04-27,14:51:00,P05,Chicken Supreme,Chicken,Large,1,21.25,21.25
12821,2024-10-29,15:59:00,P14,Mexican Green,Specialty,Medium,2,10.0,20.0
12822,2024-06-11,11:24:00,P03,Hawaiian,Classic,Medium,2,16.0,32.0
12823,2024-10-06,13:53:00,P09,Spinach Feta,Veggie,Medium,2,9.5,19.0
12824,2024-03-07,20:07:00,P03,Hawaiian,Classic,Small,1,13.6,13.6
12825,2024-08-02,12:24:00,P04,BBQ Chicken,Chicken,Medium,1,13.5,13.5
12826,2024-11-30,12:07:00,P12,Paneer Tikka,Specialty,Small,2,11.05,22.1
12827,2024-02-03,18:48:00,P11,Cheese Burst,Cheese,Medium,1,16.5,16.5
12828,2024-06-20,12:42:00,P02,Pepperoni,Classic,Small,1,10.2,10.2
12829,2024-01-13,22:11:00,P06,Buffalo Chicken,Chicken,Small,2,8.92,17.84
12830,2024-07-25,16:52:00,P01,Margherita,Classic,Medium,2,8.0,16.0
12831,2024-04-13,11:39:00,P07,Veggie Garden,Veggie,Medium,1,11.5,11.5
12832,2024-01-23,21:58:00,P10,Four Cheese,Cheese,Small,3,10.62,31.86
12833,2024-11-20,11:09:00,P02,Pepperoni,Classic,Medium,1,12.0,12.0
12834,2024-06-03,16:41:00,P04,BBQ Chicken,Chicken,Large,4,16.88,67.52
12835,2024-09-16,13:07:00,P05,Chicken Supreme,Chicken,Large,1,21.25,21.25
12836,2024-11-21,18:26:00,P14,Mexican Green,Specialty,Small,1,8.5,8.5
12837,2024-02-16,11:52:00,P15,Truffle Mushroom,Specialty,Medium,3,19.0,57.0
12838,2024-07-30,20:06:00,P01,Margherita,Classic,Large,1,10.0,10.0
12839,2024-05-30,13:48:00,P11,Cheese Burst,Cheese,Small,2,14.03,28.06
12840,2024-08-30,11:28:00,P05,Chicken Supreme,Chicken,Large,2,21.25,42.5
12841,2024-07-07,21:50:00,P05,Chicken Supreme,Chicken,Large,2,21.25,42.5
12842,2024-07-15,20:11:00,P11,Cheese Burst,Cheese,Large,4,20.62,82.48
12843,2024-10-19,11:29:00,P14,Mexican Green,Specialty,Large,1,12.5,12.5
12844,2024-06-12,15:31:00,P14,Mexican Green,Specialty,Large,2,12.5,25.0
12845,2024-11-24,19:21:00,P08,Veggie Supreme,Veggie,Medium,1,15.5,15.5
12846,2024-09-22,22:10:00,P05,Chicken Supreme,Chicken,Large,1,21.25,21.25
12847,2024-12-13,11:55:00,P12,Paneer Tikka,Specialty,Large,2,16.25,32.5
12848,2024-03-25,18:30:00,P03,Hawaiian,Classic,Large,1,20.0,20.0
12849,2024-11-09,18:51:00,P08,Veggie Supreme,Veggie,Medium,1,15.5,15.5
12850,2024-03-01,10:26:00,P05,Chicken Supreme,Chicken,Medium,1,17.0,17.0
12851,2024-10-12,18:56:00,P10,Four Cheese,Cheese,Large,2,15.62,31.24
12852,2024-03-12,14:04:00,P03,Hawaiian,Classic,Small,4,13.6,54.4
12853,2024-07-16,10:08:00,P02,Pepperoni,Classic,Large,1,15.0,15.0
12854,2024-07-31,16:42:00,P14,Mexican Green,Specialty,XL,1,15.0,15.0
12855,2024-07-25,17:04:00,P02,Pepperoni,Classic,Large,2,15.0,30.0
12856,2024-06-14,16:28:00,P07,Veggie Garden,Veggie,XL,1,17.25,17.25
12857,2024-06-28,18:45:00,P03,Hawaiian,Classic,Large,1,20.0,20.0
12858,2024-11-26,13:58:00,P01,Margherita,Classic,Small,1,6.8,6.8
12859,2024-05-17,11:56:00,P01,Margherita,Classic,Large,1,10.0,10.0
12860,2024-11-03,19:32:00,P02,Pepperoni,Classic,Medium,1,12.0,12.0
12861,2024-08-25,11:11:00,P13,Farmhouse,Specialty,Medium,2,17.5,35.0
12862,2024-05-30,21:24:00,P04,BBQ Chicken,Chicken,Medium,1,13.5,13.5
12863,2024-11-11,14:03:00,P14,Mexican Green,Specialty,Medium,3,10.0,30.0
12864,2024-11-28,11:28:00,P08,Veggie Supreme,Veggie,Medium,2,15.5,31.0
12865,2024-04-17,16:37:00,P06,Buffalo Chicken,Chicken,Medium,2,10.5,21.0
12866,2024-08-07,21:06:00,P08,Veggie Supreme,Veggie,Medium,1,15.5,15.5
12867,2024-08-03,18:09:00,P07,Veggie Garden,Veggie,Large,1,14.38,14.38
12868,2024-10-19,20:20:00,P11,Cheese Burst,Cheese,Medium,1,16.5,16.5
12869,2024-02-12,12:28:00,P04,BBQ Chicken,Chicken,Medium,3,13.5,40.5
12870,2024-03-11,22:44:00,P04,BBQ Chicken,Chicken,Large,1,16.88,16.88
12871,2024-06-29,16:49:00,P13,Farmhouse,Specialty,Large,1,21.88,21.88
12872,2024-07-03,18:40:00,P14,Mexican Green,Specialty,Large,1,12.5,12.5
12873,2024-08-24,22:36:00,P13,Farmhouse,Specialty,Small,1,14.88,14.88
12874,2024-06-06,19:11:00,P06,Buffalo Chicken,Chicken,Large,1,13.12,13.12
12875,2024-09-30,19:20:00,P11,Cheese Burst,Cheese,Medium,1,16.5,16.5
12876,2024-04-26,15:23:00,P07,Veggie Garden,Veggie,Medium,1,11.5,11.5
12877,2024-02-29,10:41:00,P07,Veggie Garden,Veggie,Small,1,9.78,9.78
12878,2024-11-11,18:51:00,P03,Hawaiian,Classic,Medium,1,16.0,16.0
12879,2024-08-19,21:14:00,P08,Veggie Supreme,Veggie,Medium,2,15.5,31.0
12880,2024-11-28,21:52:00,P02,Pepperoni,Classic,Medium,1,12.0,12.0
12881,2024-03-21,18:55:00,P04,BBQ Chicken,Chicken,Medium,1,13.5,13.5
12882,2024-07-31,20:29:00,P13,Farmhouse,Specialty,Large,1,21.88,21.88
12883,2024-10-18,17:24:00,P03,Hawaiian,Classic,Large,1,20.0,20.0
12884,2024-07-17,13:54:00,P01,Margherita,Classic,Medium,3,8.0,24.0
12885,2024-09-02,20:59:00,P01,Margherita,Classic,Medium,1,8.0,8.0
12886,2024-06-11,19:34:00,P14,Mexican Green,Specialty,Medium,2,10.0,20.0
12887,2024-05-08,22:04:00,P07,Veggie Garden,Veggie,XL,3,17.25,51.75
12888,2024-06-14,17:54:00,P05,Chicken Supreme,Chicken,Medium,2,17.0,34.0
12889,2024-08-13,17:03:00,P12,Paneer Tikka,Specialty,Medium,1,13.0,13.0
12890,2024-12-12,14:42:00,P12,Paneer Tikka,Specialty,Medium,1,13.0,13.0
12891,2024-09-25,17:20:00,P04,BBQ Chicken,Chicken,Medium,2,13.5,27.0
12892,2024-04-10,15:30:00,P10,Four Cheese,Cheese,Medium,1,12.5,12.5
12893,2024-07-25,16:56:00,P11,Cheese Burst,Cheese,Small,2,14.03,28.06
12894,2024-08-22,16:37:00,P10,Four Cheese,Cheese,Large,2,15.62,31.24
12895,2024-06-02,13:45:00,P02,Pepperoni,Classic,Large,2,15.0,30.0
12896,2024-04-16,19:43:00,P13,Farmhouse,Specialty,Large,1,21.88,21.88
12897,2024-05-09,20:44:00,P08,Veggie Supreme,Veggie,Small,2,13.17,26.34
12898,2024-02-12,18:57:00,P04,BBQ Chicken,Chicken,Medium,2,13.5,27.0
12899,2024-04-26,14:26:00,P06,Buffalo Chicken,Chicken,Large,2,13.12,26.24
12900,2024-03-16,12:28:00,P01,Margherita,Classic,Large,1,10.0,10.0
12901,2024-03-23,10:59:00,P02,Pepperoni,Classic,Medium,1,12.0,12.0
12902,2024-04-16,14:50:00,P11,Cheese Burst,Cheese,Small,1,14.03,14.03
12903,2024-12-12,11:58:00,P01,Margherita,Classic,Medium,1,8.0,8.0
12904,2024-11-15,18:12:00,P05,Chicken Supreme,Chicken,Medium,1,17.0,17.0
12905,2024-08-09,19:05:00,P07,Veggie Garden,Veggie,Large,3,14.38,43.14
12906,2024-01-12,18:40:00,P01,Margherita,Classic,XL,1,12.0,12.0
12907,2024-07-25,10:49:00,P15,Truffle Mushroom,Specialty,Medium,2,19.0,38.0
12908,2024-01-08,20:16:00,P03,Hawaiian,Classic,Small,1,13.6,13.6
12909,2024-04-04,20:13:00,P04,BBQ Chicken,Chicken,Large,1,16.88,16.88
12910,2024-04-24,20:22:00,P04,BBQ Chicken,Chicken,Small,1,11.47,11.47
12911,2024-11-07,14:29:00,P03,Hawaiian,Classic,XL,1,24.0,24.0
12912,2024-04-07,12:56:00,P01,Margherita,Classic,Large,3,10.0,30.0
12913,2024-01-16,22:26:00,P11,Cheese Burst,Cheese,Large,1,20.62,20.62
12914,2024-08-18,22:48:00,P15,Truffle Mushroom,Specialty,Medium,1,19.0,19.0
12915,2024-12-24,21:44:00,P03,Hawaiian,Classic,Small,1,13.6,13.6
12916,2024-12-30,11:05:00,P10,Four Cheese,Cheese,Medium,3,12.5,37.5
12917,2024-09-21,13:47:00,P11,Cheese Burst,Cheese,Medium,1,16.5,16.5
12918,2024-11-09,11:02:00,P12,Paneer Tikka,Specialty,Medium,1,13.0,13.0
12919,2024-09-03,13:54:00,P06,Buffalo Chicken,Chicken,XL,1,15.75,15.75
12920,2024-11-04,17:39:00,P04,BBQ Chicken,Chicken,Large,1,16.88,16.88
12921,2024-07-31,16:42:00,P04,BBQ Chicken,Chicken,Large,1,16.88,16.88
12922,2024-09-02,22:39:00,P10,Four Cheese,Cheese,Small,2,10.62,21.24
12923,2024-04-14,14:54:00,P12,Paneer Tikka,Specialty,Large,1,16.25,16.25
12924,2024-11-16,20:23:00,P02,Pepperoni,Classic,Large,1,15.0,15.0
12925,2024-01-22,22:07:00,P05,Chicken Supreme,Chicken,Medium,1,17.0,17.0
12926,2024-07-13,10:50:00,P13,Farmhouse,Specialty,Large,1,21.88,21.88
12927,2024-01-21,20:31:00,P12,Paneer Tikka,Specialty,Small,1,11.05,11.05
12928,2024-08-19,18:44:00,P15,Truffle Mushroom,Specialty,Medium,4,19.0,76.0
12929,2024-02-13,18:31:00,P11,Cheese Burst,Cheese,Small,2,14.03,28.06
12930,2024-06-28,17:10:00,P05,Chicken Supreme,Chicken,Large,3,21.25,63.75
12931,2024-04-10,12:20:00,P08,Veggie Supreme,Veggie,Medium,2,15.5,31.0
12932,2024-01-18,20:26:00,P10,Four Cheese,Cheese,Medium,1,12.5,12.5
12933,2024-12-23,10:53:00,P01,Margherita,Classic,Small,1,6.8,6.8
12934,2024-10-11,14:28:00,P08,Veggie Supreme,Veggie,Small,1,13.17,13.17
12935,2024-05-16,22:06:00,P10,Four Cheese,Cheese,Small,1,10.62,10.62
12936,2024-04-11,20:59:00,P02,Pepperoni,Classic,Medium,1,12.0,12.0
12937,2024-08-11,14:32:00,P11,Cheese Burst,Cheese,Medium,1,16.5,16.5
12938,2024-01-15,18:04:00,P08,Veggie Supreme,Veggie,Medium,2,15.5,31.0
12939,2024-08-17,14:16:00,P14,Mexican Green,Specialty,Large,3,12.5,37.5
12940,2024-04-23,13:55:00,P01,Margherita,Classic,Medium,2,8.0,16.0
12941,2024-07-31,16:33:00,P03,Hawaiian,Classic,Large,3,20.0,60.0
12942,2024-10-22,14:03:00,P09,Spinach Feta,Veggie,Small,1,8.07,8.07
12943,2024-05-06,13:07:00,P04,BBQ Chicken,Chicken,Medium,1,13.5,13.5
12944,2024-05-07,12:45:00,P10,Four Cheese,Cheese,Medium,2,12.5,25.0
12945,2024-08-05,11:54:00,P11,Cheese Burst,Cheese,Medium,1,16.5,16.5
12946,2024-12-15,21:14:00,P02,Pepperoni,Classic,Small,1,10.2,10.2
12947,2024-08-31,13:57:00,P07,Veggie Garden,Veggie,Large,1,14.38,14.38
12948,2024-08-20,11:00:00,P07,Veggie Garden,Veggie,Large,1,14.38,14.38
12949,2024-08-26,16:46:00,P05,Chicken Supreme,Chicken,Small,1,14.45,14.45
12950,2024-08-07,17:34:00,P14,Mexican Green,Specialty,Medium,1,10.0,10.0
12951,2024-11-19,11:11:00,P12,Paneer Tikka,Specialty,XL,1,19.5,19.5
12952,2024-11-01,14:09:00,P10,Four Cheese,Cheese,Small,2,10.62,21.24
12953,2024-12-06,17:24:00,P10,Four Cheese,Cheese,Medium,1,12.5,12.5
12954,2024-07-16,14:39:00,P06,Buffalo Chicken,Chicken,XL,1,15.75,15.75
12955,2024-12-25,11:29:00,P14,Mexican Green,Specialty,XL,1,15.0,15.0
12956,2024-01-14,13:45:00,P10,Four Cheese,Cheese,Medium,1,12.5,12.5
12957,2024-03-02,11:45:00,P11,Cheese Burst,Cheese,Small,2,14.03,28.06
12958,2024-11-04,21:54:00,P13,Farmhouse,Specialty,Medium,2,17.5,35.0
12959,2024-09-05,15:37:00,P04,BBQ Chicken,Chicken,Large,2,16.88,33.76
12960,2024-04-12,11:44:00,P12,Paneer Tikka,Specialty,Large,1,16.25,16.25
12961,2024-09-20,21:00:00,P02,Pepperoni,Classic,Medium,1,12.0,12.0
12962,2024-08-20,17:40:00,P04,BBQ Chicken,Chicken,Large,1,16.88,16.88
12963,2024-01-05,22:45:00,P04,BBQ Chicken,Chicken,Large,1,16.88,16.88
12964,2024-06-12,10:40:00,P15,Truffle Mushroom,Specialty,Large,1,23.75,23.75
12965,2024-11-30,13:35:00,P13,Farmhouse,Specialty,Large,1,21.88,21.88
12966,2024-09-12,11:59:00,P10,Four Cheese,Cheese,Large,1,15.62,15.62
12967,2024-09-16,11:23:00,P10,Four Cheese,Cheese,Medium,2,12.5,25.0
12968,2024-08-27,16:58:00,P08,Veggie Supreme,Veggie,Medium,1,15.5,15.5
12969,2024-06-18,11:45:00,P14,Mexican Green,Specialty,Large,2,12.5,25.0
12970,2024-01-02,11:00:00,P07,Veggie Garden,Veggie,Medium,1,11.5,11.5
12971,2024-09-25,15:21:00,P05,Chicken Supreme,Chicken,Medium,1,17.0,17.0
12972,2024-01-17,20:48:00,P02,Pepperoni,Classic,Large,4,15.0,60.0
12973,2024-12-07,20:05:00,P12,Paneer Tikka,Specialty,Large,3,16.25,48.75
12974,2024-04-25,12:45:00,P11,Cheese Burst,Cheese,Large,1,20.62,20.62
12975,2024-09-05,15:16:00,P05,Chicken Supreme,Chicken,Small,1,14.45,14.45
12976,2024-08-14,10:50:00,P01,Margherita,Classic,Medium,1,8.0,8.0
12977,2024-12-22,12:22:00,P12,Paneer Tikka,Specialty,Medium,1,13.0,13.0
12978,2024-05-14,11:09:00,P01,Margherita,Classic,Large,2,10.0,20.0
12979,2024-07-01,19:18:00,P10,Four Cheese,Cheese,Small,3,10.62,31.86
12980,2024-01-23,10:01:00,P15,Truffle Mushroom,Specialty,Large,2,23.75,47.5
12981,2024-08-07,19:31:00,P06,Buffalo Chicken,Chicken,Large,1,13.12,13.12
12982,2024-12-18,18:28:00,P03,Hawaiian,Classic,Medium,1,16.0,16.0
12983,2024-07-25,11:17:00,P10,Four Cheese,Cheese,XL,1,18.75,18.75
12984,2024-09-02,16:13:00,P12,Paneer Tikka,Specialty,Large,3,16.25,48.75
12985,2024-10-11,11:51:00,P08,Veggie Supreme,Veggie,Medium,3,15.5,46.5
12986,2024-03-23,22:04:00,P15,Truffle Mushroom,Specialty,Small,1,16.15,16.15
12987,2024-04-14,11:44:00,P01,Margherita,Classic,Medium,1,8.0,8.0
12988,2024-03-09,17:53:00,P07,Veggie Garden,Veggie,Medium,1,11.5,11.5
12989,2024-06-28,19:23:00,P10,Four Cheese,Cheese,Large,1,15.62,15.62
12990,2024-03-23,13:42:00,P13,Farmhouse,Specialty,XL,2,26.25,52.5
12991,2024-11-24,14:53:00,P02,Pepperoni,Classic,Small,1,10.2,10.2
12992,2024-12-13,20:33:00,P12,Paneer Tikka,Specialty,Medium,1,13.0,13.0
12993,2024-08-19,16:56:00,P08,Veggie Supreme,Veggie,Medium,1,15.5,15.5
12994,2024-05-28,14:10:00,P05,Chicken Supreme,Chicken,Small,2,14.45,28.9
12995,2024-08-22,18:10:00,P02,Pepperoni,Classic,Medium,1,12.0,12.0
12996,2024-08-16,18:00:00,P13,Farmhouse,Specialty,Medium,2,17.5,35.0
12997,2024-10-08,19:58:00,P02,Pepperoni,Classic,Medium,3,12.0,36.0
12998,2024-08-19,12:15:00,P04,BBQ Chicken,Chicken,Large,3,16.88,50.64
12999,2024-02-25,14:49:00,P04,BBQ Chicken,Chicken,Large,1,16.88,16.88
13000,2024-03-08,16:11:00,P13,Farmhouse,Specialty,Small,1,14.88,14.88
13001,2024-05-31,16:42:00,P10,Four Cheese,Cheese,Large,1,15.62,15.62
13002,2024-01-22,21:38:00,P12,Paneer Tikka,Specialty,Large,1,16.25,16.25
13003,2024-05-27,19:48:00,P03,Hawaiian,Classic,Large,1,20.0,20.0
13004,2024-11-20,17:41:00,P09,Spinach Feta,Veggie,Medium,1,9.5,9.5
13005,2024-09-18,14:33:00,P08,Veggie Supreme,Veggie,Large,1,19.38,19.38
13006,2024-05-01,21:04:00,P12,Paneer Tikka,Specialty,Large,2,16.25,32.5
13007,2024-09-22,21:02:00,P13,Farmhouse,Specialty,Medium,1,17.5,17.5
13008,2024-03-17,11:34:00,P01,Margherita,Classic,Medium,2,8.0,16.0
13009,2024-04-23,13:51:00,P10,Four Cheese,Cheese,Large,2,15.62,31.24
13010,2024-02-16,15:27:00,P01,Margherita,Classic,Large,2,10.0,20.0
13011,2024-04-10,16:42:00,P08,Veggie Supreme,Veggie,Large,3,19.38,58.14
13012,2024-02-04,18:38:00,P04,BBQ Chicken,Chicken,Large,2,16.88,33.76
13013,2024-10-14,11:46:00,P04,BBQ Chicken,Chicken,Medium,3,13.5,40.5
13014,2024-09-28,12:02:00,P04,BBQ Chicken,Chicken,Small,1,11.47,11.47
13015,2024-04-01,22:53:00,P09,Spinach Feta,Veggie,Medium,1,9.5,9.5
13016,2024-08-15,10:21:00,P04,BBQ Chicken,Chicken,XL,1,20.25,20.25
13017,2024-05-15,17:46:00,P11,Cheese Burst,Cheese,Medium,1,16.5,16.5
13018,2024-02-22,19:53:00,P05,Chicken Supreme,Chicken,Small,1,14.45,14.45
13019,2024-02-06,13:11:00,P01,Margherita,Classic,Large,1,10.0,10.0
13020,2024-03-24,13:29:00,P12,Paneer Tikka,Specialty,Large,1,16.25,16.25
13021,2024-12-07,15:36:00,P04,BBQ Chicken,Chicken,Medium,1,13.5,13.5
13022,2024-12-13,20:13:00,P06,Buffalo Chicken,Chicken,Medium,1,10.5,10.5
13023,2024-03-15,18:23:00,P10,Four Cheese,Cheese,Medium,3,12.5,37.5
13024,2024-01-10,15:42:00,P04,BBQ Chicken,Chicken,Small,1,11.47,11.47
13025,2024-04-14,14:41:00,P01,Margherita,Classic,Large,2,10.0,20.0
13026,2024-02-01,13:13:00,P05,Chicken Supreme,Chicken,Medium,1,17.0,17.0
13027,2024-08-17,13:23:00,P14,Mexican Green,Specialty,Large,3,12.5,37.5
13028,2024-04-05,16:52:00,P09,Spinach Feta,Veggie,Large,3,11.88,35.64
13029,2024-01-10,15:42:00,P10,Four Cheese,Cheese,Large,2,15.62,31.24
13030,2024-01-16,16:31:00,P09,Spinach Feta,Veggie,Medium,2,9.5,19.0
13031,2024-01-18,18:06:00,P02,Pepperoni,Classic,Medium,1,12.0,12.0
13032,2024-07-02,14:46:00,P06,Buffalo Chicken,Chicken,Medium,4,10.5,42.0
13033,2024-03-22,12:00:00,P11,Cheese Burst,Cheese,Medium,3,16.5,49.5
13034,2024-10-15,16:09:00,P02,Pepperoni,Classic,Large,3,15.0,45.0
13035,2024-12-29,20:07:00,P04,BBQ Chicken,Chicken,Medium,2,13.5,27.0
13036,2024-06-08,16:16:00,P04,BBQ Chicken,Chicken,Large,1,16.88,16.88
13037,2024-01-17,18:20:00,P06,Buffalo Chicken,Chicken,Small,3,8.92,26.76
13038,2024-11-06,15:19:00,P15,Truffle Mushroom,Specialty,Small,1,16.15,16.15
13039,2024-03-24,19:25:00,P01,Margherita,Classic,XL,1,12.0,12.0
13040,2024-03-12,22:47:00,P07,Veggie Garden,Veggie,Medium,1,11.5,11.5
13041,2024-06-20,20:28:00,P02,Pepperoni,Classic,Medium,3,12.0,36.0
13042,2024-09-29,11:39:00,P15,Truffle Mushroom,Specialty,Medium,1,19.0,19.0
13043,2024-11-14,11:10:00,P02,Pepperoni,Classic,Medium,1,12.0,12.0
13044,2024-11-30,19:56:00,P05,Chicken Supreme,Chicken,Large,1,21.25,21.25
13045,2024-05-10,12:37:00,P11,Cheese Burst,Cheese,Small,2,14.03,28.06
13046,2024-12-20,18:42:00,P10,Four Cheese,Cheese,Medium,1,12.5,12.5
13047,2024-10-22,13:53:00,P06,Buffalo Chicken,Chicken,Medium,1,10.5,10.5
13048,2024-01-20,22:04:00,P04,BBQ Chicken,Chicken,Large,1,16.88,16.88
13049,2024-10-21,17:06:00,P05,Chicken Supreme,Chicken,Medium,2,17.0,34.0
13050,2024-12-17,13:32:00,P03,Hawaiian,Classic,Small,4,13.6,54.4
13051,2024-10-19,20:35:00,P03,Hawaiian,Classic,Medium,2,16.0,32.0
13052,2024-12-19,10:24:00,P07,Veggie Garden,Veggie,Small,1,9.78,9.78
13053,2024-04-17,11:08:00,P03,Hawaiian,Classic,Medium,3,16.0,48.0
13054,2024-08-17,22:37:00,P04,BBQ Chicken,Chicken,Small,1,11.47,11.47
13055,2024-10-04,12:14:00,P10,Four Cheese,Cheese,Medium,1,12.5,12.5
13056,2024-09-19,22:41:00,P15,Truffle Mushroom,Specialty,Small,1,16.15,16.15
13057,2024-06-12,18:20:00,P09,Spinach Feta,Veggie,Medium,1,9.5,9.5
13058,2024-01-28,19:18:00,P01,Margherita,Classic,Large,2,10.0,20.0
13059,2024-09-29,10:12:00,P01,Margherita,Classic,Large,1,10.0,10.0
13060,2024-02-05,19:41:00,P14,Mexican Green,Specialty,Small,1,8.5,8.5
13061,2024-10-02,18:39:00,P04,BBQ Chicken,Chicken,Medium,1,13.5,13.5
13062,2024-01-06,16:41:00,P02,Pepperoni,Classic,Large,1,15.0,15.0
13063,2024-05-31,13:48:00,P08,Veggie Supreme,Veggie,Large,1,19.38,19.38
13064,2024-09-17,10:10:00,P09,Spinach Feta,Veggie,Small,1,8.07,8.07
13065,2024-10-09,13:22:00,P10,Four Cheese,Cheese,Large,1,15.62,15.62
13066,2024-03-27,10:56:00,P03,Hawaiian,Classic,Medium,2,16.0,32.0
13067,2024-05-28,15:00:00,P01,Margherita,Classic,Medium,2,8.0,16.0
13068,2024-06-08,21:17:00,P15,Truffle Mushroom,Specialty,XL,2,28.5,57.0
13069,2024-01-07,15:37:00,P03,Hawaiian,Classic,Large,1,20.0,20.0
13070,2024-01-14,16:57:00,P10,Four Cheese,Cheese,Large,3,15.62,46.86
13071,2024-02-13,21:40:00,P10,Four Cheese,Cheese,Medium,3,12.5,37.5
13072,2024-03-13,11:17:00,P09,Spinach Feta,Veggie,Medium,2,9.5,19.0
13073,2024-09-17,19:22:00,P04,BBQ Chicken,Chicken,Medium,2,13.5,27.0
13074,2024-11-29,21:12:00,P03,Hawaiian,Classic,Medium,1,16.0,16.0
13075,2024-12-20,12:51:00,P08,Veggie Supreme,Veggie,Medium,4,15.5,62.0
13076,2024-03-19,12:07:00,P13,Farmhouse,Specialty,Medium,1,17.5,17.5
13077,2024-01-23,22:22:00,P14,Mexican Green,Specialty,Small,1,8.5,8.5
13078,2024-01-31,19:01:00,P02,Pepperoni,Classic,Medium,1,12.0,12.0
13079,2024-06-05,15:18:00,P02,Pepperoni,Classic,Large,1,15.0,15.0
13080,2024-06-17,15:28:00,P14,Mexican Green,Specialty,Large,4,12.5,50.0
13081,2024-11-25,15:23:00,P11,Cheese Burst,Cheese,Medium,1,16.5,16.5
13082,2024-09-20,15:06:00,P13,Farmhouse,Specialty,Medium,1,17.5,17.5
13083,2024-07-30,10:35:00,P03,Hawaiian,Classic,Small,2,13.6,27.2
13084,2024-05-15,21:12:00,P08,Veggie Supreme,Veggie,Large,1,19.38,19.38
13085,2024-12-09,11:30:00,P10,Four Cheese,Cheese,Medium,1,12.5,12.5
13086,2024-10-05,22:16:00,P10,Four Cheese,Cheese,Large,1,15.62,15.62
13087,2024-11-01,17:42:00,P05,Chicken Supreme,Chicken,Large,2,21.25,42.5
13088,2024-04-04,22:19:00,P01,Margherita,Classic,Medium,1,8.0,8.0
13089,2024-09-15,11:58:00,P08,Veggie Supreme,Veggie,Medium,2,15.5,31.0
13090,2024-07-30,12:18:00,P03,Hawaiian,Classic,XL,1,24.0,24.0
13091,2024-10-08,12:11:00,P06,Buffalo Chicken,Chicken,Small,1,8.92,8.92
13092,2024-03-12,18:56:00,P14,Mexican Green,Specialty,Large,1,12.5,12.5
13093,2024-12-22,10:09:00,P05,Chicken Supreme,Chicken,XL,1,25.5,25.5
13094,2024-07-31,10:40:00,P12,Paneer Tikka,Specialty,Medium,2,13.0,26.0
13095,2024-08-24,19:28:00,P02,Pepperoni,Classic,Large,2,15.0,30.0
13096,2024-08-10,17:06:00,P10,Four Cheese,Cheese,Large,1,15.62,15.62
13097,2024-04-07,11:29:00,P15,Truffle Mushroom,Specialty,Large,1,23.75,23.75
13098,2024-11-19,18:29:00,P02,Pepperoni,Classic,Medium,2,12.0,24.0
13099,2024-11-29,17:42:00,P01,Margherita,Classic,Medium,1,8.0,8.0
13100,2024-12-16,14:38:00,P06,Buffalo Chicken,Chicken,Small,1,8.92,8.92
13101,2024-12-13,18:18:00,P02,Pepperoni,Classic,Large,4,15.0,60.0
13102,2024-10-16,18:54:00,P11,Cheese Burst,Cheese,Large,1,20.62,20.62
13103,2024-08-01,14:27:00,P13,Farmhouse,Specialty,Medium,4,17.5,70.0
13104,2024-08-30,14:17:00,P06,Buffalo Chicken,Chicken,Medium,1,10.5,10.5
13105,2024-04-26,16:10:00,P03,Hawaiian,Classic,Small,2,13.6,27.2
13106,2024-02-11,20:54:00,P06,Buffalo Chicken,Chicken,Large,1,13.12,13.12
13107,2024-10-17,17:36:00,P10,Four Cheese,Cheese,Large,1,15.62,15.62
13108,2024-03-27,10:00:00,P01,Margherita,Classic,Large,1,10.0,10.0
13109,2024-03-24,14:28:00,P08,Veggie Supreme,Veggie,Large,1,19.38,19.38
13110,2024-06-02,12:37:00,P09,Spinach Feta,Veggie,Large,1,11.88,11.88
13111,2024-09-15,14:58:00,P09,Spinach Feta,Veggie,Large,1,11.88,11.88
13112,2024-01-13,10:34:00,P03,Hawaiian,Classic,Medium,1,16.0,16.0
13113,2024-03-27,12:52:00,P10,Four Cheese,Cheese,Medium,2,12.5,25.0
13114,2024-11-06,22:01:00,P02,Pepperoni,Classic,Large,1,15.0,15.0
13115,2024-07-13,13:47:00,P02,Pepperoni,Classic,Large,1,15.0,15.0
13116,2024-09-01,21:56:00,P13,Farmhouse,Specialty,Medium,1,17.5,17.5
13117,2024-11-24,13:24:00,P11,Cheese Burst,Cheese,Small,1,14.03,14.03
13118,2024-02-21,11:57:00,P01,Margherita,Classic,Medium,1,8.0,8.0
13119,2024-10-21,13:11:00,P03,Hawaiian,Classic,Medium,1,16.0,16.0
13120,2024-02-09,17:59:00,P03,Hawaiian,Classic,Medium,2,16.0,32.0
13121,2024-08-03,15:08:00,P03,Hawaiian,Classic,Medium,1,16.0,16.0
13122,2024-12-31,13:04:00,P03,Hawaiian,Classic,Medium,1,16.0,16.0
13123,2024-10-02,14:01:00,P01,Margherita,Classic,Small,3,6.8,20.4
13124,2024-04-15,17:08:00,P06,Buffalo Chicken,Chicken,Large,2,13.12,26.24
13125,2024-06-15,16:29:00,P11,Cheese Burst,Cheese,Medium,1,16.5,16.5
13126,2024-07-28,19:43:00,P09,Spinach Feta,Veggie,Medium,2,9.5,19.0
13127,2024-02-12,19:44:00,P10,Four Cheese,Cheese,Small,1,10.62,10.62
13128,2024-02-17,14:21:00,P01,Margherita,Classic,Medium,2,8.0,16.0
13129,2024-05-07,14:05:00,P14,Mexican Green,Specialty,Medium,1,10.0,10.0
13130,2024-07-20,20:01:00,P12,Paneer Tikka,Specialty,Large,2,16.25,32.5
13131,2024-11-22,13:36:00,P12,Paneer Tikka,Specialty,Large,4,16.25,65.0
13132,2024-03-23,14:27:00,P12,Paneer Tikka,Specialty,Medium,1,13.0,13.0
13133,2024-08-09,19:37:00,P14,Mexican Green,Specialty,Medium,2,10.0,20.0
13134,2024-03-06,12:59:00,P08,Veggie Supreme,Veggie,Medium,1,15.5,15.5
13135,2024-02-16,19:48:00,P03,Hawaiian,Classic,XL,1,24.0,24.0
13136,2024-12-24,18:01:00,P09,Spinach Feta,Veggie,XL,1,14.25,14.25
13137,2024-11-30,12:04:00,P11,Cheese Burst,Cheese,Medium,1,16.5,16.5
13138,2024-09-02,17:35:00,P11,Cheese Burst,Cheese,Large,2,20.62,41.24
13139,2024-06-26,12:39:00,P07,Veggie Garden,Veggie,Large,1,14.38,14.38
13140,2024-04-28,15:36:00,P01,Margherita,Classic,Large,1,10.0,10.0
13141,2024-08-06,14:16:00,P05,Chicken Supreme,Chicken,Large,1,21.25,21.25
13142,2024-11-13,15:44:00,P14,Mexican Green,Specialty,XL,1,15.0,15.0
13143,2024-06-17,17:11:00,P08,Veggie Supreme,Veggie,Medium,3,15.5,46.5
13144,2024-10-13,10:42:00,P08,Veggie Supreme,Veggie,Medium,1,15.5,15.5
13145,2024-12-14,15:02:00,P03,Hawaiian,Classic,Large,2,20.0,40.0
13146,2024-10-20,18:53:00,P05,Chicken Supreme,Chicken,Large,2,21.25,42.5
13147,2024-10-04,15:31:00,P13,Farmhouse,Specialty,Large,2,21.88,43.76
13148,2024-06-19,22:09:00,P10,Four Cheese,Cheese,Medium,1,12.5,12.5
13149,2024-02-01,20:03:00,P12,Paneer Tikka,Specialty,Medium,2,13.0,26.0
13150,2024-02-14,17:19:00,P06,Buffalo Chicken,Chicken,Small,1,8.92,8.92
13151,2024-08-26,16:00:00,P09,Spinach Feta,Veggie,Medium,3,9.5,28.5
13152,2024-07-06,18:25:00,P03,Hawaiian,Classic,Medium,1,16.0,16.0
13153,2024-07-19,16:39:00,P10,Four Cheese,Cheese,XL,1,18.75,18.75
13154,2024-05-09,19:13:00,P06,Buffalo Chicken,Chicken,Medium,1,10.5,10.5
13155,2024-07-08,21:30:00,P06,Buffalo Chicken,Chicken,Large,2,13.12,26.24
13156,2024-06-02,16:48:00,P10,Four Cheese,Cheese,Medium,1,12.5,12.5
13157,2024-12-04,15:52:00,P14,Mexican Green,Specialty,Large,1,12.5,12.5
13158,2024-01-05,18:05:00,P01,Margherita,Classic,Medium,1,8.0,8.0
13159,2024-02-04,11:13:00,P12,Paneer Tikka,Specialty,Large,3,16.25,48.75
13160,2024-01-25,19:35:00,P04,BBQ Chicken,Chicken,Medium,2,13.5,27.0
13161,2024-07-21,14:40:00,P06,Buffalo Chicken,Chicken,Medium,1,10.5,10.5
13162,2024-08-16,16:17:00,P01,Margherita,Classic,Medium,1,8.0,8.0
13163,2024-06-26,13:55:00,P04,BBQ Chicken,Chicken,Medium,1,13.5,13.5
13164,2024-05-09,19:22:00,P07,Veggie Garden,Veggie,Large,1,14.38,14.38
13165,2024-10-14,22:12:00,P01,Margherita,Classic,Large,3,10.0,30.0
13166,2024-08-04,19:21:00,P07,Veggie Garden,Veggie,XL,1,17.25,17.25
13167,2024-01-27,10:25:00,P14,Mexican Green,Specialty,Large,1,12.5,12.5
13168,2024-01-14,14:13:00,P02,Pepperoni,Classic,XL,1,18.0,18.0
13169,2024-11-20,14:03:00,P11,Cheese Burst,Cheese,Large,1,20.62,20.62
13170,2024-02-24,22:24:00,P05,Chicken Supreme,Chicken,Medium,1,17.0,17.0
13171,2024-02-14,13:49:00,P10,Four Cheese,Cheese,Medium,1,12.5,12.5
13172,2024-03-06,16:03:00,P03,Hawaiian,Classic,Medium,1,16.0,16.0
13173,2024-05-27,10:51:00,P02,Pepperoni,Classic,Small,1,10.2,10.2
13174,2024-01-06,11:19:00,P02,Pepperoni,Classic,Medium,1,12.0,12.0
13175,2024-05-02,16:44:00,P01,Margherita,Classic,Small,1,6.8,6.8
13176,2024-04-14,11:39:00,P02,Pepperoni,Classic,Large,1,15.0,15.0
13177,2024-08-25,15:23:00,P10,Four Cheese,Cheese,Medium,2,12.5,25.0
13178,2024-03-22,20:00:00,P13,Farmhouse,Specialty,Medium,1,17.5,17.5
13179,2024-12-08,22:40:00,P12,Paneer Tikka,Specialty,Large,2,16.25,32.5
13180,2024-12-26,11:47:00,P10,Four Cheese,Cheese,Large,2,15.62,31.24
13181,2024-12-21,22:16:00,P02,Pepperoni,Classic,XL,2,18.0,36.0
13182,2024-06-19,16:01:00,P04,BBQ Chicken,Chicken,Medium,1,13.5,13.5
13183,2024-03-08,21:33:00,P04,BBQ Chicken,Chicken,Medium,1,13.5,13.5
13184,2024-01-01,16:05:00,P03,Hawaiian,Classic,Medium,1,16.0,16.0
13185,2024-09-28,11:45:00,P07,Veggie Garden,Veggie,Medium,2,11.5,23.0
13186,2024-04-25,21:26:00,P07,Veggie Garden,Veggie,Medium,1,11.5,11.5
13187,2024-01-19,21:34:00,P05,Chicken Supreme,Chicken,Medium,2,17.0,34.0
13188,2024-11-19,10:48:00,P04,BBQ Chicken,Chicken,XL,3,20.25,60.75
13189,2024-01-07,14:50:00,P12,Paneer Tikka,Specialty,Small,1,11.05,11.05
13190,2024-06-01,14:57:00,P12,Paneer Tikka,Specialty,Medium,1,13.0,13.0
13191,2024-04-24,18:16:00,P04,BBQ Chicken,Chicken,Medium,2,13.5,27.0
13192,2024-03-02,18:13:00,P13,Farmhouse,Specialty,Large,1,21.88,21.88
13193,2024-09-14,17:14:00,P14,Mexican Green,Specialty,Medium,1,10.0,10.0
13194,2024-02-17,12:32:00,P04,BBQ Chicken,Chicken,Medium,3,13.5,40.5
13195,2024-11-06,21:18:00,P04,BBQ Chicken,Chicken,Small,1,11.47,11.47
13196,2024-08-31,14:00:00,P07,Veggie Garden,Veggie,Medium,3,11.5,34.5
13197,2024-08-22,20:08:00,P14,Mexican Green,Specialty,Small,2,8.5,17.0
13198,2024-04-12,11:28:00,P13,Farmhouse,Specialty,Medium,2,17.5,35.0
13199,2024-10-28,20:01:00,P02,Pepperoni,Classic,Small,1,10.2,10.2
13200,2024-04-08,17:52:00,P05,Chicken Supreme,Chicken,Large,1,21.25,21.25
13201,2024-11-08,12:47:00,P08,Veggie Supreme,Veggie,Medium,1,15.5,15.5
13202,2024-01-22,13:07:00,P07,Veggie Garden,Veggie,Large,1,14.38,14.38
13203,2024-11-11,10:35:00,P02,Pepperoni,Classic,Medium,1,12.0,12.0
13204,2024-08-04,22:00:00,P13,Farmhouse,Specialty,Medium,1,17.5,17.5
13205,2024-02-25,11:03:00,P10,Four Cheese,Cheese,Small,1,10.62,10.62
13206,2024-07-30,17:26:00,P12,Paneer Tikka,Specialty,Medium,1,13.0,13.0
13207,2024-06-26,16:34:00,P13,Farmhouse,Specialty,Medium,2,17.5,35.0
13208,2024-06-01,14:13:00,P11,Cheese Burst,Cheese,Medium,1,16.5,16.5
13209,2024-02-13,17:30:00,P06,Buffalo Chicken,Chicken,Large,1,13.12,13.12
13210,2024-07-15,10:56:00,P09,Spinach Feta,Veggie,Large,2,11.88,23.76
13211,2024-03-14,20:59:00,P02,Pepperoni,Classic,Large,4,15.0,60.0
13212,2024-07-01,13:54:00,P10,Four Cheese,Cheese,Small,1,10.62,10.62
13213,2024-11-20,19:45:00,P02,Pepperoni,Classic,Medium,1,12.0,12.0
13214,2024-02-10,11:19:00,P10,Four Cheese,Cheese,Small,1,10.62,10.62
13215,2024-01-06,20:52:00,P03,Hawaiian,Classic,Large,3,20.0,60.0
13216,2024-09-29,18:56:00,P02,Pepperoni,Classic,Medium,2,12.0,24.0
13217,2024-11-18,13:35:00,P02,Pepperoni,Classic,Small,2,10.2,20.4
13218,2024-03-30,17:53:00,P01,Margherita,Classic,Large,1,10.0,10.0
13219,2024-08-26,11:19:00,P10,Four Cheese,Cheese,Medium,1,12.5,12.5
13220,2024-03-21,12:19:00,P11,Cheese Burst,Cheese,Medium,1,16.5,16.5
13221,2024-03-20,17:50:00,P07,Veggie Garden,Veggie,Small,2,9.78,19.56
13222,2024-11-04,10:03:00,P02,Pepperoni,Classic,Medium,2,12.0,24.0
13223,2024-09-30,13:52:00,P01,Margherita,Classic,Large,3,10.0,30.0
13224,2024-10-17,15:59:00,P01,Margherita,Classic,Medium,1,8.0,8.0
13225,2024-03-03,11:20:00,P02,Pepperoni,Classic,XL,1,18.0,18.0
13226,2024-11-20,22:40:00,P13,Farmhouse,Specialty,Small,1,14.88,14.88
13227,2024-11-05,16:29:00,P03,Hawaiian,Classic,Medium,2,16.0,32.0
13228,2024-02-25,18:13:00,P04,BBQ Chicken,Chicken,Large,2,16.88,33.76
13229,2024-05-28,17:33:00,P02,Pepperoni,Classic,Medium,1,12.0,12.0
13230,2024-01-25,11:44:00,P03,Hawaiian,Classic,Small,1,13.6,13.6
13231,2024-04-04,21:52:00,P07,Veggie Garden,Veggie,Medium,1,11.5,11.5
13232,2024-10-30,15:47:00,P09,Spinach Feta,Veggie,Medium,1,9.5,9.5
13233,2024-05-11,17:41:00,P03,Hawaiian,Classic,Large,2,20.0,40.0
13234,2024-12-04,20:28:00,P01,Margherita,Classic,Large,1,10.0,10.0
13235,2024-12-03,12:39:00,P05,Chicken Supreme,Chicken,Large,2,21.25,42.5
13236,2024-11-26,14:29:00,P03,Hawaiian,Classic,Large,1,20.0,20.0
13237,2024-07-29,14:24:00,P03,Hawaiian,Classic,Medium,2,16.0,32.0
13238,2024-03-04,12:11:00,P14,Mexican Green,Specialty,Medium,1,10.0,10.0
13239,2024-12-11,16:55:00,P09,Spinach Feta,Veggie,Large,2,11.88,23.76
13240,2024-04-21,14:18:00,P08,Veggie Supreme,Veggie,XL,1,23.25,23.25
13241,2024-03-31,15:28:00,P05,Chicken Supreme,Chicken,Small,1,14.45,14.45
13242,2024-01-12,12:08:00,P06,Buffalo Chicken,Chicken,Medium,1,10.5,10.5
13243,2024-12-03,22:02:00,P08,Veggie Supreme,Veggie,Medium,1,15.5,15.5
13244,2024-03-27,19:23:00,P10,Four Cheese,Cheese,Medium,1,12.5,12.5
13245,2024-11-04,14:36:00,P10,Four Cheese,Cheese,Medium,1,12.5,12.5
13246,2024-01-04,18:53:00,P02,Pepperoni,Classic,Medium,3,12.0,36.0
13247,2024-01-28,22:07:00,P07,Veggie Garden,Veggie,Small,1,9.78,9.78
13248,2024-07-02,14:47:00,P05,Chicken Supreme,Chicken,Large,2,21.25,42.5
13249,2024-10-07,11:29:00,P13,Farmhouse,Specialty,Large,4,21.88,87.52
13250,2024-12-25,12:22:00,P09,Spinach Feta,Veggie,XL,1,14.25,14.25
13251,2024-06-05,18:29:00,P07,Veggie Garden,Veggie,Medium,2,11.5,23.0
13252,2024-09-23,14:26:00,P02,Pepperoni,Classic,Medium,1,12.0,12.0
13253,2024-12-16,10:00:00,P09,Spinach Feta,Veggie,Medium,1,9.5,9.5
13254,2024-04-21,19:33:00,P02,Pepperoni,Classic,Medium,1,12.0,12.0
13255,2024-03-20,20:03:00,P04,BBQ Chicken,Chicken,Medium,3,13.5,40.5
13256,2024-03-23,22:40:00,P02,Pepperoni,Classic,Large,1,15.0,15.0
13257,2024-05-10,20:07:00,P10,Four Cheese,Cheese,Small,1,10.62,10.62
13258,2024-03-02,16:32:00,P03,Hawaiian,Classic,XL,1,24.0,24.0
13259,2024-05-15,18:23:00,P05,Chicken Supreme,Chicken,Large,3,21.25,63.75
13260,2024-01-17,20:28:00,P13,Farmhouse,Specialty,Large,1,21.88,21.88
13261,2024-10-25,16:08:00,P03,Hawaiian,Classic,Large,2,20.0,40.0
13262,2024-07-24,14:49:00,P07,Veggie Garden,Veggie,Medium,2,11.5,23.0
13263,2024-11-07,18:54:00,P06,Buffalo Chicken,Chicken,Large,2,13.12,26.24
13264,2024-08-07,22:36:00,P01,Margherita,Classic,Medium,3,8.0,24.0
13265,2024-11-23,15:27:00,P12,Paneer Tikka,Specialty,Large,2,16.25,32.5
13266,2024-10-18,10:05:00,P01,Margherita,Classic,Small,1,6.8,6.8
13267,2024-09-04,12:11:00,P07,Veggie Garden,Veggie,Medium,1,11.5,11.5
13268,2024-03-11,22:27:00,P08,Veggie Supreme,Veggie,Medium,1,15.5,15.5
13269,2024-12-26,10:52:00,P09,Spinach Feta,Veggie,Medium,1,9.5,9.5
13270,2024-01-24,22:18:00,P10,Four Cheese,Cheese,Medium,1,12.5,12.5
13271,2024-10-12,10:31:00,P03,Hawaiian,Classic,Medium,1,16.0,16.0
13272,2024-12-06,12:29:00,P01,Margherita,Classic,Large,1,10.0,10.0
13273,2024-12-17,16:26:00,P10,Four Cheese,Cheese,Medium,4,12.5,50.0
13274,2024-08-05,12:30:00,P07,Veggie Garden,Veggie,Medium,1,11.5,11.5
13275,2024-11-17,19:53:00,P12,Paneer Tikka,Specialty,Medium,3,13.0,39.0
13276,2024-01-10,15:18:00,P12,Paneer Tikka,Specialty,Medium,1,13.0,13.0
13277,2024-10-11,18:31:00,P12,Paneer Tikka,Specialty,Medium,2,13.0,26.0
13278,2024-01-17,12:44:00,P07,Veggie Garden,Veggie,Large,2,14.38,28.76
13279,2024-10-31,16:17:00,P04,BBQ Chicken,Chicken,Small,1,11.47,11.47
13280,2024-03-15,20:59:00,P12,Paneer Tikka,Specialty,Medium,1,13.0,13.0
13281,2024-02-21,13:12:00,P06,Buffalo Chicken,Chicken,Medium,1,10.5,10.5
13282,2024-03-28,20:19:00,P02,Pepperoni,Classic,Medium,1,12.0,12.0
13283,2024-08-30,19:27:00,P13,Farmhouse,Specialty,Medium,3,17.5,52.5
13284,2024-12-20,14:05:00,P13,Farmhouse,Specialty,Large,2,21.88,43.76
13285,2024-08-08,14:22:00,P07,Veggie Garden,Veggie,Medium,1,11.5,11.5
13286,2024-06-28,14:21:00,P01,Margherita,Classic,Medium,1,8.0,8.0
13287,2024-12-17,15:09:00,P05,Chicken Supreme,Chicken,Medium,1,17.0,17.0
13288,2024-06-22,20:48:00,P12,Paneer Tikka,Specialty,Medium,1,13.0,13.0
13289,2024-03-11,20:44:00,P13,Farmhouse,Specialty,Large,1,21.88,21.88
13290,2024-07-05,12:37:00,P03,Hawaiian,Classic,Medium,1,16.0,16.0
13291,2024-02-03,21:31:00,P01,Margherita,Classic,Medium,1,8.0,8.0
13292,2024-09-13,22:33:00,P13,Farmhouse,Specialty,Large,1,21.88,21.88
13293,2024-08-20,18:22:00,P05,Chicken Supreme,Chicken,Medium,1,17.0,17.0
13294,2024-08-29,14:19:00,P08,Veggie Supreme,Veggie,Large,2,19.38,38.76
13295,2024-07-28,11:41:00,P15,Truffle Mushroom,Specialty,Medium,1,19.0,19.0
13296,2024-03-12,11:49:00,P01,Margherita,Classic,Medium,4,8.0,32.0
13297,2024-01-11,20:50:00,P10,Four Cheese,Cheese,Large,3,15.62,46.86
13298,2024-10-25,19:07:00,P01,Margherita,Classic,Large,1,10.0,10.0
13299,2024-10-01,10:54:00,P05,Chicken Supreme,Chicken,Medium,1,17.0,17.0
13300,2024-09-15,14:43:00,P12,Paneer Tikka,Specialty,Large,2,16.25,32.5
13301,2024-04-05,15:15:00,P06,Buffalo Chicken,Chicken,Medium,3,10.5,31.5
13302,2024-04-01,21:15:00,P15,Truffle Mushroom,Specialty,Medium,2,19.0,38.0
13303,2024-11-02,10:24:00,P08,Veggie Supreme,Veggie,Small,1,13.17,13.17
13304,2024-01-18,19:05:00,P04,BBQ Chicken,Chicken,Small,4,11.47,45.88
13305,2024-11-29,11:15:00,P03,Hawaiian,Classic,Large,1,20.0,20.0
13306,2024-03-28,22:00:00,P04,BBQ Chicken,Chicken,Small,2,11.47,22.94
13307,2024-06-14,10:56:00,P05,Chicken Supreme,Chicken,Small,3,14.45,43.35
13308,2024-11-28,22:08:00,P01,Margherita,Classic,Large,1,10.0,10.0
13309,2024-01-06,18:29:00,P05,Chicken Supreme,Chicken,Small,3,14.45,43.35
13310,2024-11-08,14:45:00,P07,Veggie Garden,Veggie,Medium,1,11.5,11.5
13311,2024-11-29,13:33:00,P10,Four Cheese,Cheese,Medium,4,12.5,50.0
13312,2024-07-07,10:41:00,P10,Four Cheese,Cheese,Medium,1,12.5,12.5
13313,2024-03-18,12:16:00,P10,Four Cheese,Cheese,Large,3,15.62,46.86
13314,2024-10-12,20:28:00,P01,Margherita,Classic,Medium,1,8.0,8.0
13315,2024-09-19,18:45:00,P03,Hawaiian,Classic,Medium,2,16.0,32.0
13316,2024-01-23,13:13:00,P10,Four Cheese,Cheese,Large,1,15.62,15.62
13317,2024-05-27,17:51:00,P07,Veggie Garden,Veggie,Medium,1,11.5,11.5
13318,2024-03-21,18:50:00,P01,Margherita,Classic,Medium,1,8.0,8.0
13319,2024-04-03,10:56:00,P12,Paneer Tikka,Specialty,Large,2,16.25,32.5
13320,2024-10-09,20:45:00,P11,Cheese Burst,Cheese,Medium,1,16.5,16.5
13321,2024-12-16,22:25:00,P08,Veggie Supreme,Veggie,Medium,1,15.5,15.5
13322,2024-01-14,19:47:00,P01,Margherita,Classic,Small,1,6.8,6.8
13323,2024-05-07,14:27:00,P11,Cheese Burst,Cheese,Medium,3,16.5,49.5
13324,2024-09-27,18:50:00,P08,Veggie Supreme,Veggie,Small,1,13.17,13.17
13325,2024-11-05,20:43:00,P12,Paneer Tikka,Specialty,Medium,1,13.0,13.0
13326,2024-11-26,21:54:00,P11,Cheese Burst,Cheese,Large,1,20.62,20.62
13327,2024-07-15,21:07:00,P12,Paneer Tikka,Specialty,Medium,1,13.0,13.0
13328,2024-06-02,15:31:00,P07,Veggie Garden,Veggie,Medium,1,11.5,11.5
13329,2024-12-17,21:05:00,P02,Pepperoni,Classic,Large,1,15.0,15.0
13330,2024-04-12,17:43:00,P10,Four Cheese,Cheese,Medium,3,12.5,37.5
13331,2024-07-07,11:22:00,P09,Spinach Feta,Veggie,Large,2,11.88,23.76
13332,2024-12-26,22:16:00,P11,Cheese Burst,Cheese,Medium,1,16.5,16.5
13333,2024-10-27,21:00:00,P02,Pepperoni,Classic,Small,1,10.2,10.2
13334,2024-03-11,22:13:00,P02,Pepperoni,Classic,Large,2,15.0,30.0
13335,2024-07-27,22:48:00,P13,Farmhouse,Specialty,Medium,1,17.5,17.5
13336,2024-04-07,20:57:00,P11,Cheese Burst,Cheese,XL,2,24.75,49.5
13337,2024-03-29,21:43:00,P13,Farmhouse,Specialty,Small,1,14.88,14.88
13338,2024-04-08,18:05:00,P11,Cheese Burst,Cheese,Medium,1,16.5,16.5
13339,2024-06-02,15:38:00,P08,Veggie Supreme,Veggie,Medium,1,15.5,15.5
13340,2024-10-09,17:58:00,P10,Four Cheese,Cheese,Small,2,10.62,21.24
13341,2024-01-31,12:23:00,P13,Farmhouse,Specialty,Large,1,21.88,21.88
13342,2024-01-15,15:05:00,P08,Veggie Supreme,Veggie,Large,1,19.38,19.38
13343,2024-09-23,12:47:00,P09,Spinach Feta,Veggie,Large,1,11.88,11.88
13344,2024-02-12,22:39:00,P02,Pepperoni,Classic,Medium,2,12.0,24.0
13345,2024-12-14,16:41:00,P07,Veggie Garden,Veggie,Medium,3,11.5,34.5
13346,2024-09-11,19:54:00,P10,Four Cheese,Cheese,Large,1,15.62,15.62
13347,2024-09-15,19:13:00,P03,Hawaiian,Classic,Medium,1,16.0,16.0
13348,2024-12-04,14:59:00,P03,Hawaiian,Classic,Large,3,20.0,60.0
13349,2024-05-28,18:12:00,P04,BBQ Chicken,Chicken,Medium,1,13.5,13.5
13350,2024-12-26,19:52:00,P03,Hawaiian,Classic,Small,1,13.6,13.6
13351,2024-10-26,14:37:00,P03,Hawaiian,Classic,Large,1,20.0,20.0
13352,2024-04-18,22:23:00,P06,Buffalo Chicken,Chicken,Large,2,13.12,26.24
13353,2024-06-14,20:28:00,P13,Farmhouse,Specialty,Large,1,21.88,21.88
13354,2024-06-21,21:47:00,P07,Veggie Garden,Veggie,Small,2,9.78,19.56
13355,2024-08-17,18:16:00,P02,Pepperoni,Classic,Medium,1,12.0,12.0
13356,2024-03-02,13:47:00,P01,Margherita,Classic,Medium,1,8.0,8.0
13357,2024-03-01,19:11:00,P10,Four Cheese,Cheese,Medium,2,12.5,25.0
13358,2024-05-16,12:09:00,P05,Chicken Supreme,Chicken,Medium,1,17.0,17.0
13359,2024-12-28,11:07:00,P12,Paneer Tikka,Specialty,Large,1,16.25,16.25
13360,2024-02-12,11:51:00,P10,Four Cheese,Cheese,Medium,2,12.5,25.0
13361,2024-02-08,16:32:00,P12,Paneer Tikka,Specialty,Medium,3,13.0,39.0
13362,2024-02-13,21:32:00,P03,Hawaiian,Classic,Medium,3,16.0,48.0
13363,2024-01-02,12:31:00,P10,Four Cheese,Cheese,Large,3,15.62,46.86
13364,2024-10-18,16:49:00,P03,Hawaiian,Classic,Medium,2,16.0,32.0
13365,2024-12-08,14:46:00,P14,Mexican Green,Specialty,Large,1,12.5,12.5
13366,2024-12-01,17:23:00,P09,Spinach Feta,Veggie,XL,1,14.25,14.25
13367,2024-04-13,21:24:00,P04,BBQ Chicken,Chicken,Large,2,16.88,33.76
13368,2024-09-19,15:06:00,P03,Hawaiian,Classic,XL,1,24.0,24.0
13369,2024-08-30,15:21:00,P02,Pepperoni,Classic,Large,1,15.0,15.0
13370,2024-12-12,18:32:00,P10,Four Cheese,Cheese,Medium,1,12.5,12.5
13371,2024-06-21,16:31:00,P03,Hawaiian,Classic,Medium,1,16.0,16.0
13372,2024-09-13,19:44:00,P08,Veggie Supreme,Veggie,Medium,3,15.5,46.5
13373,2024-03-04,13:28:00,P03,Hawaiian,Classic,Small,1,13.6,13.6
13374,2024-03-10,14:10:00,P10,Four Cheese,Cheese,Large,1,15.62,15.62
13375,2024-09-03,18:29:00,P12,Paneer Tikka,Specialty,Medium,4,13.0,52.0
13376,2024-07-04,16:08:00,P11,Cheese Burst,Cheese,Large,1,20.62,20.62
13377,2024-02-24,15:50:00,P11,Cheese Burst,Cheese,Medium,1,16.5,16.5
13378,2024-10-28,10:25:00,P02,Pepperoni,Classic,Medium,1,12.0,12.0
13379,2024-08-02,12:41:00,P01,Margherita,Classic,XL,2,12.0,24.0
13380,2024-05-23,18:34:00,P10,Four Cheese,Cheese,Medium,2,12.5,25.0
13381,2024-06-27,22:45:00,P05,Chicken Supreme,Chicken,Large,2,21.25,42.5
13382,2024-09-19,11:57:00,P06,Buffalo Chicken,Chicken,Large,2,13.12,26.24
13383,2024-11-29,16:22:00,P01,Margherita,Classic,Medium,1,8.0,8.0
13384,2024-05-24,22:57:00,P03,Hawaiian,Classic,Medium,2,16.0,32.0
13385,2024-01-27,11:36:00,P01,Margherita,Classic,Medium,3,8.0,24.0
13386,2024-04-03,12:57:00,P13,Farmhouse,Specialty,Large,1,21.88,21.88
13387,2024-05-21,20:39:00,P03,Hawaiian,Classic,Medium,1,16.0,16.0
13388,2024-08-02,18:47:00,P08,Veggie Supreme,Veggie,Medium,4,15.5,62.0
13389,2024-05-10,19:00:00,P01,Margherita,Classic,Large,2,10.0,20.0
13390,2024-01-09,18:59:00,P10,Four Cheese,Cheese,Medium,3,12.5,37.5
13391,2024-11-27,10:15:00,P04,BBQ Chicken,Chicken,Large,3,16.88,50.64
13392,2024-12-15,17:45:00,P13,Farmhouse,Specialty,Large,1,21.88,21.88
13393,2024-10-28,19:32:00,P13,Farmhouse,Specialty,Large,2,21.88,43.76
13394,2024-12-23,18:50:00,P04,BBQ Chicken,Chicken,Large,1,16.88,16.88
13395,2024-10-04,12:10:00,P13,Farmhouse,Specialty,Medium,1,17.5,17.5
13396,2024-07-08,14:10:00,P15,Truffle Mushroom,Specialty,XL,2,28.5,57.0
13397,2024-09-26,16:58:00,P12,Paneer Tikka,Specialty,Medium,1,13.0,13.0
13398,2024-06-02,21:19:00,P12,Paneer Tikka,Specialty,Medium,2,13.0,26.0
13399,2024-09-03,14:00:00,P03,Hawaiian,Classic,Small,1,13.6,13.6
13400,2024-01-11,19:46:00,P08,Veggie Supreme,Veggie,XL,1,23.25,23.25
13401,2024-10-27,11:53:00,P01,Margherita,Classic,Large,1,10.0,10.0
13402,2024-10-05,13:59:00,P02,Pepperoni,Classic,Large,1,15.0,15.0
13403,2024-03-16,22:01:00,P15,Truffle Mushroom,Specialty,Small,1,16.15,16.15
13404,2024-12-05,14:01:00,P04,BBQ Chicken,Chicken,Large,1,16.88,16.88
13405,2024-09-28,13:42:00,P11,Cheese Burst,Cheese,Large,4,20.62,82.48
13406,2024-04-11,10:00:00,P12,Paneer Tikka,Specialty,Large,1,16.25,16.25
13407,2024-01-09,14:17:00,P13,Farmhouse,Specialty,Medium,1,17.5,17.5
13408,2024-08-11,11:19:00,P15,Truffle Mushroom,Specialty,Medium,1,19.0,19.0
13409,2024-02-12,11:03:00,P03,Hawaiian,Classic,Small,1,13.6,13.6
13410,2024-04-18,15:06:00,P01,Margherita,Classic,Medium,1,8.0,8.0
13411,2024-03-26,13:57:00,P05,Chicken Supreme,Chicken,Medium,2,17.0,34.0
13412,2024-08-14,13:59:00,P02,Pepperoni,Classic,Medium,2,12.0,24.0
13413,2024-01-20,12:32:00,P01,Margherita,Classic,Small,1,6.8,6.8
13414,2024-08-30,20:20:00,P05,Chicken Supreme,Chicken,Medium,1,17.0,17.0
13415,2024-09-26,15:59:00,P12,Paneer Tikka,Specialty,Small,3,11.05,33.15
13416,2024-10-30,22:35:00,P08,Veggie Supreme,Veggie,Large,2,19.38,38.76
13417,2024-10-24,22:06:00,P04,BBQ Chicken,Chicken,Medium,2,13.5,27.0
13418,2024-09-11,22:53:00,P10,Four Cheese,Cheese,Medium,1,12.5,12.5
13419,2024-05-21,15:15:00,P03,Hawaiian,Classic,Medium,1,16.0,16.0
13420,2024-10-23,13:47:00,P01,Margherita,Classic,Medium,1,8.0,8.0
13421,2024-12-06,14:43:00,P11,Cheese Burst,Cheese,Large,1,20.62,20.62
13422,2024-01-05,17:42:00,P09,Spinach Feta,Veggie,Small,1,8.07,8.07
13423,2024-09-22,20:46:00,P11,Cheese Burst,Cheese,Medium,1,16.5,16.5
13424,2024-09-06,20:34:00,P01,Margherita,Classic,XL,1,12.0,12.0
13425,2024-01-31,17:14:00,P12,Paneer Tikka,Specialty,Medium,2,13.0,26.0
13426,2024-01-09,11:43:00,P09,Spinach Feta,Veggie,Small,2,8.07,16.14
13427,2024-08-09,17:47:00,P08,Veggie Supreme,Veggie,Small,1,13.17,13.17
13428,2024-02-22,10:47:00,P09,Spinach Feta,Veggie,Small,2,8.07,16.14
13429,2024-03-10,18:56:00,P13,Farmhouse,Specialty,XL,1,26.25,26.25
13430,2024-07-21,10:51:00,P08,Veggie Supreme,Veggie,Medium,2,15.5,31.0
13431,2024-03-21,16:50:00,P08,Veggie Supreme,Veggie,Large,1,19.38,19.38
13432,2024-04-07,17:24:00,P15,Truffle Mushroom,Specialty,XL,1,28.5,28.5
13433,2024-05-04,20:37:00,P11,Cheese Burst,Cheese,Medium,2,16.5,33.0
13434,2024-02-06,14:17:00,P06,Buffalo Chicken,Chicken,Small,1,8.92,8.92
13435,2024-05-29,21:59:00,P10,Four Cheese,Cheese,Small,3,10.62,31.86
13436,2024-06-20,15:05:00,P05,Chicken Supreme,Chicken,Medium,1,17.0,17.0
13437,2024-01-27,16:14:00,P03,Hawaiian,Classic,Medium,1,16.0,16.0
13438,2024-11-15,18:16:00,P08,Veggie Supreme,Veggie,Medium,1,15.5,15.5
13439,2024-09-15,19:24:00,P14,Mexican Green,Specialty,Medium,1,10.0,10.0
13440,2024-12-06,15:39:00,P14,Mexican Green,Specialty,Large,1,12.5,12.5
13441,2024-10-14,12:57:00,P04,BBQ Chicken,Chicken,Medium,2,13.5,27.0
13442,2024-06-09,20:44:00,P07,Veggie Garden,Veggie,Large,2,14.38,28.76
13443,2024-05-19,22:20:00,P03,Hawaiian,Classic,Large,2,20.0,40.0
13444,2024-04-12,11:32:00,P15,Truffle Mushroom,Specialty,Small,4,16.15,64.6
13445,2024-06-08,13:02:00,P15,Truffle Mushroom,Specialty,Medium,1,19.0,19.0
13446,2024-11-19,10:49:00,P10,Four Cheese,Cheese,Small,2,10.62,21.24
13447,2024-05-11,22:16:00,P12,Paneer Tikka,Specialty,Small,1,11.05,11.05
13448,2024-07-10,15:01:00,P10,Four Cheese,Cheese,Medium,2,12.5,25.0
13449,2024-06-18,21:44:00,P08,Veggie Supreme,Veggie,Medium,1,15.5,15.5
13450,2024-01-11,14:39:00,P01,Margherita,Classic,Medium,4,8.0,32.0
13451,2024-01-29,13:04:00,P06,Buffalo Chicken,Chicken,XL,2,15.75,31.5
13452,2024-02-03,21:27:00,P10,Four Cheese,Cheese,Small,3,10.62,31.86
13453,2024-04-07,15:53:00,P10,Four Cheese,Cheese,Medium,2,12.5,25.0
13454,2024-01-19,21:24:00,P05,Chicken Supreme,Chicken,Small,3,14.45,43.35
13455,2024-01-13,10:11:00,P14,Mexican Green,Specialty,Medium,2,10.0,20.0
13456,2024-09-15,17:07:00,P02,Pepperoni,Classic,Medium,1,12.0,12.0
13457,2024-08-15,17:58:00,P07,Veggie Garden,Veggie,Large,1,14.38,14.38
13458,2024-03-30,22:07:00,P10,Four Cheese,Cheese,Medium,1,12.5,12.5
13459,2024-08-11,10:02:00,P10,Four Cheese,Cheese,Small,1,10.62,10.62
13460,2024-11-16,11:19:00,P10,Four Cheese,Cheese,Medium,1,12.5,12.5
13461,2024-07-07,20:53:00,P04,BBQ Chicken,Chicken,Small,1,11.47,11.47
13462,2024-07-06,21:36:00,P02,Pepperoni,Classic,Medium,1,12.0,12.0
13463,2024-05-28,19:38:00,P09,Spinach Feta,Veggie,Medium,4,9.5,38.0
13464,2024-08-19,12:17:00,P08,Veggie Supreme,Veggie,Small,3,13.17,39.51
13465,2024-01-17,19:21:00,P02,Pepperoni,Classic,Medium,1,12.0,12.0
13466,2024-05-04,22:35:00,P10,Four Cheese,Cheese,Medium,1,12.5,12.5
13467,2024-11-15,12:10:00,P06,Buffalo Chicken,Chicken,Medium,1,10.5,10.5
13468,2024-12-03,20:03:00,P10,Four Cheese,Cheese,Small,1,10.62,10.62
13469,2024-09-17,19:56:00,P12,Paneer Tikka,Specialty,XL,2,19.5,39.0
13470,2024-02-26,18:09:00,P02,Pepperoni,Classic,Medium,1,12.0,12.0
13471,2024-07-26,19:09:00,P01,Margherita,Classic,Large,1,10.0,10.0
13472,2024-03-25,17:13:00,P11,Cheese Burst,Cheese,Medium,2,16.5,33.0
13473,2024-11-23,10:15:00,P09,Spinach Feta,Veggie,Medium,2,9.5,19.0
13474,2024-10-08,10:41:00,P10,Four Cheese,Cheese,Medium,1,12.5,12.5
13475,2024-12-24,11:01:00,P12,Paneer Tikka,Specialty,Medium,2,13.0,26.0
13476,2024-02-22,18:04:00,P12,Paneer Tikka,Specialty,Small,1,11.05,11.05
13477,2024-02-09,17:04:00,P14,Mexican Green,Specialty,Medium,1,10.0,10.0
13478,2024-02-25,17:04:00,P07,Veggie Garden,Veggie,Large,1,14.38,14.38
13479,2024-03-09,13:16:00,P07,Veggie Garden,Veggie,Large,1,14.38,14.38
13480,2024-11-24,11:32:00,P05,Chicken Supreme,Chicken,Small,1,14.45,14.45
13481,2024-09-27,10:06:00,P02,Pepperoni,Classic,Medium,1,12.0,12.0
13482,2024-08-30,17:46:00,P08,Veggie Supreme,Veggie,Large,2,19.38,38.76
13483,2024-09-18,13:57:00,P04,BBQ Chicken,Chicken,Large,2,16.88,33.76
13484,2024-06-02,19:11:00,P14,Mexican Green,Specialty,Small,1,8.5,8.5
13485,2024-11-28,12:48:00,P08,Veggie Supreme,Veggie,Large,1,19.38,19.38
13486,2024-11-28,11:31:00,P08,Veggie Supreme,Veggie,Medium,2,15.5,31.0
13487,2024-06-26,22:10:00,P05,Chicken Supreme,Chicken,Medium,1,17.0,17.0
13488,2024-04-10,13:33:00,P01,Margherita,Classic,Medium,3,8.0,24.0
13489,2024-07-26,18:38:00,P01,Margherita,Classic,Large,2,10.0,20.0
13490,2024-01-08,17:33:00,P06,Buffalo Chicken,Chicken,Large,1,13.12,13.12
13491,2024-09-17,12:09:00,P01,Margherita,Classic,Large,1,10.0,10.0
13492,2024-07-03,15:28:00,P09,Spinach Feta,Veggie,Small,1,8.07,8.07
13493,2024-08-19,14:18:00,P13,Farmhouse,Specialty,Large,1,21.88,21.88
13494,2024-07-23,20:45:00,P13,Farmhouse,Specialty,Small,1,14.88,14.88
13495,2024-04-13,21:53:00,P10,Four Cheese,Cheese,Medium,1,12.5,12.5
13496,2024-01-05,10:18:00,P03,Hawaiian,Classic,Medium,1,16.0,16.0
13497,2024-02-24,12:16:00,P13,Farmhouse,Specialty,Medium,1,17.5,17.5
13498,2024-03-28,16:52:00,P13,Farmhouse,Specialty,Medium,1,17.5,17.5
13499,2024-06-18,14:21:00,P02,Pepperoni,Classic,Medium,1,12.0,12.0
13500,2024-10-21,22:34:00,P11,Cheese Burst,Cheese,Large,1,20.62,20.62
13501,2024-10-09,21:45:00,P04,BBQ Chicken,Chicken,Medium,1,13.5,13.5
13502,2024-05-06,21:51:00,P12,Paneer Tikka,Specialty,Medium,1,13.0,13.0
13503,2024-03-27,15:03:00,P15,Truffle Mushroom,Specialty,Large,2,23.75,47.5
13504,2024-09-23,11:54:00,P01,Margherita,Classic,Small,1,6.8,6.8
13505,2024-12-06,18:34:00,P13,Farmhouse,Specialty,Medium,2,17.5,35.0
13506,2024-10-19,11:56:00,P09,Spinach Feta,Veggie,Large,1,11.88,11.88
13507,2024-01-30,10:32:00,P15,Truffle Mushroom,Specialty,Medium,1,19.0,19.0
13508,2024-01-03,17:22:00,P07,Veggie Garden,Veggie,Large,1,14.38,14.38
13509,2024-02-28,22:47:00,P12,Paneer Tikka,Specialty,Small,2,11.05,22.1
13510,2024-11-06,10:31:00,P01,Margherita,Classic,Large,1,10.0,10.0
13511,2024-02-29,11:17:00,P04,BBQ Chicken,Chicken,Small,1,11.47,11.47
13512,2024-02-28,14:56:00,P01,Margherita,Classic,Medium,1,8.0,8.0
13513,2024-04-28,11:04:00,P15,Truffle Mushroom,Specialty,Small,1,16.15,16.15
13514,2024-11-20,17:08:00,P12,Paneer Tikka,Specialty,Medium,1,13.0,13.0
13515,2024-06-08,17:13:00,P12,Paneer Tikka,Specialty,Large,2,16.25,32.5
13516,2024-01-18,13:49:00,P14,Mexican Green,Specialty,Large,1,12.5,12.5
13517,2024-01-22,13:14:00,P01,Margherita,Classic,Large,2,10.0,20.0
13518,2024-09-19,22:33:00,P05,Chicken Supreme,Chicken,Medium,1,17.0,17.0
13519,2024-04-14,14:00:00,P01,Margherita,Classic,Large,2,10.0,20.0
13520,2024-06-07,20:50:00,P03,Hawaiian,Classic,Medium,2,16.0,32.0
13521,2024-10-02,12:53:00,P03,Hawaiian,Classic,Medium,1,16.0,16.0
13522,2024-01-29,22:37:00,P07,Veggie Garden,Veggie,Medium,2,11.5,23.0
13523,2024-05-17,22:30:00,P03,Hawaiian,Classic,Medium,3,16.0,48.0
13524,2024-11-26,16:29:00,P02,Pepperoni,Classic,Large,1,15.0,15.0
13525,2024-06-01,19:56:00,P02,Pepperoni,Classic,Medium,1,12.0,12.0
13526,2024-03-27,20:32:00,P02,Pepperoni,Classic,Medium,2,12.0,24.0
13527,2024-10-19,19:27:00,P15,Truffle Mushroom,Specialty,Large,1,23.75,23.75
13528,2024-06-03,15:37:00,P11,Cheese Burst,Cheese,Large,1,20.62,20.62
13529,2024-02-06,15:24:00,P15,Truffle Mushroom,Specialty,Large,3,23.75,71.25
13530,2024-11-13,10:32:00,P06,Buffalo Chicken,Chicken,Medium,1,10.5,10.5
13531,2024-03-29,17:40:00,P04,BBQ Chicken,Chicken,Medium,2,13.5,27.0
13532,2024-10-24,15:08:00,P12,Paneer Tikka,Specialty,Medium,2,13.0,26.0
13533,2024-01-18,13:33:00,P04,BBQ Chicken,Chicken,Medium,3,13.5,40.5
13534,2024-11-13,15:16:00,P04,BBQ Chicken,Chicken,Large,1,16.88,16.88
13535,2024-11-22,16:22:00,P03,Hawaiian,Classic,Large,1,20.0,20.0
13536,2024-10-02,17:52:00,P02,Pepperoni,Classic,Large,1,15.0,15.0
13537,2024-10-03,21:41:00,P03,Hawaiian,Classic,Small,1,13.6,13.6
13538,2024-11-08,19:48:00,P05,Chicken Supreme,Chicken,Large,1,21.25,21.25
13539,2024-12-12,11:47:00,P10,Four Cheese,Cheese,Large,1,15.62,15.62
13540,2024-09-22,17:20:00,P01,Margherita,Classic,Medium,1,8.0,8.0
13541,2024-07-06,18:21:00,P03,Hawaiian,Classic,Medium,1,16.0,16.0
13542,2024-05-20,17:11:00,P12,Paneer Tikka,Specialty,Large,1,16.25,16.25
13543,2024-07-27,18:56:00,P02,Pepperoni,Classic,Medium,2,12.0,24.0
13544,2024-10-22,21:08:00,P04,BBQ Chicken,Chicken,XL,2,20.25,40.5
13545,2024-03-04,15:24:00,P13,Farmhouse,Specialty,Medium,3,17.5,52.5
13546,2024-06-04,22:35:00,P02,Pepperoni,Classic,Large,1,15.0,15.0
13547,2024-05-18,14:53:00,P01,Margherita,Classic,Large,3,10.0,30.0
13548,2024-06-02,11:03:00,P07,Veggie Garden,Veggie,Medium,2,11.5,23.0
13549,2024-02-10,16:40:00,P04,BBQ Chicken,Chicken,Large,1,16.88,16.88
13550,2024-05-13,20:06:00,P08,Veggie Supreme,Veggie,Medium,1,15.5,15.5
13551,2024-08-25,21:47:00,P12,Paneer Tikka,Specialty,Medium,1,13.0,13.0
13552,2024-02-21,18:50:00,P02,Pepperoni,Classic,Small,1,10.2,10.2
13553,2024-06-06,21:42:00,P08,Veggie Supreme,Veggie,Medium,1,15.5,15.5
13554,2024-09-20,12:50:00,P07,Veggie Garden,Veggie,Large,1,14.38,14.38
13555,2024-04-08,18:25:00,P02,Pepperoni,Classic,Large,2,15.0,30.0
13556,2024-01-30,12:37:00,P09,Spinach Feta,Veggie,Medium,1,9.5,9.5
13557,2024-05-18,13:45:00,P04,BBQ Chicken,Chicken,Medium,1,13.5,13.5
13558,2024-01-31,11:11:00,P07,Veggie Garden,Veggie,Small,2,9.78,19.56
13559,2024-06-04,12:52:00,P01,Margherita,Classic,Large,1,10.0,10.0
13560,2024-07-09,19:51:00,P06,Buffalo Chicken,Chicken,XL,4,15.75,63.0
13561,2024-01-05,22:11:00,P04,BBQ Chicken,Chicken,Medium,1,13.5,13.5
13562,2024-02-28,10:51:00,P12,Paneer Tikka,Specialty,Medium,3,13.0,39.0
13563,2024-10-25,19:18:00,P01,Margherita,Classic,Medium,1,8.0,8.0
13564,2024-04-02,11:47:00,P06,Buffalo Chicken,Chicken,Small,1,8.92,8.92
13565,2024-10-21,19:24:00,P06,Buffalo Chicken,Chicken,Large,1,13.12,13.12
13566,2024-12-01,10:27:00,P10,Four Cheese,Cheese,Medium,2,12.5,25.0
13567,2024-10-25,21:48:00,P08,Veggie Supreme,Veggie,Large,2,19.38,38.76
13568,2024-01-05,10:02:00,P10,Four Cheese,Cheese,Large,1,15.62,15.62
13569,2024-04-21,17:28:00,P11,Cheese Burst,Cheese,Large,3,20.62,61.86
13570,2024-05-11,21:00:00,P13,Farmhouse,Specialty,Large,1,21.88,21.88
13571,2024-07-25,17:51:00,P04,BBQ Chicken,Chicken,Large,2,16.88,33.76
13572,2024-01-31,13:09:00,P08,Veggie Supreme,Veggie,XL,2,23.25,46.5
13573,2024-01-11,11:33:00,P12,Paneer Tikka,Specialty,Medium,1,13.0,13.0
13574,2024-06-04,15:15:00,P15,Truffle Mushroom,Specialty,Small,1,16.15,16.15
13575,2024-01-24,16:54:00,P13,Farmhouse,Specialty,Medium,3,17.5,52.5
13576,2024-06-27,21:49:00,P05,Chicken Supreme,Chicken,Large,3,21.25,63.75
13577,2024-01-07,13:16:00,P02,Pepperoni,Classic,Small,4,10.2,40.8
13578,2024-08-28,13:52:00,P07,Veggie Garden,Veggie,Small,3,9.78,29.34
13579,2024-10-19,10:18:00,P11,Cheese Burst,Cheese,Small,1,14.03,14.03
13580,2024-02-23,19:54:00,P07,Veggie Garden,Veggie,Large,2,14.38,28.76
13581,2024-07-21,10:39:00,P07,Veggie Garden,Veggie,Medium,1,11.5,11.5
13582,2024-04-09,22:24:00,P12,Paneer Tikka,Specialty,Medium,4,13.0,52.0
13583,2024-05-02,15:46:00,P05,Chicken Supreme,Chicken,Small,1,14.45,14.45
13584,2024-05-25,12:17:00,P13,Farmhouse,Specialty,Large,1,21.88,21.88
13585,2024-11-09,16:27:00,P05,Chicken Supreme,Chicken,Medium,1,17.0,17.0
13586,2024-03-21,18:17:00,P04,BBQ Chicken,Chicken,Medium,1,13.5,13.5
13587,2024-11-03,17:42:00,P06,Buffalo Chicken,Chicken,Large,1,13.12,13.12
13588,2024-03-07,18:06:00,P11,Cheese Burst,Cheese,Medium,3,16.5,49.5
13589,2024-07-20,21:43:00,P02,Pepperoni,Classic,Medium,2,12.0,24.0
13590,2024-06-27,12:14:00,P02,Pepperoni,Classic,Medium,1,12.0,12.0
13591,2024-03-25,14:57:00,P14,Mexican Green,Specialty,Medium,2,10.0,20.0
13592,2024-06-13,21:44:00,P02,Pepperoni,Classic,Large,2,15.0,30.0
13593,2024-10-14,18:40:00,P08,Veggie Supreme,Veggie,Medium,1,15.5,15.5
13594,2024-11-05,20:58:00,P08,Veggie Supreme,Veggie,Small,1,13.17,13.17
13595,2024-03-27,19:39:00,P07,Veggie Garden,Veggie,Large,2,14.38,28.76
13596,2024-06-17,15:23:00,P09,Spinach Feta,Veggie,Large,2,11.88,23.76
13597,2024-11-25,17:14:00,P03,Hawaiian,Classic,Medium,1,16.0,16.0
13598,2024-12-19,17:49:00,P08,Veggie Supreme,Veggie,Small,1,13.17,13.17
13599,2024-01-27,18:02:00,P05,Chicken Supreme,Chicken,Large,1,21.25,21.25
13600,2024-10-03,18:38:00,P10,Four Cheese,Cheese,Large,1,15.62,15.62
13601,2024-10-14,11:52:00,P02,Pepperoni,Classic,Medium,1,12.0,12.0
13602,2024-03-25,18:49:00,P08,Veggie Supreme,Veggie,Large,1,19.38,19.38
13603,2024-01-01,13:03:00,P02,Pepperoni,Classic,Small,2,10.2,20.4
13604,2024-03-30,16:33:00,P04,BBQ Chicken,Chicken,Medium,3,13.5,40.5
13605,2024-06-03,22:31:00,P03,Hawaiian,Classic,Small,1,13.6,13.6
13606,2024-03-03,22:43:00,P02,Pepperoni,Classic,Medium,1,12.0,12.0
13607,2024-04-17,16:46:00,P12,Paneer Tikka,Specialty,Small,2,11.05,22.1
13608,2024-11-16,18:25:00,P04,BBQ Chicken,Chicken,Medium,3,13.5,40.5
13609,2024-10-30,18:15:00,P14,Mexican Green,Specialty,Medium,2,10.0,20.0
13610,2024-10-14,19:24:00,P15,Truffle Mushroom,Specialty,Medium,2,19.0,38.0
13611,2024-03-22,22:33:00,P08,Veggie Supreme,Veggie,Small,1,13.17,13.17
13612,2024-05-31,12:14:00,P02,Pepperoni,Classic,Medium,2,12.0,24.0
13613,2024-07-13,16:30:00,P05,Chicken Supreme,Chicken,Large,1,21.25,21.25
13614,2024-09-22,15:54:00,P12,Paneer Tikka,Specialty,Medium,1,13.0,13.0
13615,2024-05-29,18:17:00,P05,Chicken Supreme,Chicken,Large,1,21.25,21.25
13616,2024-05-15,20:37:00,P01,Margherita,Classic,Medium,1,8.0,8.0
13617,2024-04-19,13:05:00,P08,Veggie Supreme,Veggie,Medium,3,15.5,46.5
13618,2024-02-23,21:41:00,P12,Paneer Tikka,Specialty,Medium,3,13.0,39.0
13619,2024-02-09,14:26:00,P12,Paneer Tikka,Specialty,XL,1,19.5,19.5
13620,2024-11-25,20:51:00,P02,Pepperoni,Classic,Small,1,10.2,10.2
13621,2024-02-15,22:33:00,P10,Four Cheese,Cheese,Small,1,10.62,10.62
13622,2024-05-05,19:48:00,P03,Hawaiian,Classic,Medium,1,16.0,16.0
13623,2024-07-25,22:54:00,P03,Hawaiian,Classic,Large,1,20.0,20.0
13624,2024-06-02,20:02:00,P13,Farmhouse,Specialty,XL,3,26.25,78.75
13625,2024-11-18,12:57:00,P03,Hawaiian,Classic,Medium,3,16.0,48.0
13626,2024-07-06,22:34:00,P03,Hawaiian,Classic,Medium,2,16.0,32.0
13627,2024-11-29,19:02:00,P01,Margherita,Classic,Medium,2,8.0,16.0
13628,2024-10-24,22:28:00,P13,Farmhouse,Specialty,Medium,1,17.5,17.5
13629,2024-09-21,15:21:00,P12,Paneer Tikka,Specialty,Medium,1,13.0,13.0
13630,2024-02-27,18:33:00,P09,Spinach Feta,Veggie,Large,1,11.88,11.88
13631,2024-01-25,21:50:00,P11,Cheese Burst,Cheese,Large,1,20.62,20.62
13632,2024-12-04,10:57:00,P02,Pepperoni,Classic,Medium,2,12.0,24.0
13633,2024-07-01,19:12:00,P06,Buffalo Chicken,Chicken,Medium,1,10.5,10.5
13634,2024-10-04,13:42:00,P04,BBQ Chicken,Chicken,Medium,1,13.5,13.5
13635,2024-01-23,16:46:00,P02,Pepperoni,Classic,Medium,1,12.0,12.0
13636,2024-02-21,12:38:00,P07,Veggie Garden,Veggie,Medium,3,11.5,34.5
13637,2024-02-10,13:05:00,P14,Mexican Green,Specialty,Small,1,8.5,8.5
13638,2024-05-17,12:20:00,P01,Margherita,Classic,Small,2,6.8,13.6
13639,2024-08-11,21:29:00,P04,BBQ Chicken,Chicken,Medium,2,13.5,27.0
13640,2024-08-12,15:04:00,P03,Hawaiian,Classic,Large,1,20.0,20.0
13641,2024-09-03,18:42:00,P03,Hawaiian,Classic,Medium,1,16.0,16.0
13642,2024-06-28,18:12:00,P13,Farmhouse,Specialty,Medium,3,17.5,52.5
13643,2024-09-18,14:01:00,P07,Veggie Garden,Veggie,Medium,1,11.5,11.5
13644,2024-01-17,17:11:00,P07,Veggie Garden,Veggie,Small,3,9.78,29.34
13645,2024-06-30,16:53:00,P11,Cheese Burst,Cheese,XL,1,24.75,24.75
13646,2024-06-05,16:08:00,P02,Pepperoni,Classic,Large,1,15.0,15.0
13647,2024-11-29,14:16:00,P07,Veggie Garden,Veggie,Small,3,9.78,29.34
13648,2024-10-07,14:29:00,P06,Buffalo Chicken,Chicken,Large,2,13.12,26.24
13649,2024-08-24,22:58:00,P08,Veggie Supreme,Veggie,Medium,4,15.5,62.0
13650,2024-08-08,11:30:00,P15,Truffle Mushroom,Specialty,XL,2,28.5,57.0
13651,2024-07-29,10:05:00,P11,Cheese Burst,Cheese,Medium,3,16.5,49.5
13652,2024-11-27,15:02:00,P05,Chicken Supreme,Chicken,Medium,2,17.0,34.0
13653,2024-02-04,16:46:00,P12,Paneer Tikka,Specialty,Medium,2,13.0,26.0
13654,2024-06-09,14:28:00,P02,Pepperoni,Classic,Large,1,15.0,15.0
13655,2024-07-15,20:13:00,P01,Margherita,Classic,Medium,1,8.0,8.0
13656,2024-12-17,11:41:00,P03,Hawaiian,Classic,Large,3,20.0,60.0
13657,2024-11-28,11:51:00,P04,BBQ Chicken,Chicken,Small,1,11.47,11.47
13658,2024-10-02,16:10:00,P07,Veggie Garden,Veggie,Large,1,14.38,14.38
13659,2024-01-18,17:26:00,P09,Spinach Feta,Veggie,Small,1,8.07,8.07
13660,2024-06-18,11:34:00,P13,Farmhouse,Specialty,Large,1,21.88,21.88
13661,2024-10-08,16:04:00,P07,Veggie Garden,Veggie,Medium,1,11.5,11.5
13662,2024-03-20,19:10:00,P07,Veggie Garden,Veggie,Medium,1,11.5,11.5
13663,2024-07-26,21:01:00,P01,Margherita,Classic,XL,3,12.0,36.0
13664,2024-06-19,15:25:00,P01,Margherita,Classic,XL,1,12.0,12.0
13665,2024-02-02,17:04:00,P08,Veggie Supreme,Veggie,Large,1,19.38,19.38
13666,2024-02-15,11:38:00,P06,Buffalo Chicken,Chicken,Small,1,8.92,8.92
13667,2024-05-12,17:20:00,P12,Paneer Tikka,Specialty,Medium,1,13.0,13.0
13668,2024-11-08,14:12:00,P02,Pepperoni,Classic,Medium,1,12.0,12.0
13669,2024-12-04,22:01:00,P01,Margherita,Classic,Medium,2,8.0,16.0
13670,2024-12-11,22:57:00,P06,Buffalo Chicken,Chicken,Medium,1,10.5,10.5
13671,2024-03-09,15:47:00,P03,Hawaiian,Classic,Small,3,13.6,40.8
13672,2024-11-20,10:50:00,P01,Margherita,Classic,Large,1,10.0,10.0
13673,2024-09-12,12:18:00,P10,Four Cheese,Cheese,Large,1,15.62,15.62
13674,2024-08-14,17:46:00,P02,Pepperoni,Classic,Small,1,10.2,10.2
13675,2024-03-05,15:21:00,P09,Spinach Feta,Veggie,Medium,1,9.5,9.5
13676,2024-01-17,22:00:00,P04,BBQ Chicken,Chicken,Medium,2,13.5,27.0
13677,2024-01-03,17:05:00,P02,Pepperoni,Classic,Large,3,15.0,45.0
13678,2024-02-21,14:57:00,P05,Chicken Supreme,Chicken,Small,1,14.45,14.45
13679,2024-09-15,20:26:00,P12,Paneer Tikka,Specialty,Medium,1,13.0,13.0
13680,2024-03-26,15:37:00,P05,Chicken Supreme,Chicken,Medium,1,17.0,17.0
13681,2024-12-16,19:42:00,P11,Cheese Burst,Cheese,Medium,1,16.5,16.5
13682,2024-11-07,15:49:00,P02,Pepperoni,Classic,Large,3,15.0,45.0
13683,2024-10-29,15:40:00,P11,Cheese Burst,Cheese,Large,1,20.62,20.62
13684,2024-07-21,11:30:00,P03,Hawaiian,Classic,Small,2,13.6,27.2
13685,2024-04-11,19:26:00,P10,Four Cheese,Cheese,Medium,1,12.5,12.5
13686,2024-09-06,16:45:00,P08,Veggie Supreme,Veggie,XL,1,23.25,23.25
13687,2024-12-31,17:12:00,P14,Mexican Green,Specialty,Small,1,8.5,8.5
13688,2024-03-29,14:40:00,P05,Chicken Supreme,Chicken,Large,1,21.25,21.25
13689,2024-10-11,20:38:00,P01,Margherita,Classic,Large,2,10.0,20.0
13690,2024-05-09,17:11:00,P01,Margherita,Classic,Large,1,10.0,10.0
13691,2024-07-07,20:55:00,P12,Paneer Tikka,Specialty,Medium,2,13.0,26.0
13692,2024-08-13,16:36:00,P07,Veggie Garden,Veggie,Medium,1,11.5,11.5
13693,2024-02-05,19:28:00,P11,Cheese Burst,Cheese,Large,3,20.62,61.86
13694,2024-03-20,15:20:00,P03,Hawaiian,Classic,Medium,1,16.0,16.0
13695,2024-12-23,18:32:00,P04,BBQ Chicken,Chicken,Small,3,11.47,34.41
13696,2024-04-02,20:16:00,P01,Margherita,Classic,Medium,2,8.0,16.0
13697,2024-07-12,17:54:00,P14,Mexican Green,Specialty,Small,3,8.5,25.5
13698,2024-04-27,13:08:00,P10,Four Cheese,Cheese,Large,1,15.62,15.62
13699,2024-07-17,14:00:00,P14,Mexican Green,Specialty,Medium,2,10.0,20.0
13700,2024-10-28,11:39:00,P03,Hawaiian,Classic,Large,1,20.0,20.0
13701,2024-11-26,14:17:00,P09,Spinach Feta,Veggie,Large,1,11.88,11.88
13702,2024-06-20,14:23:00,P10,Four Cheese,Cheese,Small,1,10.62,10.62
13703,2024-03-23,14:28:00,P04,BBQ Chicken,Chicken,Medium,1,13.5,13.5
13704,2024-02-08,11:16:00,P12,Paneer Tikka,Specialty,Large,4,16.25,65.0
13705,2024-10-27,20:36:00,P14,Mexican Green,Specialty,Medium,1,10.0,10.0
13706,2024-05-20,22:54:00,P13,Farmhouse,Specialty,XL,1,26.25,26.25
13707,2024-10-14,22:39:00,P11,Cheese Burst,Cheese,Large,2,20.62,41.24
13708,2024-02-12,17:09:00,P04,BBQ Chicken,Chicken,Small,1,11.47,11.47
13709,2024-08-04,20:10:00,P04,BBQ Chicken,Chicken,Large,2,16.88,33.76
13710,2024-06-04,10:38:00,P14,Mexican Green,Specialty,Small,1,8.5,8.5
13711,2024-10-08,17:37:00,P01,Margherita,Classic,Small,1,6.8,6.8
13712,2024-01-26,21:51:00,P10,Four Cheese,Cheese,Large,1,15.62,15.62
13713,2024-02-04,11:21:00,P10,Four Cheese,Cheese,Large,3,15.62,46.86
13714,2024-08-29,15:57:00,P09,Spinach Feta,Veggie,Medium,2,9.5,19.0
13715,2024-09-15,11:44:00,P15,Truffle Mushroom,Specialty,Medium,4,19.0,76.0
13716,2024-01-08,13:14:00,P04,BBQ Chicken,Chicken,Medium,1,13.5,13.5
13717,2024-02-13,13:38:00,P04,BBQ Chicken,Chicken,Medium,1,13.5,13.5
13718,2024-03-16,22:08:00,P01,Margherita,Classic,Medium,1,8.0,8.0
13719,2024-08-21,17:19:00,P06,Buffalo Chicken,Chicken,Medium,1,10.5,10.5
13720,2024-06-02,14:22:00,P03,Hawaiian,Classic,Medium,1,16.0,16.0
13721,2024-01-18,13:53:00,P04,BBQ Chicken,Chicken,Large,2,16.88,33.76
13722,2024-08-03,19:28:00,P12,Paneer Tikka,Specialty,Medium,1,13.0,13.0
13723,2024-08-17,15:53:00,P14,Mexican Green,Specialty,Medium,1,10.0,10.0
13724,2024-05-20,12:16:00,P02,Pepperoni,Classic,Large,3,15.0,45.0
13725,2024-11-17,11:57:00,P05,Chicken Supreme,Chicken,Large,2,21.25,42.5
13726,2024-06-15,20:13:00,P14,Mexican Green,Specialty,Large,1,12.5,12.5
13727,2024-02-23,17:08:00,P01,Margherita,Classic,Small,1,6.8,6.8
13728,2024-07-31,20:34:00,P02,Pepperoni,Classic,Small,1,10.2,10.2
13729,2024-09-26,20:07:00,P02,Pepperoni,Classic,Medium,1,12.0,12.0
13730,2024-02-04,11:54:00,P08,Veggie Supreme,Veggie,Medium,2,15.5,31.0
13731,2024-03-18,13:07:00,P02,Pepperoni,Classic,Medium,1,12.0,12.0
13732,2024-08-23,11:16:00,P15,Truffle Mushroom,Specialty,Medium,2,19.0,38.0
13733,2024-03-17,15:13:00,P06,Buffalo Chicken,Chicken,Medium,2,10.5,21.0
13734,2024-03-13,20:19:00,P07,Veggie Garden,Veggie,Medium,1,11.5,11.5
13735,2024-02-07,21:41:00,P03,Hawaiian,Classic,Large,1,20.0,20.0
13736,2024-03-26,14:49:00,P07,Veggie Garden,Veggie,Medium,1,11.5,11.5
13737,2024-12-24,22:00:00,P10,Four Cheese,Cheese,Large,2,15.62,31.24
13738,2024-08-17,14:52:00,P11,Cheese Burst,Cheese,Medium,1,16.5,16.5
13739,2024-02-09,18:38:00,P11,Cheese Burst,Cheese,Medium,1,16.5,16.5
13740,2024-06-05,17:29:00,P08,Veggie Supreme,Veggie,Medium,1,15.5,15.5
13741,2024-05-09,11:27:00,P13,Farmhouse,Specialty,Medium,1,17.5,17.5
13742,2024-06-23,17:37:00,P12,Paneer Tikka,Specialty,Small,2,11.05,22.1
13743,2024-09-04,18:24:00,P11,Cheese Burst,Cheese,Large,1,20.62,20.62
13744,2024-10-14,20:53:00,P01,Margherita,Classic,Large,1,10.0,10.0
13745,2024-04-05,17:30:00,P01,Margherita,Classic,Medium,1,8.0,8.0
13746,2024-04-23,17:34:00,P03,Hawaiian,Classic,Small,1,13.6,13.6
13747,2024-10-12,10:54:00,P10,Four Cheese,Cheese,XL,3,18.75,56.25
13748,2024-03-04,10:45:00,P05,Chicken Supreme,Chicken,Medium,2,17.0,34.0
13749,2024-08-06,10:32:00,P05,Chicken Supreme,Chicken,Small,1,14.45,14.45
13750,2024-07-14,22:29:00,P13,Farmhouse,Specialty,Medium,1,17.5,17.5
13751,2024-08-23,22:27:00,P13,Farmhouse,Specialty,Large,1,21.88,21.88
13752,2024-04-05,13:29:00,P13,Farmhouse,Specialty,Medium,1,17.5,17.5
13753,2024-12-27,20:37:00,P04,BBQ Chicken,Chicken,Medium,1,13.5,13.5
13754,2024-09-08,19:11:00,P10,Four Cheese,Cheese,Medium,2,12.5,25.0
13755,2024-11-18,19:21:00,P03,Hawaiian,Classic,Small,1,13.6,13.6
13756,2024-03-01,16:10:00,P02,Pepperoni,Classic,Medium,2,12.0,24.0
13757,2024-01-16,10:45:00,P02,Pepperoni,Classic,Large,1,15.0,15.0
13758,2024-12-01,15:41:00,P04,BBQ Chicken,Chicken,Medium,2,13.5,27.0
13759,2024-04-28,19:52:00,P06,Buffalo Chicken,Chicken,Small,1,8.92,8.92
13760,2024-01-10,13:48:00,P12,Paneer Tikka,Specialty,Small,2,11.05,22.1
13761,2024-09-21,16:01:00,P02,Pepperoni,Classic,Medium,1,12.0,12.0
13762,2024-03-08,13:23:00,P11,Cheese Burst,Cheese,Large,1,20.62,20.62
13763,2024-07-28,20:36:00,P07,Veggie Garden,Veggie,Medium,2,11.5,23.0
13764,2024-08-05,17:21:00,P04,BBQ Chicken,Chicken,Medium,1,13.5,13.5
13765,2024-06-28,14:01:00,P07,Veggie Garden,Veggie,Small,2,9.78,19.56
13766,2024-05-12,12:31:00,P04,BBQ Chicken,Chicken,Medium,2,13.5,27.0
13767,2024-08-23,12:38:00,P08,Veggie Supreme,Veggie,Small,1,13.17,13.17
13768,2024-04-24,13:22:00,P06,Buffalo Chicken,Chicken,Large,1,13.12,13.12
13769,2024-02-15,12:25:00,P02,Pepperoni,Classic,Medium,1,12.0,12.0
13770,2024-11-01,19:06:00,P02,Pepperoni,Classic,Large,1,15.0,15.0
13771,2024-10-14,14:32:00,P08,Veggie Supreme,Veggie,Large,1,19.38,19.38
13772,2024-10-08,22:23:00,P13,Farmhouse,Specialty,Large,2,21.88,43.76
13773,2024-11-02,20:22:00,P04,BBQ Chicken,Chicken,Medium,1,13.5,13.5
13774,2024-01-26,21:44:00,P11,Cheese Burst,Cheese,Medium,1,16.5,16.5
13775,2024-01-31,15:44:00,P10,Four Cheese,Cheese,XL,1,18.75,18.75
13776,2024-01-31,22:47:00,P14,Mexican Green,Specialty,Large,1,12.5,12.5
13777,2024-08-19,22:44:00,P12,Paneer Tikka,Specialty,Large,1,16.25,16.25
13778,2024-11-11,22:51:00,P08,Veggie Supreme,Veggie,Small,2,13.17,26.34
13779,2024-02-21,21:50:00,P10,Four Cheese,Cheese,Medium,2,12.5,25.0
13780,2024-11-13,19:02:00,P13,Farmhouse,Specialty,Large,1,21.88,21.88
13781,2024-03-19,10:37:00,P05,Chicken Supreme,Chicken,Small,3,14.45,43.35
13782,2024-12-09,12:29:00,P04,BBQ Chicken,Chicken,Medium,1,13.5,13.5
13783,2024-02-13,13:52:00,P01,Margherita,Classic,Medium,3,8.0,24.0
13784,2024-09-03,21:26:00,P12,Paneer Tikka,Specialty,Small,2,11.05,22.1
13785,2024-01-22,11:06:00,P12,Paneer Tikka,Specialty,Medium,2,13.0,26.0
13786,2024-09-28,17:29:00,P02,Pepperoni,Classic,Medium,1,12.0,12.0
13787,2024-02-13,10:53:00,P08,Veggie Supreme,Veggie,Small,1,13.17,13.17
13788,2024-03-13,16:04:00,P07,Veggie Garden,Veggie,Medium,1,11.5,11.5
13789,2024-07-07,19:26:00,P02,Pepperoni,Classic,Medium,2,12.0,24.0
13790,2024-11-25,18:17:00,P15,Truffle Mushroom,Specialty,Medium,1,19.0,19.0
13791,2024-03-11,18:30:00,P03,Hawaiian,Classic,Large,2,20.0,40.0
13792,2024-06-08,11:44:00,P01,Margherita,Classic,Medium,1,8.0,8.0
13793,2024-03-15,19:21:00,P08,Veggie Supreme,Veggie,Medium,2,15.5,31.0
13794,2024-02-10,12:23:00,P11,Cheese Burst,Cheese,Large,1,20.62,20.62
13795,2024-11-29,14:15:00,P01,Margherita,Classic,Large,1,10.0,10.0
13796,2024-07-07,21:34:00,P10,Four Cheese,Cheese,Small,1,10.62,10.62
13797,2024-11-12,17:33:00,P07,Veggie Garden,Veggie,Medium,1,11.5,11.5
13798,2024-02-24,11:06:00,P02,Pepperoni,Classic,Medium,1,12.0,12.0
13799,2024-10-31,15:41:00,P02,Pepperoni,Classic,Medium,2,12.0,24.0
13800,2024-09-19,13:42:00,P08,Veggie Supreme,Veggie,Large,1,19.38,19.38
13801,2024-07-26,20:48:00,P04,BBQ Chicken,Chicken,XL,1,20.25,20.25
13802,2024-02-29,15:19:00,P14,Mexican Green,Specialty,Large,2,12.5,25.0
13803,2024-10-13,12:51:00,P12,Paneer Tikka,Specialty,Medium,1,13.0,13.0
13804,2024-05-29,14:17:00,P15,Truffle Mushroom,Specialty,Medium,3,19.0,57.0
13805,2024-06-08,11:50:00,P03,Hawaiian,Classic,XL,4,24.0,96.0
13806,2024-06-03,15:43:00,P15,Truffle Mushroom,Specialty,Medium,1,19.0,19.0
13807,2024-06-06,10:26:00,P06,Buffalo Chicken,Chicken,Medium,1,10.5,10.5
13808,2024-09-03,17:22:00,P04,BBQ Chicken,Chicken,Large,1,16.88,16.88
13809,2024-10-25,12:53:00,P01,Margherita,Classic,Medium,2,8.0,16.0
13810,2024-08-10,13:52:00,P01,Margherita,Classic,Medium,1,8.0,8.0
13811,2024-09-01,15:39:00,P10,Four Cheese,Cheese,Large,2,15.62,31.24
13812,2024-12-07,18:30:00,P06,Buffalo Chicken,Chicken,Small,2,8.92,17.84
13813,2024-05-17,19:29:00,P03,Hawaiian,Classic,Small,1,13.6,13.6
13814,2024-05-17,19:35:00,P09,Spinach Feta,Veggie,Medium,2,9.5,19.0
13815,2024-07-28,21:56:00,P03,Hawaiian,Classic,Medium,2,16.0,32.0
13816,2024-10-25,12:42:00,P08,Veggie Supreme,Veggie,Small,1,13.17,13.17
13817,2024-05-30,13:11:00,P05,Chicken Supreme,Chicken,Medium,3,17.0,51.0
13818,2024-05-03,10:23:00,P12,Paneer Tikka,Specialty,Medium,2,13.0,26.0
13819,2024-05-03,13:26:00,P12,Paneer Tikka,Specialty,Large,1,16.25,16.25
13820,2024-12-23,16:07:00,P07,Veggie Garden,Veggie,Medium,1,11.5,11.5
13821,2024-12-11,11:08:00,P04,BBQ Chicken,Chicken,Large,1,16.88,16.88
13822,2024-09-22,22:50:00,P05,Chicken Supreme,Chicken,Medium,1,17.0,17.0
13823,2024-11-16,11:07:00,P12,Paneer Tikka,Specialty,Large,3,16.25,48.75
13824,2024-11-25,15:42:00,P04,BBQ Chicken,Chicken,Medium,1,13.5,13.5
13825,2024-03-29,16:57:00,P03,Hawaiian,Classic,Small,2,13.6,27.2
13826,2024-11-12,16:37:00,P01,Margherita,Classic,Large,1,10.0,10.0
13827,2024-08-14,17:00:00,P07,Veggie Garden,Veggie,Medium,1,11.5,11.5
13828,2024-01-05,17:50:00,P07,Veggie Garden,Veggie,Small,3,9.78,29.34
13829,2024-08-06,22:25:00,P12,Paneer Tikka,Specialty,Medium,2,13.0,26.0
13830,2024-02-12,21:53:00,P03,Hawaiian,Classic,Large,1,20.0,20.0
13831,2024-01-26,20:33:00,P05,Chicken Supreme,Chicken,Medium,1,17.0,17.0
13832,2024-08-20,11:20:00,P12,Paneer Tikka,Specialty,Medium,1,13.0,13.0
13833,2024-05-07,21:08:00,P12,Paneer Tikka,Specialty,Small,1,11.05,11.05
13834,2024-08-20,16:41:00,P05,Chicken Supreme,Chicken,Medium,1,17.0,17.0
13835,2024-01-09,16:49:00,P06,Buffalo Chicken,Chicken,Medium,1,10.5,10.5
13836,2024-01-10,10:57:00,P04,BBQ Chicken,Chicken,Medium,3,13.5,40.5
13837,2024-09-22,13:09:00,P14,Mexican Green,Specialty,Small,1,8.5,8.5
13838,2024-11-07,15:49:00,P02,Pepperoni,Classic,Medium,3,12.0,36.0
13839,2024-10-19,18:37:00,P14,Mexican Green,Specialty,Large,2,12.5,25.0
13840,2024-02-17,15:22:00,P10,Four Cheese,Cheese,Large,1,15.62,15.62
13841,2024-07-26,22:10:00,P07,Veggie Garden,Veggie,Large,2,14.38,28.76
13842,2024-04-26,12:34:00,P01,Margherita,Classic,Small,1,6.8,6.8
13843,2024-02-17,14:19:00,P07,Veggie Garden,Veggie,XL,2,17.25,34.5
13844,2024-10-19,18:04:00,P05,Chicken Supreme,Chicken,Medium,1,17.0,17.0
13845,2024-04-09,22:51:00,P02,Pepperoni,Classic,XL,1,18.0,18.0
13846,2024-01-17,19:51:00,P10,Four Cheese,Cheese,Medium,2,12.5,25.0
13847,2024-04-17,13:56:00,P15,Truffle Mushroom,Specialty,Medium,1,19.0,19.0
13848,2024-09-07,13:38:00,P08,Veggie Supreme,Veggie,Medium,3,15.5,46.5
13849,2024-04-06,16:29:00,P10,Four Cheese,Cheese,Medium,3,12.5,37.5
13850,2024-11-17,21:42:00,P01,Margherita,Classic,Large,1,10.0,10.0
13851,2024-10-22,10:57:00,P05,Chicken Supreme,Chicken,Large,1,21.25,21.25
13852,2024-09-20,19:39:00,P02,Pepperoni,Classic,XL,1,18.0,18.0
13853,2024-03-15,22:20:00,P09,Spinach Feta,Veggie,Medium,2,9.5,19.0
13854,2024-09-17,17:25:00,P14,Mexican Green,Specialty,Medium,2,10.0,20.0
13855,2024-12-06,18:16:00,P10,Four Cheese,Cheese,Small,1,10.62,10.62
13856,2024-12-22,12:50:00,P01,Margherita,Classic,XL,1,12.0,12.0
13857,2024-11-17,12:54:00,P05,Chicken Supreme,Chicken,Medium,2,17.0,34.0
13858,2024-02-16,17:27:00,P08,Veggie Supreme,Veggie,Large,1,19.38,19.38
13859,2024-01-27,17:00:00,P05,Chicken Supreme,Chicken,Medium,2,17.0,34.0
13860,2024-06-22,20:38:00,P12,Paneer Tikka,Specialty,Medium,1,13.0,13.0
13861,2024-01-18,20:46:00,P12,Paneer Tikka,Specialty,Large,3,16.25,48.75
13862,2024-07-20,13:20:00,P09,Spinach Feta,Veggie,Small,1,8.07,8.07
13863,2024-06-04,10:13:00,P05,Chicken Supreme,Chicken,Medium,1,17.0,17.0
13864,2024-01-20,13:56:00,P03,Hawaiian,Classic,Small,1,13.6,13.6
13865,2024-06-21,22:26:00,P02,Pepperoni,Classic,Large,1,15.0,15.0
13866,2024-05-01,10:55:00,P05,Chicken Supreme,Chicken,Small,3,14.45,43.35
13867,2024-11-03,13:36:00,P05,Chicken Supreme,Chicken,Small,1,14.45,14.45
13868,2024-12-03,10:52:00,P10,Four Cheese,Cheese,Medium,2,12.5,25.0
13869,2024-10-21,19:08:00,P10,Four Cheese,Cheese,Medium,1,12.5,12.5
13870,2024-12-13,21:12:00,P01,Margherita,Classic,Medium,1,8.0,8.0
13871,2024-01-18,21:07:00,P05,Chicken Supreme,Chicken,Small,1,14.45,14.45
13872,2024-08-29,14:06:00,P02,Pepperoni,Classic,XL,2,18.0,36.0
13873,2024-05-22,12:17:00,P02,Pepperoni,Classic,XL,1,18.0,18.0
13874,2024-10-20,19:37:00,P12,Paneer Tikka,Specialty,Medium,1,13.0,13.0
13875,2024-02-28,13:32:00,P01,Margherita,Classic,Large,3,10.0,30.0
13876,2024-05-28,10:42:00,P06,Buffalo Chicken,Chicken,Medium,1,10.5,10.5
13877,2024-11-13,20:55:00,P02,Pepperoni,Classic,Medium,1,12.0,12.0
13878,2024-09-14,18:40:00,P13,Farmhouse,Specialty,Medium,1,17.5,17.5
13879,2024-01-19,15:24:00,P08,Veggie Supreme,Veggie,Medium,1,15.5,15.5
13880,2024-01-04,12:33:00,P03,Hawaiian,Classic,Medium,3,16.0,48.0
13881,2024-12-27,19:48:00,P07,Veggie Garden,Veggie,Medium,1,11.5,11.5
13882,2024-01-27,19:26:00,P11,Cheese Burst,Cheese,Large,1,20.62,20.62
13883,2024-02-13,13:51:00,P14,Mexican Green,Specialty,Medium,1,10.0,10.0
13884,2024-06-01,19:00:00,P03,Hawaiian,Classic,Large,1,20.0,20.0
13885,2024-01-11,13:34:00,P13,Farmhouse,Specialty,Medium,1,17.5,17.5
13886,2024-04-30,22:20:00,P14,Mexican Green,Specialty,Medium,2,10.0,20.0
13887,2024-01-15,18:09:00,P13,Farmhouse,Specialty,Medium,1,17.5,17.5
13888,2024-03-04,15:10:00,P09,Spinach Feta,Veggie,Medium,1,9.5,9.5
13889,2024-04-30,10:19:00,P09,Spinach Feta,Veggie,Large,2,11.88,23.76
13890,2024-08-15,19:09:00,P05,Chicken Supreme,Chicken,Large,1,21.25,21.25
13891,2024-02-23,19:14:00,P11,Cheese Burst,Cheese,Medium,2,16.5,33.0
13892,2024-09-11,22:00:00,P07,Veggie Garden,Veggie,Large,1,14.38,14.38
13893,2024-02-27,14:14:00,P10,Four Cheese,Cheese,Large,2,15.62,31.24
13894,2024-07-13,10:37:00,P06,Buffalo Chicken,Chicken,Medium,1,10.5,10.5
13895,2024-03-16,18:33:00,P11,Cheese Burst,Cheese,Small,1,14.03,14.03
13896,2024-03-21,19:05:00,P12,Paneer Tikka,Specialty,Large,1,16.25,16.25
13897,2024-09-24,10:00:00,P02,Pepperoni,Classic,Small,1,10.2,10.2
13898,2024-01-14,16:01:00,P12,Paneer Tikka,Specialty,Large,1,16.25,16.25
13899,2024-01-04,13:01:00,P08,Veggie Supreme,Veggie,Medium,1,15.5,15.5
13900,2024-09-02,19:45:00,P12,Paneer Tikka,Specialty,Medium,1,13.0,13.0
13901,2024-06-26,21:39:00,P06,Buffalo Chicken,Chicken,Small,1,8.92,8.92
13902,2024-12-18,16:05:00,P05,Chicken Supreme,Chicken,Medium,1,17.0,17.0
13903,2024-02-29,15:26:00,P13,Farmhouse,Specialty,Large,2,21.88,43.76
13904,2024-03-23,19:54:00,P03,Hawaiian,Classic,Small,2,13.6,27.2
13905,2024-01-26,19:56:00,P12,Paneer Tikka,Specialty,Medium,1,13.0,13.0
13906,2024-08-30,12:51:00,P07,Veggie Garden,Veggie,Large,1,14.38,14.38
13907,2024-11-18,13:05:00,P07,Veggie Garden,Veggie,Medium,1,11.5,11.5
13908,2024-04-23,19:37:00,P04,BBQ Chicken,Chicken,Medium,1,13.5,13.5
13909,2024-03-17,15:11:00,P08,Veggie Supreme,Veggie,Medium,2,15.5,31.0
13910,2024-10-28,10:53:00,P04,BBQ Chicken,Chicken,Medium,1,13.5,13.5
13911,2024-09-10,20:59:00,P01,Margherita,Classic,Small,1,6.8,6.8
13912,2024-09-05,17:57:00,P03,Hawaiian,Classic,Small,2,13.6,27.2
13913,2024-07-15,22:35:00,P01,Margherita,Classic,Medium,1,8.0,8.0
13914,2024-12-23,20:29:00,P15,Truffle Mushroom,Specialty,Large,3,23.75,71.25
13915,2024-02-29,14:28:00,P15,Truffle Mushroom,Specialty,Small,2,16.15,32.3
13916,2024-12-07,19:10:00,P05,Chicken Supreme,Chicken,Medium,1,17.0,17.0
13917,2024-02-04,16:07:00,P11,Cheese Burst,Cheese,Medium,1,16.5,16.5
13918,2024-06-13,21:51:00,P04,BBQ Chicken,Chicken,Large,1,16.88,16.88
13919,2024-12-16,19:52:00,P10,Four Cheese,Cheese,Medium,1,12.5,12.5
13920,2024-10-10,19:26:00,P12,Paneer Tikka,Specialty,Large,1,16.25,16.25
13921,2024-03-25,18:28:00,P14,Mexican Green,Specialty,Small,2,8.5,17.0
13922,2024-05-03,22:14:00,P05,Chicken Supreme,Chicken,Large,1,21.25,21.25
13923,2024-06-13,13:50:00,P12,Paneer Tikka,Specialty,Medium,1,13.0,13.0
13924,2024-06-04,19:22:00,P03,Hawaiian,Classic,Large,1,20.0,20.0
13925,2024-01-05,11:54:00,P15,Truffle Mushroom,Specialty,Medium,2,19.0,38.0
13926,2024-09-18,22:41:00,P01,Margherita,Classic,Large,1,10.0,10.0
13927,2024-10-29,16:27:00,P09,Spinach Feta,Veggie,Small,2,8.07,16.14
13928,2024-09-25,11:24:00,P10,Four Cheese,Cheese,Small,1,10.62,10.62
13929,2024-01-07,11:15:00,P10,Four Cheese,Cheese,Medium,1,12.5,12.5
13930,2024-11-17,13:01:00,P02,Pepperoni,Classic,Large,3,15.0,45.0
13931,2024-04-22,15:09:00,P14,Mexican Green,Specialty,Large,2,12.5,25.0
13932,2024-01-14,20:14:00,P02,Pepperoni,Classic,Medium,1,12.0,12.0
13933,2024-03-25,21:50:00,P09,Spinach Feta,Veggie,Medium,1,9.5,9.5
13934,2024-04-06,18:39:00,P03,Hawaiian,Classic,Small,2,13.6,27.2
13935,2024-12-07,15:43:00,P04,BBQ Chicken,Chicken,Large,1,16.88,16.88
13936,2024-07-07,11:43:00,P08,Veggie Supreme,Veggie,Large,1,19.38,19.38
13937,2024-06-28,11:28:00,P05,Chicken Supreme,Chicken,Large,3,21.25,63.75
13938,2024-04-14,22:17:00,P02,Pepperoni,Classic,Medium,1,12.0,12.0
13939,2024-11-24,18:07:00,P02,Pepperoni,Classic,XL,1,18.0,18.0
13940,2024-06-09,14:47:00,P05,Chicken Supreme,Chicken,Large,1,21.25,21.25
13941,2024-03-18,19:12:00,P11,Cheese Burst,Cheese,Medium,2,16.5,33.0
13942,2024-05-04,20:19:00,P13,Farmhouse,Specialty,Medium,2,17.5,35.0
13943,2024-01-27,17:57:00,P01,Margherita,Classic,Medium,1,8.0,8.0
13944,2024-11-10,22:39:00,P05,Chicken Supreme,Chicken,Medium,1,17.0,17.0
13945,2024-03-01,19:46:00,P02,Pepperoni,Classic,Medium,1,12.0,12.0
13946,2024-04-15,16:35:00,P01,Margherita,Classic,Medium,2,8.0,16.0
13947,2024-02-07,17:55:00,P10,Four Cheese,Cheese,Medium,1,12.5,12.5
13948,2024-06-15,22:11:00,P09,Spinach Feta,Veggie,Medium,3,9.5,28.5
13949,2024-07-28,11:18:00,P02,Pepperoni,Classic,Medium,1,12.0,12.0
13950,2024-08-15,10:04:00,P03,Hawaiian,Classic,Medium,4,16.0,64.0
13951,2024-09-10,16:27:00,P01,Margherita,Classic,Large,1,10.0,10.0
13952,2024-12-28,14:22:00,P12,Paneer Tikka,Specialty,Medium,2,13.0,26.0
13953,2024-08-18,10:26:00,P15,Truffle Mushroom,Specialty,Small,1,16.15,16.15
13954,2024-03-05,21:15:00,P02,Pepperoni,Classic,Medium,1,12.0,12.0
13955,2024-05-12,11:40:00,P03,Hawaiian,Classic,Large,3,20.0,60.0
13956,2024-04-07,21:24:00,P13,Farmhouse,Specialty,Large,2,21.88,43.76
13957,2024-12-27,11:14:00,P14,Mexican Green,Specialty,Medium,1,10.0,10.0
13958,2024-07-14,12:53:00,P06,Buffalo Chicken,Chicken,Large,2,13.12,26.24
13959,2024-07-14,18:40:00,P01,Margherita,Classic,Small,1,6.8,6.8
13960,2024-11-28,19:45:00,P01,Margherita,Classic,XL,2,12.0,24.0
13961,2024-01-25,12:34:00,P08,Veggie Supreme,Veggie,Medium,1,15.5,15.5
13962,2024-04-21,18:13:00,P05,Chicken Supreme,Chicken,Small,1,14.45,14.45
13963,2024-05-16,17:22:00,P01,Margherita,Classic,Medium,1,8.0,8.0
13964,2024-06-13,22:14:00,P08,Veggie Supreme,Veggie,Medium,1,15.5,15.5
13965,2024-08-15,13:55:00,P01,Margherita,Classic,Medium,3,8.0,24.0
13966,2024-12-05,16:35:00,P12,Paneer Tikka,Specialty,Large,1,16.25,16.25
13967,2024-06-03,10:25:00,P04,BBQ Chicken,Chicken,Large,1,16.88,16.88
13968,2024-09-16,12:18:00,P01,Margherita,Classic,Medium,1,8.0,8.0
13969,2024-02-27,16:06:00,P08,Veggie Supreme,Veggie,Medium,2,15.5,31.0
13970,2024-02-05,12:11:00,P05,Chicken Supreme,Chicken,Small,1,14.45,14.45
13971,2024-05-27,15:11:00,P15,Truffle Mushroom,Specialty,Small,1,16.15,16.15
13972,2024-03-08,11:46:00,P08,Veggie Supreme,Veggie,Medium,3,15.5,46.5
13973,2024-08-09,16:05:00,P04,BBQ Chicken,Chicken,Small,1,11.47,11.47
13974,2024-09-30,14:21:00,P10,Four Cheese,Cheese,Large,2,15.62,31.24
13975,2024-03-08,20:10:00,P03,Hawaiian,Classic,Medium,2,16.0,32.0
13976,2024-08-20,12:10:00,P13,Farmhouse,Specialty,Medium,1,17.5,17.5
13977,2024-04-07,18:30:00,P05,Chicken Supreme,Chicken,Medium,3,17.0,51.0
13978,2024-09-05,19:31:00,P08,Veggie Supreme,Veggie,Medium,2,15.5,31.0
13979,2024-08-14,10:10:00,P01,Margherita,Classic,Medium,1,8.0,8.0
13980,2024-01-17,12:35:00,P06,Buffalo Chicken,Chicken,Large,1,13.12,13.12
13981,2024-07-12,17:45:00,P12,Paneer Tikka,Specialty,Medium,2,13.0,26.0
13982,2024-09-27,21:02:00,P12,Paneer Tikka,Specialty,Small,1,11.05,11.05
13983,2024-06-05,13:53:00,P03,Hawaiian,Classic,Large,3,20.0,60.0
13984,2024-11-09,22:53:00,P03,Hawaiian,Classic,Medium,1,16.0,16.0
13985,2024-11-28,11:21:00,P12,Paneer Tikka,Specialty,Large,1,16.25,16.25
13986,2024-02-21,14:30:00,P14,Mexican Green,Specialty,Medium,1,10.0,10.0
13987,2024-11-22,16:47:00,P02,Pepperoni,Classic,Medium,1,12.0,12.0
13988,2024-09-02,19:30:00,P06,Buffalo Chicken,Chicken,Large,1,13.12,13.12
13989,2024-04-11,15:03:00,P04,BBQ Chicken,Chicken,Large,3,16.88,50.64
13990,2024-04-06,12:18:00,P13,Farmhouse,Specialty,Small,2,14.88,29.76
13991,2024-05-16,12:55:00,P01,Margherita,Classic,Medium,2,8.0,16.0
13992,2024-02-25,12:57:00,P03,Hawaiian,Classic,Large,1,20.0,20.0
13993,2024-10-08,21:12:00,P11,Cheese Burst,Cheese,Small,2,14.03,28.06
13994,2024-08-01,21:07:00,P01,Margherita,Classic,Medium,1,8.0,8.0
13995,2024-08-03,19:47:00,P07,Veggie Garden,Veggie,Large,3,14.38,43.14
13996,2024-11-09,18:40:00,P06,Buffalo Chicken,Chicken,Medium,1,10.5,10.5
13997,2024-03-03,17:54:00,P04,BBQ Chicken,Chicken,Large,3,16.88,50.64
13998,2024-05-14,13:49:00,P05,Chicken Supreme,Chicken,Large,2,21.25,42.5
13999,2024-01-02,10:11:00,P07,Veggie Garden,Veggie,Large,1,14.38,14.38
14000,2024-10-30,21:52:00,P02,Pepperoni,Classic,Large,1,15.0,15.0
14001,2024-07-20,22:40:00,P08,Veggie Supreme,Veggie,Medium,1,15.5,15.5
14002,2024-12-12,11:57:00,P12,Paneer Tikka,Specialty,Medium,1,13.0,13.0
14003,2024-11-19,17:22:00,P11,Cheese Burst,Cheese,Medium,1,16.5,16.5
14004,2024-06-12,14:22:00,P02,Pepperoni,Classic,Large,1,15.0,15.0
14005,2024-05-28,17:38:00,P02,Pepperoni,Classic,Large,1,15.0,15.0
14006,2024-07-01,18:55:00,P03,Hawaiian,Classic,Medium,3,16.0,48.0
14007,2024-01-13,21:39:00,P05,Chicken Supreme,Chicken,Medium,2,17.0,34.0
14008,2024-05-29,16:23:00,P05,Chicken Supreme,Chicken,Large,3,21.25,63.75
14009,2024-07-07,14:57:00,P10,Four Cheese,Cheese,Medium,2,12.5,25.0
14010,2024-02-19,16:25:00,P01,Margherita,Classic,Small,1,6.8,6.8
14011,2024-05-17,20:39:00,P01,Margherita,Classic,Large,1,10.0,10.0
14012,2024-04-11,20:47:00,P05,Chicken Supreme,Chicken,XL,2,25.5,51.0
14013,2024-04-03,13:01:00,P10,Four Cheese,Cheese,Large,3,15.62,46.86
14014,2024-06-15,10:22:00,P02,Pepperoni,Classic,Large,1,15.0,15.0
14015,2024-02-14,19:12:00,P09,Spinach Feta,Veggie,Medium,3,9.5,28.5
14016,2024-12-24,19:28:00,P03,Hawaiian,Classic,Large,3,20.0,60.0
14017,2024-04-09,21:03:00,P13,Farmhouse,Specialty,Medium,2,17.5,35.0
14018,2024-12-21,18:05:00,P13,Farmhouse,Specialty,Large,3,21.88,65.64
14019,2024-02-11,18:27:00,P04,BBQ Chicken,Chicken,Medium,1,13.5,13.5
14020,2024-12-21,16:11:00,P03,Hawaiian,Classic,Small,3,13.6,40.8
14021,2024-02-11,21:59:00,P05,Chicken Supreme,Chicken,Medium,2,17.0,34.0
14022,2024-08-04,19:50:00,P03,Hawaiian,Classic,Medium,1,16.0,16.0
14023,2024-01-29,12:21:00,P10,Four Cheese,Cheese,Large,3,15.62,46.86
14024,2024-08-03,10:35:00,P12,Paneer Tikka,Specialty,XL,1,19.5,19.5
14025,2024-10-27,17:53:00,P10,Four Cheese,Cheese,Large,1,15.62,15.62
14026,2024-12-31,11:07:00,P12,Paneer Tikka,Specialty,Large,1,16.25,16.25
14027,2024-01-13,10:11:00,P05,Chicken Supreme,Chicken,Medium,1,17.0,17.0
14028,2024-11-22,19:34:00,P02,Pepperoni,Classic,Large,1,15.0,15.0
14029,2024-08-07,21:39:00,P11,Cheese Burst,Cheese,Large,2,20.62,41.24
14030,2024-03-05,10:37:00,P05,Chicken Supreme,Chicken,Large,1,21.25,21.25
14031,2024-01-28,10:23:00,P10,Four Cheese,Cheese,Medium,1,12.5,12.5
14032,2024-08-24,15:20:00,P03,Hawaiian,Classic,Medium,1,16.0,16.0
14033,2024-08-24,15:03:00,P01,Margherita,Classic,Large,1,10.0,10.0
14034,2024-09-22,18:35:00,P15,Truffle Mushroom,Specialty,Medium,2,19.0,38.0
14035,2024-07-23,13:47:00,P02,Pepperoni,Classic,Large,2,15.0,30.0
14036,2024-03-13,13:57:00,P15,Truffle Mushroom,Specialty,XL,3,28.5,85.5
14037,2024-07-30,17:26:00,P15,Truffle Mushroom,Specialty,Medium,1,19.0,19.0
14038,2024-06-12,18:42:00,P12,Paneer Tikka,Specialty,Large,1,16.25,16.25
14039,2024-05-31,14:40:00,P10,Four Cheese,Cheese,Large,3,15.62,46.86
14040,2024-04-13,19:03:00,P08,Veggie Supreme,Veggie,Large,2,19.38,38.76
14041,2024-05-08,13:27:00,P13,Farmhouse,Specialty,Medium,1,17.5,17.5
14042,2024-06-21,17:27:00,P04,BBQ Chicken,Chicken,Large,2,16.88,33.76
14043,2024-04-05,15:51:00,P07,Veggie Garden,Veggie,Medium,3,11.5,34.5
14044,2024-04-03,14:41:00,P09,Spinach Feta,Veggie,Small,2,8.07,16.14
14045,2024-12-01,17:11:00,P05,Chicken Supreme,Chicken,Large,1,21.25,21.25
14046,2024-12-17,18:02:00,P06,Buffalo Chicken,Chicken,Large,2,13.12,26.24
14047,2024-10-08,13:16:00,P04,BBQ Chicken,Chicken,Large,1,16.88,16.88
14048,2024-01-27,14:51:00,P08,Veggie Supreme,Veggie,Small,1,13.17,13.17
14049,2024-03-03,15:53:00,P12,Paneer Tikka,Specialty,Small,1,11.05,11.05
14050,2024-02-07,12:45:00,P03,Hawaiian,Classic,Large,1,20.0,20.0
14051,2024-05-06,16:02:00,P14,Mexican Green,Specialty,Small,1,8.5,8.5
14052,2024-05-13,22:12:00,P10,Four Cheese,Cheese,Large,1,15.62,15.62
14053,2024-06-22,19:47:00,P12,Paneer Tikka,Specialty,Large,2,16.25,32.5
14054,2024-10-15,17:38:00,P08,Veggie Supreme,Veggie,Large,2,19.38,38.76
14055,2024-02-29,18:46:00,P11,Cheese Burst,Cheese,Small,4,14.03,56.12
14056,2024-05-06,12:27:00,P01,Margherita,Classic,Large,1,10.0,10.0
14057,2024-04-14,10:11:00,P12,Paneer Tikka,Specialty,Large,1,16.25,16.25
14058,2024-03-14,16:45:00,P01,Margherita,Classic,Medium,3,8.0,24.0
14059,2024-03-02,10:14:00,P13,Farmhouse,Specialty,Medium,1,17.5,17.5
14060,2024-03-05,22:19:00,P15,Truffle Mushroom,Specialty,Medium,2,19.0,38.0
14061,2024-07-01,11:02:00,P04,BBQ Chicken,Chicken,Small,2,11.47,22.94
14062,2024-12-21,15:28:00,P03,Hawaiian,Classic,Large,1,20.0,20.0
14063,2024-08-23,18:35:00,P11,Cheese Burst,Cheese,Large,2,20.62,41.24
14064,2024-04-12,13:53:00,P03,Hawaiian,Classic,XL,2,24.0,48.0
14065,2024-04-17,21:58:00,P13,Farmhouse,Specialty,Medium,1,17.5,17.5
14066,2024-12-08,15:31:00,P02,Pepperoni,Classic,Large,1,15.0,15.0
14067,2024-11-22,15:43:00,P02,Pepperoni,Classic,Medium,1,12.0,12.0
14068,2024-11-17,16:15:00,P15,Truffle Mushroom,Specialty,Large,1,23.75,23.75
14069,2024-12-09,16:03:00,P10,Four Cheese,Cheese,Medium,1,12.5,12.5
14070,2024-06-28,21:36:00,P12,Paneer Tikka,Specialty,Large,1,16.25,16.25
14071,2024-06-22,18:04:00,P04,BBQ Chicken,Chicken,Large,1,16.88,16.88
14072,2024-09-17,22:02:00,P10,Four Cheese,Cheese,Large,3,15.62,46.86
14073,2024-08-21,17:25:00,P08,Veggie Supreme,Veggie,Large,1,19.38,19.38
14074,2024-11-25,22:33:00,P09,Spinach Feta,Veggie,Large,1,11.88,11.88
14075,2024-04-09,14:11:00,P10,Four Cheese,Cheese,Small,1,10.62,10.62
14076,2024-05-07,22:13:00,P08,Veggie Supreme,Veggie,Large,1,19.38,19.38
14077,2024-01-05,19:47:00,P06,Buffalo Chicken,Chicken,Medium,1,10.5,10.5
14078,2024-01-27,22:03:00,P04,BBQ Chicken,Chicken,Medium,1,13.5,13.5
14079,2024-01-29,12:32:00,P11,Cheese Burst,Cheese,Small,1,14.03,14.03
14080,2024-08-15,18:00:00,P03,Hawaiian,Classic,Large,2,20.0,40.0
14081,2024-08-27,16:02:00,P10,Four Cheese,Cheese,Medium,4,12.5,50.0
14082,2024-06-08,17:05:00,P03,Hawaiian,Classic,Medium,1,16.0,16.0
14083,2024-10-31,19:52:00,P09,Spinach Feta,Veggie,Large,1,11.88,11.88
14084,2024-01-30,21:39:00,P11,Cheese Burst,Cheese,Large,1,20.62,20.62
14085,2024-07-05,12:27:00,P03,Hawaiian,Classic,Large,2,20.0,40.0
14086,2024-11-19,16:46:00,P01,Margherita,Classic,Medium,1,8.0,8.0
14087,2024-02-12,15:45:00,P02,Pepperoni,Classic,Medium,3,12.0,36.0
14088,2024-09-03,22:40:00,P09,Spinach Feta,Veggie,Medium,1,9.5,9.5
14089,2024-02-19,12:51:00,P12,Paneer Tikka,Specialty,Medium,1,13.0,13.0
14090,2024-12-07,14:21:00,P01,Margherita,Classic,Small,2,6.8,13.6
14091,2024-01-27,17:01:00,P11,Cheese Burst,Cheese,XL,3,24.75,74.25
14092,2024-09-12,15:56:00,P04,BBQ Chicken,Chicken,Medium,2,13.5,27.0
14093,2024-06-29,10:47:00,P07,Veggie Garden,Veggie,Small,1,9.78,9.78
14094,2024-05-04,17:19:00,P14,Mexican Green,Specialty,Medium,1,10.0,10.0
14095,2024-08-24,13:42:00,P04,BBQ Chicken,Chicken,Medium,1,13.5,13.5
14096,2024-07-18,18:52:00,P07,Veggie Garden,Veggie,Medium,1,11.5,11.5
14097,2024-05-09,18:58:00,P01,Margherita,Classic,Small,2,6.8,13.6
14098,2024-08-14,11:02:00,P01,Margherita,Classic,XL,2,12.0,24.0
14099,2024-04-21,13:08:00,P03,Hawaiian,Classic,Medium,2,16.0,32.0
14100,2024-05-13,19:46:00,P01,Margherita,Classic,Small,4,6.8,27.2
14101,2024-09-17,22:40:00,P09,Spinach Feta,Veggie,Small,1,8.07,8.07
14102,2024-11-07,15:34:00,P06,Buffalo Chicken,Chicken,Medium,3,10.5,31.5
14103,2024-09-25,19:21:00,P08,Veggie Supreme,Veggie,Small,2,13.17,26.34
14104,2024-08-11,21:14:00,P02,Pepperoni,Classic,Small,1,10.2,10.2
14105,2024-11-13,17:59:00,P04,BBQ Chicken,Chicken,Medium,2,13.5,27.0
14106,2024-03-10,20:57:00,P10,Four Cheese,Cheese,Medium,1,12.5,12.5
14107,2024-01-10,21:06:00,P15,Truffle Mushroom,Specialty,Small,2,16.15,32.3
14108,2024-03-28,11:14:00,P01,Margherita,Classic,Medium,1,8.0,8.0
14109,2024-02-28,15:18:00,P13,Farmhouse,Specialty,Medium,1,17.5,17.5
14110,2024-03-12,13:46:00,P08,Veggie Supreme,Veggie,Small,2,13.17,26.34
14111,2024-07-08,13:49:00,P08,Veggie Supreme,Veggie,Medium,2,15.5,31.0
14112,2024-07-23,15:53:00,P07,Veggie Garden,Veggie,Small,1,9.78,9.78
14113,2024-08-11,21:39:00,P01,Margherita,Classic,Small,1,6.8,6.8
14114,2024-02-20,10:09:00,P01,Margherita,Classic,Medium,1,8.0,8.0
14115,2024-06-09,10:20:00,P09,Spinach Feta,Veggie,Medium,1,9.5,9.5
14116,2024-03-09,10:52:00,P04,BBQ Chicken,Chicken,Small,3,11.47,34.41
14117,2024-02-24,14:24:00,P13,Farmhouse,Specialty,Medium,3,17.5,52.5
14118,2024-11-24,21:39:00,P05,Chicken Supreme,Chicken,Large,1,21.25,21.25
14119,2024-04-19,22:48:00,P02,Pepperoni,Classic,Large,2,15.0,30.0
14120,2024-11-12,13:38:00,P10,Four Cheese,Cheese,Large,1,15.62,15.62
14121,2024-04-22,21:23:00,P04,BBQ Chicken,Chicken,Large,2,16.88,33.76
14122,2024-12-01,20:33:00,P07,Veggie Garden,Veggie,XL,1,17.25,17.25
14123,2024-03-28,20:44:00,P10,Four Cheese,Cheese,Large,1,15.62,15.62
14124,2024-04-09,17:00:00,P13,Farmhouse,Specialty,Medium,2,17.5,35.0
14125,2024-10-29,21:20:00,P12,Paneer Tikka,Specialty,Medium,1,13.0,13.0
14126,2024-07-19,16:02:00,P10,Four Cheese,Cheese,Medium,2,12.5,25.0
14127,2024-03-08,19:54:00,P10,Four Cheese,Cheese,Large,2,15.62,31.24
14128,2024-06-30,22:19:00,P14,Mexican Green,Specialty,XL,1,15.0,15.0
14129,2024-12-04,20:01:00,P04,BBQ Chicken,Chicken,Medium,1,13.5,13.5
14130,2024-01-10,21:24:00,P01,Margherita,Classic,Large,2,10.0,20.0
14131,2024-01-19,16:46:00,P03,Hawaiian,Classic,Medium,2,16.0,32.0
14132,2024-08-28,17:15:00,P03,Hawaiian,Classic,Medium,1,16.0,16.0
14133,2024-12-02,21:15:00,P10,Four Cheese,Cheese,Medium,1,12.5,12.5
14134,2024-07-28,10:03:00,P09,Spinach Feta,Veggie,Medium,2,9.5,19.0
14135,2024-07-12,10:48:00,P08,Veggie Supreme,Veggie,Medium,1,15.5,15.5
14136,2024-03-06,15:01:00,P01,Margherita,Classic,Large,1,10.0,10.0
14137,2024-11-12,22:59:00,P11,Cheese Burst,Cheese,Large,1,20.62,20.62
14138,2024-02-29,20:28:00,P04,BBQ Chicken,Chicken,Large,3,16.88,50.64
14139,2024-08-13,17:31:00,P10,Four Cheese,Cheese,Medium,2,12.5,25.0
14140,2024-10-12,17:43:00,P08,Veggie Supreme,Veggie,Large,4,19.38,77.52
14141,2024-01-14,21:13:00,P04,BBQ Chicken,Chicken,Medium,2,13.5,27.0
14142,2024-04-17,11:13:00,P02,Pepperoni,Classic,Medium,3,12.0,36.0
14143,2024-09-03,18:11:00,P02,Pepperoni,Classic,Large,1,15.0,15.0
14144,2024-07-02,22:40:00,P12,Paneer Tikka,Specialty,Medium,2,13.0,26.0
14145,2024-10-22,13:47:00,P14,Mexican Green,Specialty,Small,1,8.5,8.5
14146,2024-09-19,18:08:00,P10,Four Cheese,Cheese,Medium,2,12.5,25.0
14147,2024-03-08,16:05:00,P02,Pepperoni,Classic,Large,1,15.0,15.0
14148,2024-08-07,21:46:00,P05,Chicken Supreme,Chicken,Medium,1,17.0,17.0
14149,2024-02-27,15:23:00,P11,Cheese Burst,Cheese,Medium,2,16.5,33.0
14150,2024-10-16,21:18:00,P11,Cheese Burst,Cheese,Large,2,20.62,41.24
14151,2024-01-24,13:51:00,P02,Pepperoni,Classic,Large,1,15.0,15.0
14152,2024-04-07,20:57:00,P01,Margherita,Classic,Large,1,10.0,10.0
14153,2024-10-26,22:00:00,P10,Four Cheese,Cheese,Medium,1,12.5,12.5
14154,2024-06-22,13:53:00,P05,Chicken Supreme,Chicken,Small,1,14.45,14.45
14155,2024-08-22,16:44:00,P03,Hawaiian,Classic,Medium,2,16.0,32.0
14156,2024-01-07,15:42:00,P01,Margherita,Classic,Medium,1,8.0,8.0
14157,2024-10-02,13:24:00,P08,Veggie Supreme,Veggie,Large,3,19.38,58.14
14158,2024-02-12,14:08:00,P12,Paneer Tikka,Specialty,Small,1,11.05,11.05
14159,2024-06-03,21:24:00,P14,Mexican Green,Specialty,Medium,2,10.0,20.0
14160,2024-02-05,11:01:00,P08,Veggie Supreme,Veggie,Large,2,19.38,38.76
14161,2024-04-30,18:18:00,P07,Veggie Garden,Veggie,Large,1,14.38,14.38
14162,2024-11-30,14:20:00,P01,Margherita,Classic,Large,1,10.0,10.0
14163,2024-09-28,11:25:00,P08,Veggie Supreme,Veggie,Large,2,19.38,38.76
14164,2024-10-11,10:33:00,P05,Chicken Supreme,Chicken,Large,2,21.25,42.5
14165,2024-08-06,16:48:00,P09,Spinach Feta,Veggie,Large,1,11.88,11.88
14166,2024-09-29,18:12:00,P05,Chicken Supreme,Chicken,Medium,1,17.0,17.0
14167,2024-10-14,11:58:00,P03,Hawaiian,Classic,XL,1,24.0,24.0
14168,2024-04-20,13:42:00,P02,Pepperoni,Classic,Medium,1,12.0,12.0
14169,2024-12-04,20:35:00,P04,BBQ Chicken,Chicken,Medium,1,13.5,13.5
14170,2024-02-28,20:15:00,P02,Pepperoni,Classic,Medium,1,12.0,12.0
14171,2024-06-02,11:33:00,P02,Pepperoni,Classic,Large,2,15.0,30.0
14172,2024-06-17,15:58:00,P15,Truffle Mushroom,Specialty,Large,2,23.75,47.5
14173,2024-01-31,16:52:00,P06,Buffalo Chicken,Chicken,Small,3,8.92,26.76
14174,2024-07-07,14:35:00,P07,Veggie Garden,Veggie,Small,2,9.78,19.56
14175,2024-10-22,16:25:00,P13,Farmhouse,Specialty,Large,3,21.88,65.64
14176,2024-01-18,11:21:00,P15,Truffle Mushroom,Specialty,Large,1,23.75,23.75
14177,2024-04-16,10:06:00,P08,Veggie Supreme,Veggie,Medium,1,15.5,15.5
14178,2024-07-09,17:41:00,P12,Paneer Tikka,Specialty,Medium,4,13.0,52.0
14179,2024-01-24,12:12:00,P04,BBQ Chicken,Chicken,Large,2,16.88,33.76
14180,2024-07-01,10:12:00,P04,BBQ Chicken,Chicken,Medium,1,13.5,13.5
14181,2024-04-04,20:18:00,P05,Chicken Supreme,Chicken,Large,2,21.25,42.5
14182,2024-04-02,15:40:00,P10,Four Cheese,Cheese,Small,3,10.62,31.86
14183,2024-03-25,22:15:00,P10,Four Cheese,Cheese,Small,2,10.62,21.24
14184,2024-06-06,14:40:00,P04,BBQ Chicken,Chicken,Medium,1,13.5,13.5
14185,2024-09-18,14:41:00,P02,Pepperoni,Classic,Medium,2,12.0,24.0
14186,2024-05-18,17:27:00,P09,Spinach Feta,Veggie,Small,4,8.07,32.28
14187,2024-11-30,16:45:00,P02,Pepperoni,Classic,Small,1,10.2,10.2
14188,2024-12-25,12:46:00,P08,Veggie Supreme,Veggie,Large,2,19.38,38.76
14189,2024-01-19,11:16:00,P10,Four Cheese,Cheese,Small,1,10.62,10.62
14190,2024-05-10,16:27:00,P10,Four Cheese,Cheese,Large,2,15.62,31.24
14191,2024-01-31,19:56:00,P11,Cheese Burst,Cheese,Medium,1,16.5,16.5
14192,2024-05-03,10:46:00,P13,Farmhouse,Specialty,Large,1,21.88,21.88
14193,2024-05-15,10:34:00,P07,Veggie Garden,Veggie,Medium,1,11.5,11.5
14194,2024-04-09,20:39:00,P11,Cheese Burst,Cheese,Medium,2,16.5,33.0
14195,2024-10-27,10:59:00,P09,Spinach Feta,Veggie,Medium,1,9.5,9.5
14196,2024-07-21,14:05:00,P02,Pepperoni,Classic,Medium,1,12.0,12.0
14197,2024-04-21,14:50:00,P01,Margherita,Classic,Large,2,10.0,20.0
14198,2024-07-01,21:16:00,P04,BBQ Chicken,Chicken,Large,1,16.88,16.88
14199,2024-12-03,20:45:00,P06,Buffalo Chicken,Chicken,Large,1,13.12,13.12
14200,2024-10-26,18:29:00,P09,Spinach Feta,Veggie,Medium,3,9.5,28.5
14201,2024-09-04,18:06:00,P12,Paneer Tikka,Specialty,Large,1,16.25,16.25
14202,2024-06-25,14:53:00,P02,Pepperoni,Classic,Medium,1,12.0,12.0
14203,2024-06-22,20:55:00,P02,Pepperoni,Classic,XL,1,18.0,18.0
14204,2024-08-05,22:23:00,P14,Mexican Green,Specialty,Large,2,12.5,25.0
14205,2024-03-18,18:08:00,P02,Pepperoni,Classic,Small,3,10.2,30.6
14206,2024-03-04,13:53:00,P07,Veggie Garden,Veggie,Medium,3,11.5,34.5
14207,2024-03-23,10:28:00,P08,Veggie Supreme,Veggie,Medium,2,15.5,31.0
14208,2024-01-06,10:24:00,P08,Veggie Supreme,Veggie,Large,1,19.38,19.38
14209,2024-12-12,15:16:00,P01,Margherita,Classic,Medium,1,8.0,8.0
14210,2024-10-11,12:16:00,P01,Margherita,Classic,Large,1,10.0,10.0
14211,2024-01-02,15:38:00,P02,Pepperoni,Classic,Medium,1,12.0,12.0
14212,2024-08-12,19:52:00,P08,Veggie Supreme,Veggie,Medium,2,15.5,31.0
14213,2024-08-01,13:37:00,P08,Veggie Supreme,Veggie,Small,2,13.17,26.34
14214,2024-05-20,22:58:00,P03,Hawaiian,Classic,Medium,1,16.0,16.0
14215,2024-03-04,22:19:00,P09,Spinach Feta,Veggie,Large,2,11.88,23.76
14216,2024-10-15,11:37:00,P12,Paneer Tikka,Specialty,Medium,1,13.0,13.0
14217,2024-05-05,22:57:00,P01,Margherita,Classic,Medium,1,8.0,8.0
14218,2024-03-01,20:17:00,P07,Veggie Garden,Veggie,Small,2,9.78,19.56
14219,2024-10-27,14:11:00,P10,Four Cheese,Cheese,Small,1,10.62,10.62
14220,2024-08-31,16:19:00,P03,Hawaiian,Classic,Large,1,20.0,20.0
14221,2024-01-07,20:55:00,P04,BBQ Chicken,Chicken,Medium,1,13.5,13.5
14222,2024-05-09,20:32:00,P09,Spinach Feta,Veggie,Large,1,11.88,11.88
14223,2024-10-03,22:31:00,P13,Farmhouse,Specialty,Large,2,21.88,43.76
14224,2024-06-21,21:12:00,P12,Paneer Tikka,Specialty,Large,3,16.25,48.75
14225,2024-04-12,21:48:00,P08,Veggie Supreme,Veggie,Small,1,13.17,13.17
14226,2024-12-25,12:38:00,P11,Cheese Burst,Cheese,Medium,1,16.5,16.5
14227,2024-11-02,13:07:00,P05,Chicken Supreme,Chicken,Large,2,21.25,42.5
14228,2024-12-31,11:05:00,P09,Spinach Feta,Veggie,Large,3,11.88,35.64
14229,2024-02-27,18:57:00,P07,Veggie Garden,Veggie,Large,1,14.38,14.38
14230,2024-09-05,14:14:00,P02,Pepperoni,Classic,Medium,1,12.0,12.0
14231,2024-04-24,15:11:00,P10,Four Cheese,Cheese,Medium,2,12.5,25.0
14232,2024-06-17,15:51:00,P08,Veggie Supreme,Veggie,Medium,1,15.5,15.5
14233,2024-06-03,22:52:00,P05,Chicken Supreme,Chicken,Large,1,21.25,21.25
14234,2024-10-05,19:13:00,P13,Farmhouse,Specialty,Medium,2,17.5,35.0
14235,2024-11-12,12:11:00,P01,Margherita,Classic,Small,1,6.8,6.8
14236,2024-06-01,10:31:00,P04,BBQ Chicken,Chicken,Large,1,16.88,16.88
14237,2024-06-29,19:08:00,P01,Margherita,Classic,Medium,1,8.0,8.0
14238,2024-06-26,10:41:00,P11,Cheese Burst,Cheese,Small,3,14.03,42.09
14239,2024-02-08,19:43:00,P10,Four Cheese,Cheese,Small,1,10.62,10.62
14240,2024-12-26,14:58:00,P04,BBQ Chicken,Chicken,Medium,1,13.5,13.5
14241,2024-04-18,17:15:00,P10,Four Cheese,Cheese,Medium,1,12.5,12.5
14242,2024-03-05,10:14:00,P05,Chicken Supreme,Chicken,Medium,3,17.0,51.0
14243,2024-03-28,11:57:00,P11,Cheese Burst,Cheese,Small,1,14.03,14.03
14244,2024-09-18,11:04:00,P06,Buffalo Chicken,Chicken,Small,1,8.92,8.92
14245,2024-04-14,11:38:00,P05,Chicken Supreme,Chicken,Medium,1,17.0,17.0
14246,2024-04-05,22:28:00,P14,Mexican Green,Specialty,Large,2,12.5,25.0
14247,2024-02-15,19:30:00,P03,Hawaiian,Classic,Small,1,13.6,13.6
14248,2024-07-22,13:03:00,P02,Pepperoni,Classic,Medium,1,12.0,12.0
14249,2024-07-04,22:40:00,P08,Veggie Supreme,Veggie,Small,1,13.17,13.17
14250,2024-05-06,21:09:00,P15,Truffle Mushroom,Specialty,Medium,2,19.0,38.0
14251,2024-10-23,14:22:00,P05,Chicken Supreme,Chicken,Small,1,14.45,14.45
14252,2024-04-30,21:47:00,P01,Margherita,Classic,Small,2,6.8,13.6
14253,2024-05-14,17:06:00,P04,BBQ Chicken,Chicken,Large,3,16.88,50.64
14254,2024-06-19,13:59:00,P07,Veggie Garden,Veggie,Medium,3,11.5,34.5
14255,2024-08-29,12:06:00,P02,Pepperoni,Classic,Large,1,15.0,15.0
14256,2024-02-28,22:40:00,P10,Four Cheese,Cheese,Small,3,10.62,31.86
14257,2024-10-12,20:17:00,P15,Truffle Mushroom,Specialty,Small,1,16.15,16.15
14258,2024-10-12,16:51:00,P06,Buffalo Chicken,Chicken,Medium,1,10.5,10.5
14259,2024-06-24,16:59:00,P05,Chicken Supreme,Chicken,Large,3,21.25,63.75
14260,2024-06-13,16:37:00,P05,Chicken Supreme,Chicken,Medium,1,17.0,17.0
14261,2024-09-08,16:52:00,P02,Pepperoni,Classic,Medium,1,12.0,12.0
14262,2024-09-11,18:44:00,P13,Farmhouse,Specialty,Medium,1,17.5,17.5
14263,2024-09-07,10:48:00,P05,Chicken Supreme,Chicken,Small,1,14.45,14.45
14264,2024-04-20,11:55:00,P05,Chicken Supreme,Chicken,Large,1,21.25,21.25
14265,2024-06-23,20:24:00,P10,Four Cheese,Cheese,Medium,2,12.5,25.0
14266,2024-12-12,20:11:00,P06,Buffalo Chicken,Chicken,Large,3,13.12,39.36
14267,2024-05-30,10:43:00,P10,Four Cheese,Cheese,Large,2,15.62,31.24
14268,2024-03-11,22:23:00,P01,Margherita,Classic,Medium,1,8.0,8.0
14269,2024-12-14,21:52:00,P12,Paneer Tikka,Specialty,Small,3,11.05,33.15
14270,2024-08-07,16:09:00,P14,Mexican Green,Specialty,Medium,1,10.0,10.0
14271,2024-05-23,20:47:00,P10,Four Cheese,Cheese,Small,1,10.62,10.62
14272,2024-12-19,18:01:00,P14,Mexican Green,Specialty,Medium,1,10.0,10.0
14273,2024-11-01,14:13:00,P02,Pepperoni,Classic,Medium,1,12.0,12.0
14274,2024-03-04,21:08:00,P07,Veggie Garden,Veggie,Large,1,14.38,14.38
14275,2024-01-06,14:16:00,P09,Spinach Feta,Veggie,Large,1,11.88,11.88
14276,2024-06-16,12:11:00,P08,Veggie Supreme,Veggie,Large,1,19.38,19.38
14277,2024-06-21,11:54:00,P05,Chicken Supreme,Chicken,Small,1,14.45,14.45
14278,2024-08-13,10:58:00,P04,BBQ Chicken,Chicken,Medium,1,13.5,13.5
14279,2024-03-03,22:17:00,P02,Pepperoni,Classic,Small,2,10.2,20.4
14280,2024-03-26,11:48:00,P05,Chicken Supreme,Chicken,Large,2,21.25,42.5
14281,2024-07-11,13:55:00,P02,Pepperoni,Classic,XL,1,18.0,18.0
14282,2024-06-30,13:53:00,P11,Cheese Burst,Cheese,Medium,1,16.5,16.5
14283,2024-04-11,18:15:00,P03,Hawaiian,Classic,Small,3,13.6,40.8
14284,2024-05-27,15:46:00,P01,Margherita,Classic,Medium,1,8.0,8.0
14285,2024-09-06,10:06:00,P08,Veggie Supreme,Veggie,Large,3,19.38,58.14
14286,2024-06-09,17:45:00,P08,Veggie Supreme,Veggie,Medium,1,15.5,15.5
14287,2024-09-17,22:46:00,P13,Farmhouse,Specialty,Small,3,14.88,44.64
14288,2024-10-23,17:50:00,P08,Veggie Supreme,Veggie,XL,1,23.25,23.25
14289,2024-07-27,12:17:00,P04,BBQ Chicken,Chicken,Large,1,16.88,16.88
14290,2024-01-31,13:01:00,P12,Paneer Tikka,Specialty,Small,2,11.05,22.1
14291,2024-02-25,14:16:00,P08,Veggie Supreme,Veggie,Large,1,19.38,19.38
14292,2024-02-23,21:38:00,P01,Margherita,Classic,Medium,1,8.0,8.0
14293,2024-04-05,22:15:00,P08,Veggie Supreme,Veggie,Medium,1,15.5,15.5
14294,2024-09-13,22:11:00,P13,Farmhouse,Specialty,Medium,2,17.5,35.0
14295,2024-07-29,18:47:00,P05,Chicken Supreme,Chicken,Large,1,21.25,21.25
14296,2024-11-12,16:29:00,P04,BBQ Chicken,Chicken,Large,1,16.88,16.88
14297,2024-05-04,21:03:00,P02,Pepperoni,Classic,Small,1,10.2,10.2
14298,2024-11-14,15:37:00,P02,Pepperoni,Classic,XL,1,18.0,18.0
14299,2024-06-23,21:34:00,P06,Buffalo Chicken,Chicken,Small,2,8.92,17.84
14300,2024-09-14,14:07:00,P08,Veggie Supreme,Veggie,Large,1,19.38,19.38
14301,2024-02-20,14:29:00,P01,Margherita,Classic,Medium,1,8.0,8.0
14302,2024-01-19,16:30:00,P14,Mexican Green,Specialty,Medium,1,10.0,10.0
14303,2024-03-20,15:21:00,P11,Cheese Burst,Cheese,Small,1,14.03,14.03
14304,2024-10-15,11:21:00,P08,Veggie Supreme,Veggie,Large,1,19.38,19.38
14305,2024-07-18,14:11:00,P12,Paneer Tikka,Specialty,Medium,1,13.0,13.0
14306,2024-11-15,18:53:00,P01,Margherita,Classic,Large,1,10.0,10.0
14307,2024-10-11,22:52:00,P07,Veggie Garden,Veggie,Medium,3,11.5,34.5
14308,2024-01-26,15:28:00,P09,Spinach Feta,Veggie,Large,1,11.88,11.88
14309,2024-03-16,20:27:00,P12,Paneer Tikka,Specialty,Medium,2,13.0,26.0
14310,2024-11-24,16:09:00,P12,Paneer Tikka,Specialty,Medium,1,13.0,13.0
14311,2024-02-17,12:41:00,P04,BBQ Chicken,Chicken,Medium,1,13.5,13.5
14312,2024-12-11,14:35:00,P14,Mexican Green,Specialty,Large,1,12.5,12.5
14313,2024-07-05,14:39:00,P02,Pepperoni,Classic,Medium,1,12.0,12.0
14314,2024-07-21,15:03:00,P13,Farmhouse,Specialty,Medium,3,17.5,52.5
14315,2024-09-01,20:54:00,P15,Truffle Mushroom,Specialty,Large,3,23.75,71.25
14316,2024-05-05,17:04:00,P02,Pepperoni,Classic,Large,2,15.0,30.0
14317,2024-08-29,15:56:00,P10,Four Cheese,Cheese,Small,1,10.62,10.62
14318,2024-01-07,17:21:00,P01,Margherita,Classic,XL,1,12.0,12.0
14319,2024-12-20,10:02:00,P05,Chicken Supreme,Chicken,Large,1,21.25,21.25
14320,2024-11-26,15:42:00,P07,Veggie Garden,Veggie,Small,3,9.78,29.34
14321,2024-06-12,10:21:00,P08,Veggie Supreme,Veggie,Medium,1,15.5,15.5
14322,2024-01-01,21:55:00,P14,Mexican Green,Specialty,Large,1,12.5,12.5
14323,2024-03-07,12:13:00,P10,Four Cheese,Cheese,Large,1,15.62,15.62
14324,2024-02-18,12:06:00,P07,Veggie Garden,Veggie,Medium,1,11.5,11.5
14325,2024-10-13,17:18:00,P12,Paneer Tikka,Specialty,Medium,3,13.0,39.0
14326,2024-10-19,10:24:00,P14,Mexican Green,Specialty,Medium,1,10.0,10.0
14327,2024-03-03,17:09:00,P01,Margherita,Classic,Medium,1,8.0,8.0
14328,2024-01-18,19:00:00,P15,Truffle Mushroom,Specialty,Small,1,16.15,16.15
14329,2024-03-17,13:56:00,P01,Margherita,Classic,Small,2,6.8,13.6
14330,2024-07-02,12:25:00,P12,Paneer Tikka,Specialty,Large,1,16.25,16.25
14331,2024-12-29,15:15:00,P04,BBQ Chicken,Chicken,Large,2,16.88,33.76
14332,2024-08-23,18:57:00,P02,Pepperoni,Classic,Medium,1,12.0,12.0
14333,2024-08-16,21:27:00,P06,Buffalo Chicken,Chicken,Medium,3,10.5,31.5
14334,2024-12-10,18:50:00,P09,Spinach Feta,Veggie,Medium,2,9.5,19.0
14335,2024-09-20,13:57:00,P05,Chicken Supreme,Chicken,Medium,1,17.0,17.0
14336,2024-04-12,19:23:00,P01,Margherita,Classic,XL,1,12.0,12.0
14337,2024-01-23,14:10:00,P08,Veggie Supreme,Veggie,Large,1,19.38,19.38
14338,2024-01-17,21:55:00,P13,Farmhouse,Specialty,Medium,1,17.5,17.5
14339,2024-10-11,18:33:00,P05,Chicken Supreme,Chicken,Medium,2,17.0,34.0
14340,2024-03-18,19:32:00,P03,Hawaiian,Classic,Medium,1,16.0,16.0
14341,2024-04-21,11:28:00,P06,Buffalo Chicken,Chicken,Medium,1,10.5,10.5
14342,2024-01-02,21:10:00,P01,Margherita,Classic,Medium,1,8.0,8.0
14343,2024-10-13,14:48:00,P12,Paneer Tikka,Specialty,Large,1,16.25,16.25
14344,2024-10-26,19:55:00,P12,Paneer Tikka,Specialty,Large,3,16.25,48.75
14345,2024-04-23,19:11:00,P08,Veggie Supreme,Veggie,Medium,1,15.5,15.5
14346,2024-08-28,15:45:00,P04,BBQ Chicken,Chicken,Large,3,16.88,50.64
14347,2024-02-23,12:44:00,P12,Paneer Tikka,Specialty,Large,3,16.25,48.75
14348,2024-10-06,18:34:00,P08,Veggie Supreme,Veggie,Large,1,19.38,19.38
14349,2024-02-26,17:04:00,P12,Paneer Tikka,Specialty,XL,1,19.5,19.5
14350,2024-08-01,21:27:00,P09,Spinach Feta,Veggie,Medium,2,9.5,19.0
14351,2024-07-22,10:52:00,P12,Paneer Tikka,Specialty,Medium,1,13.0,13.0
14352,2024-05-01,19:11:00,P08,Veggie Supreme,Veggie,Large,1,19.38,19.38
14353,2024-12-08,10:25:00,P05,Chicken Supreme,Chicken,Large,1,21.25,21.25
14354,2024-04-14,22:22:00,P14,Mexican Green,Specialty,Large,1,12.5,12.5
14355,2024-01-31,13:26:00,P08,Veggie Supreme,Veggie,Small,2,13.17,26.34
14356,2024-10-18,20:46:00,P09,Spinach Feta,Veggie,Medium,1,9.5,9.5
14357,2024-04-15,16:37:00,P03,Hawaiian,Classic,Small,1,13.6,13.6
14358,2024-01-03,18:31:00,P09,Spinach Feta,Veggie,Medium,3,9.5,28.5
14359,2024-09-27,15:10:00,P08,Veggie Supreme,Veggie,Small,2,13.17,26.34
14360,2024-07-12,19:59:00,P02,Pepperoni,Classic,Small,1,10.2,10.2
14361,2024-08-13,10:10:00,P01,Margherita,Classic,Small,2,6.8,13.6
14362,2024-05-12,19:05:00,P09,Spinach Feta,Veggie,Medium,1,9.5,9.5
14363,2024-08-31,14:51:00,P11,Cheese Burst,Cheese,Medium,2,16.5,33.0
14364,2024-03-13,21:18:00,P07,Veggie Garden,Veggie,Small,1,9.78,9.78
14365,2024-03-09,16:43:00,P03,Hawaiian,Classic,Medium,1,16.0,16.0
14366,2024-10-26,16:13:00,P10,Four Cheese,Cheese,Small,2,10.62,21.24
14367,2024-07-19,16:42:00,P01,Margherita,Classic,Large,1,10.0,10.0
14368,2024-03-08,20:25:00,P06,Buffalo Chicken,Chicken,Medium,4,10.5,42.0
14369,2024-10-23,15:30:00,P02,Pepperoni,Classic,Medium,1,12.0,12.0
14370,2024-01-17,18:26:00,P02,Pepperoni,Classic,Large,3,15.0,45.0
14371,2024-11-06,15:05:00,P03,Hawaiian,Classic,Medium,3,16.0,48.0
14372,2024-05-11,13:42:00,P05,Chicken Supreme,Chicken,Large,1,21.25,21.25
14373,2024-12-09,17:17:00,P01,Margherita,Classic,Medium,2,8.0,16.0
14374,2024-07-31,22:31:00,P05,Chicken Supreme,Chicken,Large,1,21.25,21.25
14375,2024-06-01,21:45:00,P07,Veggie Garden,Veggie,Medium,3,11.5,34.5
14376,2024-11-14,18:06:00,P07,Veggie Garden,Veggie,XL,1,17.25,17.25
14377,2024-01-14,13:19:00,P05,Chicken Supreme,Chicken,Large,2,21.25,42.5
14378,2024-01-10,20:38:00,P12,Paneer Tikka,Specialty,Medium,1,13.0,13.0
14379,2024-05-26,12:52:00,P02,Pepperoni,Classic,Large,1,15.0,15.0
14380,2024-03-10,17:00:00,P07,Veggie Garden,Veggie,Medium,1,11.5,11.5
14381,2024-04-13,14:59:00,P01,Margherita,Classic,Small,1,6.8,6.8
14382,2024-05-17,11:35:00,P01,Margherita,Classic,Medium,2,8.0,16.0
14383,2024-04-27,18:01:00,P08,Veggie Supreme,Veggie,XL,1,23.25,23.25
14384,2024-11-30,13:41:00,P08,Veggie Supreme,Veggie,Medium,2,15.5,31.0
14385,2024-01-21,17:23:00,P13,Farmhouse,Specialty,Medium,1,17.5,17.5
14386,2024-06-14,15:28:00,P08,Veggie Supreme,Veggie,Large,1,19.38,19.38
14387,2024-09-11,14:23:00,P14,Mexican Green,Specialty,Medium,1,10.0,10.0
14388,2024-10-08,11:45:00,P01,Margherita,Classic,Small,2,6.8,13.6
14389,2024-12-30,11:22:00,P02,Pepperoni,Classic,Large,4,15.0,60.0
14390,2024-04-08,16:02:00,P01,Margherita,Classic,Large,1,10.0,10.0
14391,2024-11-27,15:50:00,P02,Pepperoni,Classic,Small,1,10.2,10.2
14392,2024-08-06,12:48:00,P08,Veggie Supreme,Veggie,XL,1,23.25,23.25
14393,2024-05-28,17:23:00,P10,Four Cheese,Cheese,Medium,2,12.5,25.0
14394,2024-07-29,17:19:00,P01,Margherita,Classic,Medium,1,8.0,8.0
14395,2024-07-25,17:34:00,P14,Mexican Green,Specialty,Small,2,8.5,17.0
14396,2024-08-14,10:39:00,P12,Paneer Tikka,Specialty,Medium,1,13.0,13.0
14397,2024-07-02,18:53:00,P04,BBQ Chicken,Chicken,Medium,2,13.5,27.0
14398,2024-02-13,11:16:00,P01,Margherita,Classic,Medium,2,8.0,16.0
14399,2024-09-06,13:10:00,P02,Pepperoni,Classic,Large,1,15.0,15.0
14400,2024-08-18,19:14:00,P02,Pepperoni,Classic,Small,1,10.2,10.2
14401,2024-01-12,13:16:00,P02,Pepperoni,Classic,Large,1,15.0,15.0
14402,2024-03-30,18:25:00,P07,Veggie Garden,Veggie,Medium,1,11.5,11.5
14403,2024-06-01,18:59:00,P03,Hawaiian,Classic,XL,3,24.0,72.0
14404,2024-02-29,20:42:00,P05,Chicken Supreme,Chicken,Medium,1,17.0,17.0
14405,2024-03-16,13:15:00,P15,Truffle Mushroom,Specialty,Small,2,16.15,32.3
14406,2024-06-03,13:17:00,P10,Four Cheese,Cheese,Small,1,10.62,10.62
14407,2024-01-10,12:49:00,P14,Mexican Green,Specialty,Large,1,12.5,12.5
14408,2024-10-12,10:58:00,P02,Pepperoni,Classic,Large,1,15.0,15.0
14409,2024-11-05,13:22:00,P05,Chicken Supreme,Chicken,Medium,1,17.0,17.0
14410,2024-01-30,19:00:00,P08,Veggie Supreme,Veggie,Medium,1,15.5,15.5
14411,2024-05-03,22:24:00,P01,Margherita,Classic,Medium,1,8.0,8.0
14412,2024-02-09,19:16:00,P01,Margherita,Classic,XL,1,12.0,12.0
14413,2024-06-07,22:07:00,P10,Four Cheese,Cheese,Large,1,15.62,15.62
14414,2024-03-09,10:14:00,P09,Spinach Feta,Veggie,XL,1,14.25,14.25
14415,2024-08-15,16:45:00,P05,Chicken Supreme,Chicken,Large,1,21.25,21.25
14416,2024-04-17,14:26:00,P07,Veggie Garden,Veggie,Large,1,14.38,14.38
14417,2024-12-20,21:26:00,P05,Chicken Supreme,Chicken,Medium,3,17.0,51.0
14418,2024-05-27,11:39:00,P01,Margherita,Classic,Large,1,10.0,10.0
14419,2024-09-08,11:29:00,P04,BBQ Chicken,Chicken,Large,2,16.88,33.76
14420,2024-07-07,20:37:00,P02,Pepperoni,Classic,XL,1,18.0,18.0
14421,2024-03-11,16:12:00,P02,Pepperoni,Classic,Medium,2,12.0,24.0
14422,2024-04-06,17:56:00,P14,Mexican Green,Specialty,Small,1,8.5,8.5
14423,2024-01-30,16:44:00,P08,Veggie Supreme,Veggie,Medium,3,15.5,46.5
14424,2024-10-06,13:27:00,P11,Cheese Burst,Cheese,Large,1,20.62,20.62
14425,2024-07-29,22:48:00,P04,BBQ Chicken,Chicken,Medium,2,13.5,27.0
14426,2024-05-04,17:14:00,P05,Chicken Supreme,Chicken,Medium,1,17.0,17.0
14427,2024-01-11,21:21:00,P03,Hawaiian,Classic,Medium,1,16.0,16.0
14428,2024-03-29,12:23:00,P02,Pepperoni,Classic,Medium,2,12.0,24.0
14429,2024-03-29,18:27:00,P02,Pepperoni,Classic,Medium,1,12.0,12.0
14430,2024-02-15,16:59:00,P12,Paneer Tikka,Specialty,Small,1,11.05,11.05
14431,2024-05-18,19:02:00,P10,Four Cheese,Cheese,Large,1,15.62,15.62
14432,2024-01-19,11:16:00,P08,Veggie Supreme,Veggie,Large,2,19.38,38.76
14433,2024-08-08,11:52:00,P07,Veggie Garden,Veggie,Small,4,9.78,39.12
14434,2024-04-22,19:03:00,P14,Mexican Green,Specialty,Large,1,12.5,12.5
14435,2024-02-12,19:57:00,P01,Margherita,Classic,Large,2,10.0,20.0
14436,2024-04-22,21:57:00,P04,BBQ Chicken,Chicken,Small,1,11.47,11.47
14437,2024-03-25,19:15:00,P04,BBQ Chicken,Chicken,Medium,1,13.5,13.5
14438,2024-12-21,12:08:00,P12,Paneer Tikka,Specialty,Medium,3,13.0,39.0
14439,2024-01-06,21:00:00,P15,Truffle Mushroom,Specialty,Medium,3,19.0,57.0
14440,2024-05-31,19:17:00,P03,Hawaiian,Classic,Large,2,20.0,40.0
14441,2024-08-24,18:26:00,P13,Farmhouse,Specialty,Medium,1,17.5,17.5
14442,2024-04-28,12:35:00,P12,Paneer Tikka,Specialty,Small,1,11.05,11.05
14443,2024-01-03,15:08:00,P03,Hawaiian,Classic,XL,1,24.0,24.0
14444,2024-11-25,18:16:00,P05,Chicken Supreme,Chicken,Medium,1,17.0,17.0
14445,2024-04-15,15:47:00,P05,Chicken Supreme,Chicken,Large,1,21.25,21.25
14446,2024-06-25,20:19:00,P15,Truffle Mushroom,Specialty,Small,2,16.15,32.3
14447,2024-09-19,13:56:00,P02,Pepperoni,Classic,Medium,3,12.0,36.0
14448,2024-05-28,18:16:00,P12,Paneer Tikka,Specialty,Medium,1,13.0,13.0
14449,2024-07-07,21:13:00,P04,BBQ Chicken,Chicken,Medium,1,13.5,13.5
14450,2024-11-03,16:12:00,P11,Cheese Burst,Cheese,Medium,2,16.5,33.0
14451,2024-10-16,18:02:00,P06,Buffalo Chicken,Chicken,Small,1,8.92,8.92
14452,2024-10-26,13:07:00,P08,Veggie Supreme,Veggie,Medium,2,15.5,31.0
14453,2024-04-23,14:01:00,P12,Paneer Tikka,Specialty,Large,1,16.25,16.25
14454,2024-12-07,18:27:00,P12,Paneer Tikka,Specialty,Small,1,11.05,11.05
14455,2024-04-30,10:51:00,P13,Farmhouse,Specialty,Large,4,21.88,87.52
14456,2024-08-21,11:37:00,P01,Margherita,Classic,Medium,1,8.0,8.0
14457,2024-01-31,12:40:00,P10,Four Cheese,Cheese,Medium,1,12.5,12.5
14458,2024-02-20,12:30:00,P02,Pepperoni,Classic,Large,1,15.0,15.0
14459,2024-11-24,12:37:00,P05,Chicken Supreme,Chicken,Medium,3,17.0,51.0
14460,2024-07-16,10:44:00,P08,Veggie Supreme,Veggie,Medium,2,15.5,31.0
14461,2024-09-12,16:40:00,P05,Chicken Supreme,Chicken,Small,1,14.45,14.45
14462,2024-05-08,15:21:00,P07,Veggie Garden,Veggie,Large,1,14.38,14.38
14463,2024-07-30,22:39:00,P15,Truffle Mushroom,Specialty,Medium,2,19.0,38.0
14464,2024-01-21,16:40:00,P02,Pepperoni,Classic,Small,1,10.2,10.2
14465,2024-07-07,10:08:00,P10,Four Cheese,Cheese,Medium,2,12.5,25.0
14466,2024-01-29,22:51:00,P05,Chicken Supreme,Chicken,Large,1,21.25,21.25
14467,2024-07-01,20:51:00,P02,Pepperoni,Classic,Medium,1,12.0,12.0
14468,2024-02-05,22:47:00,P02,Pepperoni,Classic,Small,2,10.2,20.4
14469,2024-06-07,13:53:00,P14,Mexican Green,Specialty,Medium,1,10.0,10.0
14470,2024-11-01,18:58:00,P13,Farmhouse,Specialty,Medium,2,17.5,35.0
14471,2024-08-05,15:08:00,P13,Farmhouse,Specialty,Medium,1,17.5,17.5
14472,2024-12-18,16:34:00,P15,Truffle Mushroom,Specialty,Large,1,23.75,23.75
14473,2024-07-30,10:34:00,P03,Hawaiian,Classic,Medium,4,16.0,64.0
14474,2024-12-31,16:29:00,P05,Chicken Supreme,Chicken,Medium,1,17.0,17.0
14475,2024-08-01,22:00:00,P10,Four Cheese,Cheese,Large,2,15.62,31.24
14476,2024-01-15,18:19:00,P07,Veggie Garden,Veggie,Medium,1,11.5,11.5
14477,2024-02-21,16:20:00,P06,Buffalo Chicken,Chicken,Medium,1,10.5,10.5
14478,2024-11-16,13:46:00,P05,Chicken Supreme,Chicken,Medium,2,17.0,34.0
14479,2024-11-21,15:31:00,P08,Veggie Supreme,Veggie,Medium,1,15.5,15.5
14480,2024-05-08,20:17:00,P08,Veggie Supreme,Veggie,Medium,2,15.5,31.0
14481,2024-03-17,21:49:00,P02,Pepperoni,Classic,Medium,1,12.0,12.0
14482,2024-04-01,19:13:00,P07,Veggie Garden,Veggie,XL,1,17.25,17.25
14483,2024-02-21,22:56:00,P08,Veggie Supreme,Veggie,Large,1,19.38,19.38
14484,2024-02-19,20:55:00,P08,Veggie Supreme,Veggie,Large,1,19.38,19.38
14485,2024-09-29,21:55:00,P03,Hawaiian,Classic,Medium,1,16.0,16.0
14486,2024-04-04,14:32:00,P11,Cheese Burst,Cheese,Medium,1,16.5,16.5
14487,2024-09-13,15:50:00,P01,Margherita,Classic,Medium,1,8.0,8.0
14488,2024-07-02,13:21:00,P05,Chicken Supreme,Chicken,Medium,1,17.0,17.0
14489,2024-07-23,19:43:00,P11,Cheese Burst,Cheese,Large,2,20.62,41.24
14490,2024-11-08,17:51:00,P08,Veggie Supreme,Veggie,Medium,1,15.5,15.5
14491,2024-08-05,17:38:00,P03,Hawaiian,Classic,Large,3,20.0,60.0
14492,2024-06-15,16:13:00,P10,Four Cheese,Cheese,Small,1,10.62,10.62
14493,2024-05-04,19:17:00,P08,Veggie Supreme,Veggie,Medium,1,15.5,15.5
14494,2024-11-06,12:55:00,P12,Paneer Tikka,Specialty,Medium,2,13.0,26.0
14495,2024-08-03,18:58:00,P11,Cheese Burst,Cheese,Medium,1,16.5,16.5
14496,2024-07-04,12:24:00,P09,Spinach Feta,Veggie,Large,1,11.88,11.88
14497,2024-09-05,11:31:00,P07,Veggie Garden,Veggie,XL,1,17.25,17.25
14498,2024-07-16,12:20:00,P02,Pepperoni,Classic,Small,1,10.2,10.2
14499,2024-04-20,13:10:00,P03,Hawaiian,Classic,Small,1,13.6,13.6
14500,2024-06-30,20:34:00,P06,Buffalo Chicken,Chicken,Small,4,8.92,35.68
14501,2024-10-18,15:11:00,P08,Veggie Supreme,Veggie,Large,1,19.38,19.38
14502,2024-11-12,21:30:00,P07,Veggie Garden,Veggie,Medium,3,11.5,34.5
14503,2024-02-05,22:29:00,P04,BBQ Chicken,Chicken,Large,2,16.88,33.76
14504,2024-11-19,11:43:00,P01,Margherita,Classic,Medium,1,8.0,8.0
14505,2024-11-28,19:28:00,P07,Veggie Garden,Veggie,Medium,1,11.5,11.5
14506,2024-06-24,13:27:00,P04,BBQ Chicken,Chicken,Large,2,16.88,33.76
14507,2024-05-15,14:31:00,P11,Cheese Burst,Cheese,Medium,3,16.5,49.5
14508,2024-06-23,20:09:00,P01,Margherita,Classic,Medium,1,8.0,8.0
14509,2024-09-22,17:05:00,P08,Veggie Supreme,Veggie,Small,1,13.17,13.17
14510,2024-09-28,21:25:00,P14,Mexican Green,Specialty,Medium,1,10.0,10.0
14511,2024-10-03,13:57:00,P02,Pepperoni,Classic,Medium,1,12.0,12.0
14512,2024-12-27,14:09:00,P07,Veggie Garden,Veggie,Medium,1,11.5,11.5
14513,2024-12-16,20:37:00,P02,Pepperoni,Classic,Large,2,15.0,30.0
14514,2024-07-09,16:58:00,P09,Spinach Feta,Veggie,Large,1,11.88,11.88
14515,2024-05-19,20:44:00,P08,Veggie Supreme,Veggie,Large,2,19.38,38.76
14516,2024-10-23,21:07:00,P05,Chicken Supreme,Chicken,Medium,2,17.0,34.0
14517,2024-10-10,20:15:00,P07,Veggie Garden,Veggie,Large,1,14.38,14.38
14518,2024-09-15,14:31:00,P13,Farmhouse,Specialty,Medium,1,17.5,17.5
14519,2024-10-03,18:54:00,P02,Pepperoni,Classic,Medium,2,12.0,24.0
14520,2024-01-18,14:47:00,P01,Margherita,Classic,Medium,2,8.0,16.0
14521,2024-04-30,20:49:00,P13,Farmhouse,Specialty,Small,2,14.88,29.76
14522,2024-09-20,21:50:00,P08,Veggie Supreme,Veggie,Medium,1,15.5,15.5
14523,2024-10-23,15:08:00,P13,Farmhouse,Specialty,Medium,1,17.5,17.5
14524,2024-03-18,20:12:00,P08,Veggie Supreme,Veggie,XL,1,23.25,23.25
14525,2024-07-02,21:24:00,P12,Paneer Tikka,Specialty,Medium,1,13.0,13.0
14526,2024-11-15,14:05:00,P06,Buffalo Chicken,Chicken,Large,2,13.12,26.24
14527,2024-02-24,14:32:00,P11,Cheese Burst,Cheese,Medium,1,16.5,16.5
14528,2024-10-07,11:22:00,P13,Farmhouse,Specialty,Medium,2,17.5,35.0
14529,2024-07-06,17:07:00,P08,Veggie Supreme,Veggie,Medium,1,15.5,15.5
14530,2024-09-29,19:54:00,P02,Pepperoni,Classic,Large,2,15.0,30.0
14531,2024-03-15,20:02:00,P03,Hawaiian,Classic,Small,4,13.6,54.4
14532,2024-04-30,17:52:00,P02,Pepperoni,Classic,Medium,1,12.0,12.0
14533,2024-12-06,12:27:00,P03,Hawaiian,Classic,Medium,3,16.0,48.0
14534,2024-12-07,19:50:00,P04,BBQ Chicken,Chicken,Medium,1,13.5,13.5
14535,2024-10-28,11:22:00,P08,Veggie Supreme,Veggie,Large,1,19.38,19.38
14536,2024-04-08,22:51:00,P08,Veggie Supreme,Veggie,Medium,2,15.5,31.0
14537,2024-04-19,20:41:00,P06,Buffalo Chicken,Chicken,Small,3,8.92,26.76
14538,2024-02-15,10:15:00,P09,Spinach Feta,Veggie,Large,1,11.88,11.88
14539,2024-01-25,15:17:00,P01,Margherita,Classic,Medium,1,8.0,8.0
14540,2024-12-01,12:15:00,P01,Margherita,Classic,Large,2,10.0,20.0
14541,2024-07-15,20:43:00,P02,Pepperoni,Classic,Large,2,15.0,30.0
14542,2024-07-16,18:33:00,P07,Veggie Garden,Veggie,XL,1,17.25,17.25
14543,2024-07-26,14:22:00,P03,Hawaiian,Classic,Medium,2,16.0,32.0
14544,2024-02-13,20:22:00,P04,BBQ Chicken,Chicken,Medium,1,13.5,13.5
14545,2024-10-01,22:07:00,P05,Chicken Supreme,Chicken,Medium,1,17.0,17.0
14546,2024-10-11,11:04:00,P12,Paneer Tikka,Specialty,Large,1,16.25,16.25
14547,2024-05-19,19:46:00,P01,Margherita,Classic,Medium,1,8.0,8.0
14548,2024-02-06,10:31:00,P10,Four Cheese,Cheese,Medium,3,12.5,37.5
14549,2024-02-24,13:30:00,P10,Four Cheese,Cheese,Large,1,15.62,15.62
14550,2024-03-03,19:11:00,P12,Paneer Tikka,Specialty,Small,3,11.05,33.15
14551,2024-05-25,17:31:00,P14,Mexican Green,Specialty,Large,1,12.5,12.5
14552,2024-02-18,17:12:00,P01,Margherita,Classic,Large,2,10.0,20.0
14553,2024-07-05,16:02:00,P02,Pepperoni,Classic,Medium,2,12.0,24.0
14554,2024-04-08,16:49:00,P13,Farmhouse,Specialty,Medium,2,17.5,35.0
14555,2024-07-31,16:53:00,P06,Buffalo Chicken,Chicken,Medium,1,10.5,10.5
14556,2024-06-02,16:31:00,P08,Veggie Supreme,Veggie,XL,1,23.25,23.25
14557,2024-03-03,11:38:00,P10,Four Cheese,Cheese,Small,2,10.62,21.24
14558,2024-11-17,16:45:00,P10,Four Cheese,Cheese,Medium,2,12.5,25.0
14559,2024-09-28,17:25:00,P14,Mexican Green,Specialty,Large,1,12.5,12.5
14560,2024-11-23,14:38:00,P15,Truffle Mushroom,Specialty,Large,2,23.75,47.5
14561,2024-02-05,11:22:00,P10,Four Cheese,Cheese,Large,1,15.62,15.62
14562,2024-03-17,10:43:00,P04,BBQ Chicken,Chicken,Medium,1,13.5,13.5
14563,2024-12-24,21:43:00,P13,Farmhouse,Specialty,Small,2,14.88,29.76
14564,2024-04-18,10:06:00,P01,Margherita,Classic,Medium,1,8.0,8.0
14565,2024-10-30,14:15:00,P03,Hawaiian,Classic,Small,2,13.6,27.2
14566,2024-10-30,20:50:00,P13,Farmhouse,Specialty,Large,1,21.88,21.88
14567,2024-12-28,11:30:00,P03,Hawaiian,Classic,Large,1,20.0,20.0
14568,2024-10-21,18:40:00,P03,Hawaiian,Classic,Large,1,20.0,20.0
14569,2024-11-14,19:09:00,P02,Pepperoni,Classic,Large,1,15.0,15.0
14570,2024-12-09,11:32:00,P13,Farmhouse,Specialty,Medium,2,17.5,35.0
14571,2024-09-04,11:19:00,P07,Veggie Garden,Veggie,Small,1,9.78,9.78
14572,2024-06-10,13:54:00,P10,Four Cheese,Cheese,Medium,1,12.5,12.5
14573,2024-11-21,19:21:00,P03,Hawaiian,Classic,Small,1,13.6,13.6
14574,2024-01-04,11:04:00,P11,Cheese Burst,Cheese,Large,1,20.62,20.62
14575,2024-11-26,22:34:00,P11,Cheese Burst,Cheese,Small,2,14.03,28.06
14576,2024-07-29,13:10:00,P04,BBQ Chicken,Chicken,Large,1,16.88,16.88
14577,2024-07-21,14:26:00,P05,Chicken Supreme,Chicken,Large,2,21.25,42.5
14578,2024-04-27,17:33:00,P03,Hawaiian,Classic,Medium,3,16.0,48.0
14579,2024-12-25,17:19:00,P15,Truffle Mushroom,Specialty,Small,2,16.15,32.3
14580,2024-07-23,16:30:00,P10,Four Cheese,Cheese,Medium,2,12.5,25.0
14581,2024-02-18,22:13:00,P14,Mexican Green,Specialty,Medium,1,10.0,10.0
14582,2024-09-13,17:26:00,P04,BBQ Chicken,Chicken,Large,1,16.88,16.88
14583,2024-02-04,15:55:00,P12,Paneer Tikka,Specialty,Small,3,11.05,33.15
14584,2024-05-22,14:36:00,P11,Cheese Burst,Cheese,Large,2,20.62,41.24
14585,2024-09-16,13:38:00,P10,Four Cheese,Cheese,Large,2,15.62,31.24
14586,2024-01-22,17:46:00,P15,Truffle Mushroom,Specialty,Medium,2,19.0,38.0
14587,2024-03-15,15:26:00,P05,Chicken Supreme,Chicken,Large,1,21.25,21.25
14588,2024-06-15,19:45:00,P02,Pepperoni,Classic,Large,1,15.0,15.0
14589,2024-03-30,14:53:00,P10,Four Cheese,Cheese,Large,2,15.62,31.24
14590,2024-02-20,21:07:00,P11,Cheese Burst,Cheese,Medium,2,16.5,33.0
14591,2024-05-07,12:48:00,P08,Veggie Supreme,Veggie,Small,1,13.17,13.17
14592,2024-06-27,21:47:00,P03,Hawaiian,Classic,Medium,3,16.0,48.0
14593,2024-08-19,18:35:00,P07,Veggie Garden,Veggie,Medium,1,11.5,11.5
14594,2024-11-28,21:06:00,P04,BBQ Chicken,Chicken,Large,1,16.88,16.88
14595,2024-03-05,18:58:00,P06,Buffalo Chicken,Chicken,Large,3,13.12,39.36
14596,2024-02-05,18:29:00,P09,Spinach Feta,Veggie,Large,2,11.88,23.76
14597,2024-08-14,20:28:00,P11,Cheese Burst,Cheese,Small,1,14.03,14.03
14598,2024-01-05,10:42:00,P03,Hawaiian,Classic,Small,1,13.6,13.6
14599,2024-04-24,14:53:00,P05,Chicken Supreme,Chicken,Large,1,21.25,21.25
14600,2024-12-14,17:16:00,P03,Hawaiian,Classic,Medium,2,16.0,32.0
14601,2024-11-02,10:36:00,P02,Pepperoni,Classic,Medium,1,12.0,12.0
14602,2024-12-09,13:26:00,P12,Paneer Tikka,Specialty,Medium,2,13.0,26.0
14603,2024-05-16,15:37:00,P13,Farmhouse,Specialty,Small,3,14.88,44.64
14604,2024-09-07,14:12:00,P05,Chicken Supreme,Chicken,Medium,2,17.0,34.0
14605,2024-12-11,14:10:00,P11,Cheese Burst,Cheese,Medium,1,16.5,16.5
14606,2024-02-18,19:05:00,P13,Farmhouse,Specialty,Medium,2,17.5,35.0
14607,2024-01-16,22:43:00,P12,Paneer Tikka,Specialty,Large,1,16.25,16.25
14608,2024-04-30,20:22:00,P02,Pepperoni,Classic,Small,1,10.2,10.2
14609,2024-05-09,21:29:00,P14,Mexican Green,Specialty,Large,1,12.5,12.5
14610,2024-10-01,17:44:00,P05,Chicken Supreme,Chicken,Medium,1,17.0,17.0
14611,2024-02-16,10:14:00,P04,BBQ Chicken,Chicken,Large,3,16.88,50.64
14612,2024-10-24,10:43:00,P01,Margherita,Classic,Medium,1,8.0,8.0
14613,2024-12-07,20:46:00,P07,Veggie Garden,Veggie,Medium,1,11.5,11.5
14614,2024-08-14,12:38:00,P02,Pepperoni,Classic,Medium,3,12.0,36.0
14615,2024-05-14,16:33:00,P03,Hawaiian,Classic,Large,1,20.0,20.0
14616,2024-02-03,20:43:00,P04,BBQ Chicken,Chicken,Medium,2,13.5,27.0
14617,2024-03-08,16:47:00,P12,Paneer Tikka,Specialty,Medium,1,13.0,13.0
14618,2024-09-15,14:33:00,P13,Farmhouse,Specialty,Large,1,21.88,21.88
14619,2024-04-22,18:19:00,P04,BBQ Chicken,Chicken,Medium,3,13.5,40.5
14620,2024-01-12,16:45:00,P13,Farmhouse,Specialty,Medium,1,17.5,17.5
14621,2024-10-10,10:09:00,P13,Farmhouse,Specialty,Medium,1,17.5,17.5
14622,2024-03-15,16:17:00,P11,Cheese Burst,Cheese,Medium,1,16.5,16.5
14623,2024-03-23,10:22:00,P02,Pepperoni,Classic,Medium,1,12.0,12.0
14624,2024-11-05,21:44:00,P10,Four Cheese,Cheese,Medium,1,12.5,12.5
14625,2024-09-03,12:33:00,P14,Mexican Green,Specialty,XL,1,15.0,15.0
14626,2024-12-10,18:30:00,P10,Four Cheese,Cheese,Large,1,15.62,15.62
14627,2024-06-15,14:51:00,P04,BBQ Chicken,Chicken,Small,2,11.47,22.94
14628,2024-06-23,13:31:00,P07,Veggie Garden,Veggie,Medium,1,11.5,11.5
14629,2024-06-28,16:04:00,P10,Four Cheese,Cheese,XL,1,18.75,18.75
14630,2024-05-11,20:18:00,P07,Veggie Garden,Veggie,Large,1,14.38,14.38
14631,2024-04-11,13:26:00,P02,Pepperoni,Classic,Large,3,15.0,45.0
14632,2024-01-29,11:36:00,P04,BBQ Chicken,Chicken,Medium,3,13.5,40.5
14633,2024-08-31,14:59:00,P12,Paneer Tikka,Specialty,Large,2,16.25,32.5
14634,2024-03-29,13:05:00,P13,Farmhouse,Specialty,Large,3,21.88,65.64
14635,2024-12-21,10:14:00,P02,Pepperoni,Classic,Medium,1,12.0,12.0
14636,2024-01-18,15:55:00,P14,Mexican Green,Specialty,Medium,1,10.0,10.0
14637,2024-03-29,13:21:00,P04,BBQ Chicken,Chicken,Medium,1,13.5,13.5
14638,2024-07-22,18:39:00,P10,Four Cheese,Cheese,Medium,2,12.5,25.0
14639,2024-04-20,10:28:00,P11,Cheese Burst,Cheese,Large,1,20.62,20.62
14640,2024-01-26,18:31:00,P12,Paneer Tikka,Specialty,Large,1,16.25,16.25
14641,2024-11-09,12:29:00,P14,Mexican Green,Specialty,Large,4,12.5,50.0
14642,2024-10-01,19:24:00,P04,BBQ Chicken,Chicken,Large,2,16.88,33.76
14643,2024-05-26,19:59:00,P13,Farmhouse,Specialty,Medium,1,17.5,17.5
14644,2024-04-16,14:05:00,P02,Pepperoni,Classic,Medium,2,12.0,24.0
14645,2024-02-20,19:07:00,P10,Four Cheese,Cheese,Large,1,15.62,15.62
14646,2024-01-02,15:17:00,P11,Cheese Burst,Cheese,Medium,1,16.5,16.5
14647,2024-09-05,15:56:00,P10,Four Cheese,Cheese,Medium,1,12.5,12.5
14648,2024-08-09,13:27:00,P03,Hawaiian,Classic,Medium,1,16.0,16.0
14649,2024-07-12,17:35:00,P13,Farmhouse,Specialty,Small,1,14.88,14.88
14650,2024-07-28,20:08:00,P02,Pepperoni,Classic,Large,2,15.0,30.0
14651,2024-03-12,14:07:00,P01,Margherita,Classic,Medium,1,8.0,8.0
14652,2024-01-05,22:06:00,P10,Four Cheese,Cheese,Medium,1,12.5,12.5
14653,2024-01-21,22:36:00,P07,Veggie Garden,Veggie,XL,1,17.25,17.25
14654,2024-06-21,13:47:00,P12,Paneer Tikka,Specialty,Large,1,16.25,16.25
14655,2024-03-02,14:54:00,P05,Chicken Supreme,Chicken,Large,3,21.25,63.75
14656,2024-06-27,13:55:00,P02,Pepperoni,Classic,Medium,1,12.0,12.0
14657,2024-12-07,17:10:00,P12,Paneer Tikka,Specialty,Large,3,16.25,48.75
14658,2024-10-16,22:15:00,P08,Veggie Supreme,Veggie,Large,4,19.38,77.52
14659,2024-05-16,16:15:00,P02,Pepperoni,Classic,Medium,1,12.0,12.0
14660,2024-04-04,22:04:00,P10,Four Cheese,Cheese,XL,1,18.75,18.75
14661,2024-05-06,16:17:00,P07,Veggie Garden,Veggie,Medium,2,11.5,23.0
14662,2024-05-27,16:01:00,P09,Spinach Feta,Veggie,Large,4,11.88,47.52
14663,2024-10-22,19:41:00,P06,Buffalo Chicken,Chicken,Medium,2,10.5,21.0
14664,2024-07-21,14:28:00,P12,Paneer Tikka,Specialty,Medium,2,13.0,26.0
14665,2024-06-29,17:15:00,P12,Paneer Tikka,Specialty,Small,2,11.05,22.1
14666,2024-03-01,21:16:00,P10,Four Cheese,Cheese,Medium,1,12.5,12.5
14667,2024-06-14,11:48:00,P02,Pepperoni,Classic,Medium,1,12.0,12.0
14668,2024-10-26,22:06:00,P12,Paneer Tikka,Specialty,XL,2,19.5,39.0
14669,2024-05-03,13:48:00,P10,Four Cheese,Cheese,XL,2,18.75,37.5
14670,2024-03-30,20:58:00,P10,Four Cheese,Cheese,XL,1,18.75,18.75
14671,2024-12-27,22:27:00,P05,Chicken Supreme,Chicken,Medium,1,17.0,17.0
14672,2024-07-25,22:05:00,P13,Farmhouse,Specialty,XL,1,26.25,26.25
14673,2024-07-22,12:15:00,P10,Four Cheese,Cheese,Medium,1,12.5,12.5
14674,2024-04-19,15:57:00,P02,Pepperoni,Classic,Large,3,15.0,45.0
14675,2024-01-22,10:25:00,P05,Chicken Supreme,Chicken,Medium,1,17.0,17.0
14676,2024-06-16,16:45:00,P13,Farmhouse,Specialty,Medium,1,17.5,17.5
14677,2024-08-11,17:42:00,P01,Margherita,Classic,XL,1,12.0,12.0
14678,2024-01-24,18:50:00,P14,Mexican Green,Specialty,Large,1,12.5,12.5
14679,2024-12-23,11:36:00,P10,Four Cheese,Cheese,Large,1,15.62,15.62
14680,2024-07-29,20:04:00,P09,Spinach Feta,Veggie,Large,1,11.88,11.88
14681,2024-08-09,20:24:00,P03,Hawaiian,Classic,Small,1,13.6,13.6
14682,2024-12-15,17:24:00,P03,Hawaiian,Classic,Large,1,20.0,20.0
14683,2024-07-19,20:23:00,P14,Mexican Green,Specialty,Medium,1,10.0,10.0
14684,2024-04-13,20:58:00,P04,BBQ Chicken,Chicken,Small,1,11.47,11.47
14685,2024-11-05,15:14:00,P11,Cheese Burst,Cheese,Small,3,14.03,42.09
14686,2024-08-17,19:53:00,P05,Chicken Supreme,Chicken,Small,1,14.45,14.45
14687,2024-07-07,20:28:00,P02,Pepperoni,Classic,Large,1,15.0,15.0
14688,2024-06-20,18:41:00,P01,Margherita,Classic,Small,2,6.8,13.6
14689,2024-06-05,10:15:00,P08,Veggie Supreme,Veggie,Medium,1,15.5,15.5
14690,2024-11-09,15:39:00,P15,Truffle Mushroom,Specialty,Medium,2,19.0,38.0
14691,2024-06-25,20:10:00,P05,Chicken Supreme,Chicken,Medium,1,17.0,17.0
14692,2024-04-11,18:53:00,P05,Chicken Supreme,Chicken,Large,1,21.25,21.25
14693,2024-01-30,11:00:00,P04,BBQ Chicken,Chicken,Large,2,16.88,33.76
14694,2024-08-31,15:57:00,P07,Veggie Garden,Veggie,Medium,3,11.5,34.5
14695,2024-07-03,14:54:00,P06,Buffalo Chicken,Chicken,Medium,1,10.5,10.5
14696,2024-04-27,15:08:00,P13,Farmhouse,Specialty,Medium,1,17.5,17.5
14697,2024-03-09,11:23:00,P07,Veggie Garden,Veggie,Large,1,14.38,14.38
14698,2024-11-14,20:29:00,P07,Veggie Garden,Veggie,Medium,3,11.5,34.5
14699,2024-09-27,18:45:00,P02,Pepperoni,Classic,Medium,3,12.0,36.0
14700,2024-08-16,10:14:00,P15,Truffle Mushroom,Specialty,Large,1,23.75,23.75
14701,2024-05-27,18:48:00,P03,Hawaiian,Classic,Medium,1,16.0,16.0
14702,2024-11-07,17:24:00,P01,Margherita,Classic,Large,1,10.0,10.0
14703,2024-09-21,22:21:00,P10,Four Cheese,Cheese,Medium,1,12.5,12.5
14704,2024-03-17,14:59:00,P08,Veggie Supreme,Veggie,Large,1,19.38,19.38
14705,2024-01-28,16:56:00,P05,Chicken Supreme,Chicken,Small,1,14.45,14.45
14706,2024-01-12,12:40:00,P06,Buffalo Chicken,Chicken,Medium,2,10.5,21.0
14707,2024-11-14,19:00:00,P12,Paneer Tikka,Specialty,Medium,3,13.0,39.0
14708,2024-04-15,20:59:00,P02,Pepperoni,Classic,Large,4,15.0,60.0
14709,2024-04-07,16:33:00,P12,Paneer Tikka,Specialty,XL,1,19.5,19.5
14710,2024-05-31,21:10:00,P10,Four Cheese,Cheese,Medium,1,12.5,12.5
14711,2024-06-11,18:57:00,P06,Buffalo Chicken,Chicken,Large,2,13.12,26.24
14712,2024-01-16,19:15:00,P06,Buffalo Chicken,Chicken,Large,1,13.12,13.12
14713,2024-04-15,15:19:00,P03,Hawaiian,Classic,XL,2,24.0,48.0
14714,2024-08-31,13:10:00,P11,Cheese Burst,Cheese,Large,1,20.62,20.62
14715,2024-07-30,10:05:00,P07,Veggie Garden,Veggie,Small,1,9.78,9.78
14716,2024-08-07,17:13:00,P04,BBQ Chicken,Chicken,Large,1,16.88,16.88
14717,2024-05-09,15:32:00,P08,Veggie Supreme,Veggie,Medium,1,15.5,15.5
14718,2024-08-22,14:05:00,P15,Truffle Mushroom,Specialty,Small,2,16.15,32.3
14719,2024-07-17,15:49:00,P06,Buffalo Chicken,Chicken,Medium,1,10.5,10.5
14720,2024-02-13,17:23:00,P14,Mexican Green,Specialty,Large,1,12.5,12.5
14721,2024-01-27,14:50:00,P04,BBQ Chicken,Chicken,Large,1,16.88,16.88
14722,2024-03-09,12:08:00,P01,Margherita,Classic,Large,2,10.0,20.0
14723,2024-10-07,21:46:00,P03,Hawaiian,Classic,XL,1,24.0,24.0
14724,2024-04-28,22:55:00,P06,Buffalo Chicken,Chicken,Large,1,13.12,13.12
14725,2024-09-25,14:52:00,P03,Hawaiian,Classic,Small,1,13.6,13.6
14726,2024-10-19,11:50:00,P01,Margherita,Classic,Medium,1,8.0,8.0
14727,2024-02-09,22:30:00,P13,Farmhouse,Specialty,Small,1,14.88,14.88
14728,2024-01-25,16:45:00,P12,Paneer Tikka,Specialty,Small,2,11.05,22.1
14729,2024-06-07,15:15:00,P11,Cheese Burst,Cheese,Medium,1,16.5,16.5
14730,2024-12-12,13:38:00,P02,Pepperoni,Classic,Medium,1,12.0,12.0
14731,2024-12-01,13:06:00,P02,Pepperoni,Classic,Large,2,15.0,30.0
14732,2024-12-06,11:54:00,P01,Margherita,Classic,Large,1,10.0,10.0
14733,2024-03-12,19:26:00,P10,Four Cheese,Cheese,Medium,1,12.5,12.5
14734,2024-11-21,13:20:00,P14,Mexican Green,Specialty,Large,1,12.5,12.5
14735,2024-01-01,15:59:00,P06,Buffalo Chicken,Chicken,Medium,1,10.5,10.5
14736,2024-03-16,20:13:00,P02,Pepperoni,Classic,Large,2,15.0,30.0
14737,2024-07-25,17:17:00,P07,Veggie Garden,Veggie,Medium,2,11.5,23.0
14738,2024-01-17,18:46:00,P04,BBQ Chicken,Chicken,Medium,2,13.5,27.0
14739,2024-07-28,17:52:00,P05,Chicken Supreme,Chicken,Large,2,21.25,42.5
14740,2024-05-07,11:04:00,P09,Spinach Feta,Veggie,Medium,1,9.5,9.5
14741,2024-10-30,18:53:00,P10,Four Cheese,Cheese,Medium,1,12.5,12.5
14742,2024-09-04,10:40:00,P02,Pepperoni,Classic,Medium,1,12.0,12.0
14743,2024-03-13,13:12:00,P01,Margherita,Classic,Large,1,10.0,10.0
14744,2024-10-22,20:45:00,P15,Truffle Mushroom,Specialty,XL,4,28.5,114.0
14745,2024-10-30,20:50:00,P03,Hawaiian,Classic,Small,2,13.6,27.2
14746,2024-07-07,15:41:00,P01,Margherita,Classic,Large,1,10.0,10.0
14747,2024-06-02,17:10:00,P02,Pepperoni,Classic,Small,1,10.2,10.2
14748,2024-01-25,17:24:00,P01,Margherita,Classic,Medium,1,8.0,8.0
14749,2024-03-24,19:48:00,P05,Chicken Supreme,Chicken,Small,1,14.45,14.45
14750,2024-04-28,20:43:00,P12,Paneer Tikka,Specialty,Large,1,16.25,16.25
14751,2024-11-25,13:48:00,P04,BBQ Chicken,Chicken,Small,1,11.47,11.47
14752,2024-05-10,16:26:00,P06,Buffalo Chicken,Chicken,Medium,2,10.5,21.0
14753,2024-08-28,16:39:00,P10,Four Cheese,Cheese,Medium,2,12.5,25.0
14754,2024-08-10,14:21:00,P07,Veggie Garden,Veggie,Small,1,9.78,9.78
14755,2024-07-08,12:13:00,P13,Farmhouse,Specialty,Large,1,21.88,21.88
14756,2024-08-30,22:49:00,P13,Farmhouse,Specialty,Medium,1,17.5,17.5
14757,2024-07-08,16:25:00,P01,Margherita,Classic,Medium,2,8.0,16.0
14758,2024-10-25,16:43:00,P11,Cheese Burst,Cheese,Medium,2,16.5,33.0
14759,2024-06-16,21:00:00,P06,Buffalo Chicken,Chicken,Medium,3,10.5,31.5
14760,2024-08-29,11:43:00,P15,Truffle Mushroom,Specialty,Large,1,23.75,23.75
14761,2024-12-04,16:06:00,P07,Veggie Garden,Veggie,Small,2,9.78,19.56
14762,2024-05-14,10:17:00,P15,Truffle Mushroom,Specialty,Medium,1,19.0,19.0
14763,2024-03-29,19:28:00,P11,Cheese Burst,Cheese,Medium,1,16.5,16.5
14764,2024-08-02,22:00:00,P03,Hawaiian,Classic,Medium,1,16.0,16.0
14765,2024-11-30,21:35:00,P08,Veggie Supreme,Veggie,Large,1,19.38,19.38
14766,2024-04-15,17:31:00,P15,Truffle Mushroom,Specialty,Large,2,23.75,47.5
14767,2024-02-15,22:20:00,P13,Farmhouse,Specialty,Medium,1,17.5,17.5
14768,2024-06-25,16:37:00,P02,Pepperoni,Classic,Medium,1,12.0,12.0
14769,2024-09-21,13:19:00,P10,Four Cheese,Cheese,Large,1,15.62,15.62
14770,2024-01-08,13:34:00,P04,BBQ Chicken,Chicken,Large,1,16.88,16.88
14771,2024-11-06,22:20:00,P01,Margherita,Classic,Medium,1,8.0,8.0
14772,2024-08-20,14:40:00,P05,Chicken Supreme,Chicken,Large,1,21.25,21.25
14773,2024-12-07,20:05:00,P03,Hawaiian,Classic,Large,1,20.0,20.0
14774,2024-02-13,20:03:00,P12,Paneer Tikka,Specialty,Medium,1,13.0,13.0
14775,2024-01-04,18:27:00,P04,BBQ Chicken,Chicken,Medium,4,13.5,54.0
14776,2024-09-03,20:57:00,P12,Paneer Tikka,Specialty,Large,1,16.25,16.25
14777,2024-12-02,16:37:00,P01,Margherita,Classic,Medium,1,8.0,8.0
14778,2024-07-06,13:28:00,P04,BBQ Chicken,Chicken,Large,1,16.88,16.88
14779,2024-06-16,16:07:00,P03,Hawaiian,Classic,Large,2,20.0,40.0
14780,2024-04-14,10:31:00,P03,Hawaiian,Classic,Large,2,20.0,40.0
14781,2024-04-24,20:42:00,P01,Margherita,Classic,Medium,1,8.0,8.0
14782,2024-09-28,11:58:00,P02,Pepperoni,Classic,Medium,1,12.0,12.0
14783,2024-08-17,18:33:00,P08,Veggie Supreme,Veggie,Small,2,13.17,26.34
14784,2024-07-15,14:13:00,P04,BBQ Chicken,Chicken,Large,2,16.88,33.76
14785,2024-11-12,15:45:00,P05,Chicken Supreme,Chicken,Large,2,21.25,42.5
14786,2024-11-28,15:47:00,P05,Chicken Supreme,Chicken,Large,3,21.25,63.75
14787,2024-09-10,13:28:00,P13,Farmhouse,Specialty,Small,3,14.88,44.64
14788,2024-06-14,18:32:00,P13,Farmhouse,Specialty,Large,1,21.88,21.88
14789,2024-03-26,10:59:00,P07,Veggie Garden,Veggie,XL,1,17.25,17.25
14790,2024-08-02,13:05:00,P04,BBQ Chicken,Chicken,Medium,2,13.5,27.0
14791,2024-08-27,16:28:00,P02,Pepperoni,Classic,Medium,2,12.0,24.0
14792,2024-03-09,18:23:00,P14,Mexican Green,Specialty,Large,1,12.5,12.5
14793,2024-04-06,20:29:00,P01,Margherita,Classic,Large,4,10.0,40.0
14794,2024-07-04,17:51:00,P04,BBQ Chicken,Chicken,XL,1,20.25,20.25
14795,2024-04-28,13:54:00,P04,BBQ Chicken,Chicken,Small,1,11.47,11.47
14796,2024-10-14,10:00:00,P04,BBQ Chicken,Chicken,Medium,3,13.5,40.5
14797,2024-06-10,14:30:00,P02,Pepperoni,Classic,Large,1,15.0,15.0
14798,2024-02-28,19:21:00,P12,Paneer Tikka,Specialty,Large,1,16.25,16.25
14799,2024-04-30,22:31:00,P02,Pepperoni,Classic,Large,1,15.0,15.0
14800,2024-02-24,17:21:00,P09,Spinach Feta,Veggie,XL,1,14.25,14.25
14801,2024-09-09,18:55:00,P02,Pepperoni,Classic,Medium,1,12.0,12.0
14802,2024-03-24,14:33:00,P01,Margherita,Classic,Large,1,10.0,10.0
14803,2024-06-25,15:34:00,P13,Farmhouse,Specialty,Medium,1,17.5,17.5
14804,2024-07-30,10:37:00,P02,Pepperoni,Classic,Medium,4,12.0,48.0
14805,2024-06-16,19:51:00,P12,Paneer Tikka,Specialty,Medium,4,13.0,52.0
14806,2024-12-27,17:42:00,P08,Veggie Supreme,Veggie,Large,1,19.38,19.38
14807,2024-01-03,22:30:00,P01,Margherita,Classic,XL,2,12.0,24.0
14808,2024-08-25,16:18:00,P14,Mexican Green,Specialty,Medium,1,10.0,10.0
14809,2024-07-25,15:19:00,P03,Hawaiian,Classic,Small,1,13.6,13.6
14810,2024-08-01,16:55:00,P13,Farmhouse,Specialty,Large,1,21.88,21.88
14811,2024-11-29,15:03:00,P02,Pepperoni,Classic,Medium,3,12.0,36.0
14812,2024-01-09,16:24:00,P12,Paneer Tikka,Specialty,XL,3,19.5,58.5
14813,2024-10-31,20:27:00,P01,Margherita,Classic,Medium,1,8.0,8.0
14814,2024-07-08,16:45:00,P07,Veggie Garden,Veggie,Small,1,9.78,9.78
14815,2024-07-21,17:18:00,P11,Cheese Burst,Cheese,Medium,1,16.5,16.5
14816,2024-02-03,16:09:00,P14,Mexican Green,Specialty,Small,1,8.5,8.5
14817,2024-08-16,10:01:00,P13,Farmhouse,Specialty,Medium,1,17.5,17.5
14818,2024-04-24,15:16:00,P12,Paneer Tikka,Specialty,Small,1,11.05,11.05
14819,2024-02-16,17:49:00,P13,Farmhouse,Specialty,Medium,2,17.5,35.0
14820,2024-07-31,17:28:00,P02,Pepperoni,Classic,Small,1,10.2,10.2
14821,2024-09-01,22:13:00,P04,BBQ Chicken,Chicken,XL,3,20.25,60.75
14822,2024-03-12,15:22:00,P04,BBQ Chicken,Chicken,Medium,2,13.5,27.0
14823,2024-12-25,12:12:00,P05,Chicken Supreme,Chicken,Medium,1,17.0,17.0
14824,2024-06-04,14:09:00,P05,Chicken Supreme,Chicken,Large,2,21.25,42.5
14825,2024-08-18,18:13:00,P08,Veggie Supreme,Veggie,Large,2,19.38,38.76
14826,2024-12-23,19:32:00,P02,Pepperoni,Classic,Medium,1,12.0,12.0
14827,2024-03-15,17:05:00,P10,Four Cheese,Cheese,Large,1,15.62,15.62
14828,2024-09-29,13:05:00,P02,Pepperoni,Classic,Large,3,15.0,45.0
14829,2024-11-12,19:48:00,P04,BBQ Chicken,Chicken,Large,1,16.88,16.88
14830,2024-08-21,14:18:00,P07,Veggie Garden,Veggie,Medium,1,11.5,11.5
14831,2024-07-17,22:23:00,P12,Paneer Tikka,Specialty,Large,1,16.25,16.25
14832,2024-11-02,19:18:00,P11,Cheese Burst,Cheese,Medium,2,16.5,33.0
14833,2024-03-02,20:02:00,P10,Four Cheese,Cheese,Medium,2,12.5,25.0
14834,2024-01-30,20:37:00,P02,Pepperoni,Classic,Large,3,15.0,45.0
14835,2024-04-30,20:07:00,P08,Veggie Supreme,Veggie,Medium,1,15.5,15.5
14836,2024-12-12,22:28:00,P01,Margherita,Classic,Large,1,10.0,10.0
14837,2024-04-28,16:07:00,P05,Chicken Supreme,Chicken,Small,1,14.45,14.45
14838,2024-08-02,22:15:00,P05,Chicken Supreme,Chicken,Medium,2,17.0,34.0
14839,2024-03-12,17:44:00,P01,Margherita,Classic,Large,1,10.0,10.0
14840,2024-10-15,19:04:00,P04,BBQ Chicken,Chicken,Medium,1,13.5,13.5
14841,2024-05-24,15:13:00,P14,Mexican Green,Specialty,Large,1,12.5,12.5
14842,2024-08-17,21:19:00,P14,Mexican Green,Specialty,XL,1,15.0,15.0
14843,2024-05-29,15:32:00,P04,BBQ Chicken,Chicken,Large,3,16.88,50.64
14844,2024-09-17,11:45:00,P01,Margherita,Classic,Medium,2,8.0,16.0
14845,2024-05-14,22:56:00,P02,Pepperoni,Classic,Medium,4,12.0,48.0
14846,2024-09-21,20:47:00,P05,Chicken Supreme,Chicken,Large,1,21.25,21.25
14847,2024-12-26,20:06:00,P14,Mexican Green,Specialty,Large,3,12.5,37.5
14848,2024-07-17,10:42:00,P02,Pepperoni,Classic,Medium,2,12.0,24.0
14849,2024-11-10,15:45:00,P11,Cheese Burst,Cheese,XL,1,24.75,24.75
14850,2024-09-12,14:39:00,P02,Pepperoni,Classic,Large,4,15.0,60.0
14851,2024-09-04,20:03:00,P15,Truffle Mushroom,Specialty,XL,1,28.5,28.5
14852,2024-01-01,15:57:00,P05,Chicken Supreme,Chicken,Small,3,14.45,43.35
14853,2024-01-31,10:52:00,P11,Cheese Burst,Cheese,Small,3,14.03,42.09
14854,2024-10-01,14:53:00,P04,BBQ Chicken,Chicken,Medium,2,13.5,27.0
14855,2024-11-20,10:30:00,P09,Spinach Feta,Veggie,Medium,1,9.5,9.5
14856,2024-08-23,16:14:00,P02,Pepperoni,Classic,Large,1,15.0,15.0
14857,2024-08-30,16:52:00,P02,Pepperoni,Classic,Small,1,10.2,10.2
14858,2024-07-23,21:18:00,P14,Mexican Green,Specialty,XL,1,15.0,15.0
14859,2024-11-28,20:37:00,P13,Farmhouse,Specialty,Medium,2,17.5,35.0
14860,2024-06-09,15:12:00,P13,Farmhouse,Specialty,Medium,2,17.5,35.0
14861,2024-07-23,22:19:00,P09,Spinach Feta,Veggie,Medium,3,9.5,28.5
14862,2024-04-09,14:44:00,P12,Paneer Tikka,Specialty,Medium,1,13.0,13.0
14863,2024-12-02,12:58:00,P01,Margherita,Classic,Small,2,6.8,13.6
14864,2024-02-21,11:24:00,P04,BBQ Chicken,Chicken,Small,3,11.47,34.41
14865,2024-05-02,16:00:00,P04,BBQ Chicken,Chicken,Large,2,16.88,33.76
14866,2024-10-23,15:17:00,P09,Spinach Feta,Veggie,Medium,1,9.5,9.5
14867,2024-05-08,15:38:00,P05,Chicken Supreme,Chicken,Medium,1,17.0,17.0
14868,2024-07-20,15:06:00,P02,Pepperoni,Classic,Large,1,15.0,15.0
14869,2024-01-08,11:08:00,P08,Veggie Supreme,Veggie,Small,2,13.17,26.34
14870,2024-12-10,20:40:00,P12,Paneer Tikka,Specialty,Medium,2,13.0,26.0
14871,2024-09-19,18:16:00,P05,Chicken Supreme,Chicken,Small,4,14.45,57.8
14872,2024-04-08,11:42:00,P02,Pepperoni,Classic,Medium,1,12.0,12.0
14873,2024-01-31,10:20:00,P02,Pepperoni,Classic,Large,1,15.0,15.0
14874,2024-05-24,12:53:00,P03,Hawaiian,Classic,Small,2,13.6,27.2
14875,2024-11-05,12:51:00,P04,BBQ Chicken,Chicken,Large,2,16.88,33.76
14876,2024-05-14,15:28:00,P09,Spinach Feta,Veggie,Large,3,11.88,35.64
14877,2024-07-08,11:56:00,P09,Spinach Feta,Veggie,Small,2,8.07,16.14
14878,2024-06-22,15:01:00,P10,Four Cheese,Cheese,XL,1,18.75,18.75
14879,2024-07-01,20:42:00,P05,Chicken Supreme,Chicken,Medium,2,17.0,34.0
14880,2024-07-04,19:03:00,P12,Paneer Tikka,Specialty,Small,2,11.05,22.1
14881,2024-11-25,18:44:00,P03,Hawaiian,Classic,Small,1,13.6,13.6
14882,2024-06-19,19:23:00,P07,Veggie Garden,Veggie,Medium,1,11.5,11.5
14883,2024-09-17,12:03:00,P12,Paneer Tikka,Specialty,Medium,1,13.0,13.0
14884,2024-04-08,19:55:00,P02,Pepperoni,Classic,Medium,1,12.0,12.0
14885,2024-11-28,14:31:00,P02,Pepperoni,Classic,Large,2,15.0,30.0
14886,2024-04-29,10:56:00,P13,Farmhouse,Specialty,Large,1,21.88,21.88
14887,2024-07-21,19:02:00,P04,BBQ Chicken,Chicken,Medium,1,13.5,13.5
14888,2024-06-25,12:12:00,P10,Four Cheese,Cheese,Large,1,15.62,15.62
14889,2024-02-01,11:22:00,P01,Margherita,Classic,Large,1,10.0,10.0
14890,2024-11-03,16:50:00,P10,Four Cheese,Cheese,Small,1,10.62,10.62
14891,2024-10-12,15:54:00,P04,BBQ Chicken,Chicken,Medium,2,13.5,27.0
14892,2024-03-11,14:47:00,P01,Margherita,Classic,Medium,1,8.0,8.0
14893,2024-11-21,12:31:00,P09,Spinach Feta,Veggie,Medium,1,9.5,9.5
14894,2024-11-19,20:53:00,P03,Hawaiian,Classic,Medium,1,16.0,16.0
14895,2024-07-25,18:51:00,P05,Chicken Supreme,Chicken,Medium,1,17.0,17.0
14896,2024-03-06,15:13:00,P01,Margherita,Classic,Large,1,10.0,10.0
14897,2024-08-20,22:41:00,P02,Pepperoni,Classic,Medium,1,12.0,12.0
14898,2024-06-02,11:46:00,P04,BBQ Chicken,Chicken,Medium,3,13.5,40.5
14899,2024-09-16,14:56:00,P01,Margherita,Classic,Small,2,6.8,13.6
14900,2024-04-28,14:37:00,P13,Farmhouse,Specialty,Medium,1,17.5,17.5
14901,2024-01-25,13:28:00,P01,Margherita,Classic,Medium,1,8.0,8.0
14902,2024-06-10,14:29:00,P07,Veggie Garden,Veggie,Medium,4,11.5,46.0
14903,2024-08-02,21:35:00,P02,Pepperoni,Classic,Large,2,15.0,30.0
14904,2024-06-04,10:07:00,P04,BBQ Chicken,Chicken,Medium,1,13.5,13.5
14905,2024-02-22,19:14:00,P14,Mexican Green,Specialty,Small,2,8.5,17.0
14906,2024-04-07,12:43:00,P02,Pepperoni,Classic,Medium,2,12.0,24.0
14907,2024-01-30,19:43:00,P15,Truffle Mushroom,Specialty,Large,2,23.75,47.5
14908,2024-03-24,18:08:00,P03,Hawaiian,Classic,Large,1,20.0,20.0
14909,2024-08-19,11:20:00,P11,Cheese Burst,Cheese,Medium,1,16.5,16.5
14910,2024-09-10,17:55:00,P08,Veggie Supreme,Veggie,Medium,1,15.5,15.5
14911,2024-01-07,13:50:00,P13,Farmhouse,Specialty,Medium,3,17.5,52.5
14912,2024-05-15,17:12:00,P08,Veggie Supreme,Veggie,Medium,1,15.5,15.5
14913,2024-11-09,14:34:00,P07,Veggie Garden,Veggie,XL,1,17.25,17.25
14914,2024-11-20,13:07:00,P02,Pepperoni,Classic,Medium,3,12.0,36.0
14915,2024-09-07,17:41:00,P02,Pepperoni,Classic,Large,3,15.0,45.0
14916,2024-02-23,13:58:00,P13,Farmhouse,Specialty,Medium,4,17.5,70.0
14917,2024-04-03,12:41:00,P04,BBQ Chicken,Chicken,Medium,3,13.5,40.5
14918,2024-09-25,14:53:00,P05,Chicken Supreme,Chicken,Large,4,21.25,85.0
14919,2024-03-15,19:18:00,P11,Cheese Burst,Cheese,Medium,1,16.5,16.5
14920,2024-07-06,10:10:00,P04,BBQ Chicken,Chicken,XL,2,20.25,40.5
14921,2024-05-22,17:43:00,P14,Mexican Green,Specialty,Medium,2,10.0,20.0
14922,2024-08-08,10:25:00,P11,Cheese Burst,Cheese,Small,1,14.03,14.03
14923,2024-01-05,22:03:00,P08,Veggie Supreme,Veggie,Large,1,19.38,19.38
14924,2024-02-25,17:10:00,P13,Farmhouse,Specialty,Small,4,14.88,59.52
14925,2024-08-09,17:47:00,P01,Margherita,Classic,Medium,1,8.0,8.0
14926,2024-10-30,12:43:00,P03,Hawaiian,Classic,Medium,3,16.0,48.0
14927,2024-09-04,22:32:00,P07,Veggie Garden,Veggie,Large,1,14.38,14.38
14928,2024-04-09,14:37:00,P03,Hawaiian,Classic,Medium,1,16.0,16.0
14929,2024-01-05,14:20:00,P11,Cheese Burst,Cheese,Small,1,14.03,14.03
14930,2024-12-10,19:57:00,P14,Mexican Green,Specialty,Medium,1,10.0,10.0
14931,2024-07-29,11:57:00,P06,Buffalo Chicken,Chicken,Medium,2,10.5,21.0
14932,2024-12-19,17:04:00,P04,BBQ Chicken,Chicken,Large,1,16.88,16.88
14933,2024-06-29,15:31:00,P14,Mexican Green,Specialty,Medium,1,10.0,10.0
14934,2024-07-19,16:04:00,P06,Buffalo Chicken,Chicken,Large,1,13.12,13.12
14935,2024-05-01,18:40:00,P07,Veggie Garden,Veggie,Medium,1,11.5,11.5
14936,2024-12-19,16:25:00,P04,BBQ Chicken,Chicken,Large,1,16.88,16.88
14937,2024-11-03,11:25:00,P13,Farmhouse,Specialty,Large,2,21.88,43.76
14938,2024-09-24,15:19:00,P08,Veggie Supreme,Veggie,Large,1,19.38,19.38
14939,2024-01-19,13:31:00,P11,Cheese Burst,Cheese,Small,1,14.03,14.03
14940,2024-07-28,14:56:00,P12,Paneer Tikka,Specialty,Medium,1,13.0,13.0
14941,2024-05-07,15:49:00,P04,BBQ Chicken,Chicken,Large,1,16.88,16.88
14942,2024-07-16,18:13:00,P06,Buffalo Chicken,Chicken,Small,1,8.92,8.92
14943,2024-06-28,10:17:00,P12,Paneer Tikka,Specialty,Medium,1,13.0,13.0
14944,2024-11-15,14:09:00,P05,Chicken Supreme,Chicken,Large,2,21.25,42.5
14945,2024-01-23,17:50:00,P12,Paneer Tikka,Specialty,Medium,3,13.0,39.0
14946,2024-03-22,13:51:00,P14,Mexican Green,Specialty,XL,2,15.0,30.0
14947,2024-12-17,15:25:00,P09,Spinach Feta,Veggie,Small,1,8.07,8.07
14948,2024-04-08,18:42:00,P11,Cheese Burst,Cheese,Large,1,20.62,20.62
14949,2024-07-09,11:53:00,P12,Paneer Tikka,Specialty,Medium,1,13.0,13.0
14950,2024-04-13,22:50:00,P12,Paneer Tikka,Specialty,Medium,2,13.0,26.0
14951,2024-09-17,13:35:00,P05,Chicken Supreme,Chicken,XL,4,25.5,102.0
14952,2024-01-19,13:21:00,P01,Margherita,Classic,Small,1,6.8,6.8
14953,2024-10-13,18:46:00,P05,Chicken Supreme,Chicken,Large,1,21.25,21.25
14954,2024-02-13,13:02:00,P10,Four Cheese,Cheese,Large,2,15.62,31.24
14955,2024-12-22,18:48:00,P06,Buffalo Chicken,Chicken,Medium,2,10.5,21.0
14956,2024-02-28,13:52:00,P11,Cheese Burst,Cheese,Large,2,20.62,41.24
14957,2024-06-15,16:06:00,P05,Chicken Supreme,Chicken,Medium,2,17.0,34.0
14958,2024-03-29,16:46:00,P09,Spinach Feta,Veggie,Large,3,11.88,35.64
14959,2024-04-25,13:33:00,P02,Pepperoni,Classic,Medium,1,12.0,12.0
14960,2024-04-17,19:18:00,P11,Cheese Burst,Cheese,Large,3,20.62,61.86
14961,2024-02-16,10:52:00,P08,Veggie Supreme,Veggie,Medium,3,15.5,46.5
14962,2024-08-17,20:04:00,P03,Hawaiian,Classic,Small,2,13.6,27.2
14963,2024-09-01,21:57:00,P04,BBQ Chicken,Chicken,Medium,1,13.5,13.5
14964,2024-03-17,20:45:00,P11,Cheese Burst,Cheese,Medium,1,16.5,16.5
14965,2024-07-07,17:13:00,P07,Veggie Garden,Veggie,Medium,1,11.5,11.5
14966,2024-08-09,19:31:00,P03,Hawaiian,Classic,Small,1,13.6,13.6
14967,2024-01-24,22:42:00,P15,Truffle Mushroom,Specialty,Small,3,16.15,48.45
14968,2024-05-14,10:29:00,P10,Four Cheese,Cheese,Medium,1,12.5,12.5
14969,2024-10-07,21:35:00,P14,Mexican Green,Specialty,Medium,1,10.0,10.0
14970,2024-07-07,16:34:00,P06,Buffalo Chicken,Chicken,Medium,2,10.5,21.0
14971,2024-07-24,11:49:00,P07,Veggie Garden,Veggie,Medium,1,11.5,11.5
14972,2024-07-02,17:00:00,P13,Farmhouse,Specialty,Medium,1,17.5,17.5
14973,2024-08-17,18:24:00,P07,Veggie Garden,Veggie,Large,1,14.38,14.38
14974,2024-06-10,17:55:00,P10,Four Cheese,Cheese,Large,2,15.62,31.24
14975,2024-12-05,13:20:00,P03,Hawaiian,Classic,Medium,1,16.0,16.0
14976,2024-12-12,19:22:00,P06,Buffalo Chicken,Chicken,Large,2,13.12,26.24
14977,2024-02-02,20:40:00,P02,Pepperoni,Classic,Medium,1,12.0,12.0
14978,2024-12-04,20:03:00,P03,Hawaiian,Classic,Large,3,20.0,60.0
14979,2024-01-23,14:52:00,P01,Margherita,Classic,Medium,1,8.0,8.0
14980,2024-09-30,10:57:00,P01,Margherita,Classic,Small,1,6.8,6.8
14981,2024-04-16,10:57:00,P15,Truffle Mushroom,Specialty,Large,1,23.75,23.75
14982,2024-07-18,17:39:00,P03,Hawaiian,Classic,Large,1,20.0,20.0
14983,2024-12-08,16:01:00,P10,Four Cheese,Cheese,Small,1,10.62,10.62
14984,2024-04-30,16:20:00,P12,Paneer Tikka,Specialty,Medium,1,13.0,13.0
14985,2024-05-31,14:37:00,P08,Veggie Supreme,Veggie,Large,1,19.38,19.38
14986,2024-11-01,21:38:00,P02,Pepperoni,Classic,Large,1,15.0,15.0
14987,2024-11-11,11:26:00,P11,Cheese Burst,Cheese,Large,1,20.62,20.62
14988,2024-12-29,16:06:00,P09,Spinach Feta,Veggie,Small,1,8.07,8.07
14989,2024-05-07,10:28:00,P11,Cheese Burst,Cheese,Medium,2,16.5,33.0
14990,2024-11-25,19:11:00,P11,Cheese Burst,Cheese,Small,3,14.03,42.09
14991,2024-07-13,12:12:00,P15,Truffle Mushroom,Specialty,Medium,1,19.0,19.0
14992,2024-04-18,20:05:00,P08,Veggie Supreme,Veggie,Small,1,13.17,13.17
14993,2024-01-27,12:59:00,P04,BBQ Chicken,Chicken,Large,3,16.88,50.64
14994,2024-09-21,14:05:00,P10,Four Cheese,Cheese,Medium,1,12.5,12.5
14995,2024-05-13,17:25:00,P01,Margherita,Classic,Large,4,10.0,40.0
14996,2024-02-12,12:15:00,P13,Farmhouse,Specialty,Small,1,14.88,14.88
14997,2024-04-14,16:10:00,P02,Pepperoni,Classic,Medium,3,12.0,36.0
14998,2024-07-26,22:37:00,P04,BBQ Chicken,Chicken,Medium,1,13.5,13.5
14999,2024-02-28,10:47:00,P12,Paneer Tikka,Specialty,Medium,3,13.0,39.0
15000,2024-05-27,14:27:00,P08,Veggie Supreme,Veggie,Large,1,19.38,19.38
15001,2024-06-26,10:49:00,P05,Chicken Supreme,Chicken,Medium,2,17.0,34.0
15002,2024-10-22,19:53:00,P07,Veggie Garden,Veggie,Medium,1,11.5,11.5
15003,2024-09-22,11:08:00,P13,Farmhouse,Specialty,Small,1,14.88,14.88
15004,2024-02-05,20:09:00,P04,BBQ Chicken,Chicken,Small,2,11.47,22.94
15005,2024-05-14,12:37:00,P13,Farmhouse,Specialty,Large,1,21.88,21.88
15006,2024-09-28,12:25:00,P01,Margherita,Classic,Medium,3,8.0,24.0
15007,2024-06-07,12:31:00,P11,Cheese Burst,Cheese,Large,1,20.62,20.62
15008,2024-10-27,21:26:00,P12,Paneer Tikka,Specialty,Large,2,16.25,32.5
15009,2024-10-04,17:03:00,P02,Pepperoni,Classic,Small,1,10.2,10.2
15010,2024-04-25,17:22:00,P06,Buffalo Chicken,Chicken,Small,4,8.92,35.68
15011,2024-09-28,11:21:00,P02,Pepperoni,Classic,Large,3,15.0,45.0
15012,2024-08-02,18:04:00,P10,Four Cheese,Cheese,Large,1,15.62,15.62
15013,2024-08-16,21:06:00,P07,Veggie Garden,Veggie,Medium,3,11.5,34.5
15014,2024-02-06,19:59:00,P09,Spinach Feta,Veggie,Small,2,8.07,16.14
15015,2024-10-10,13:48:00,P02,Pepperoni,Classic,Small,1,10.2,10.2
15016,2024-08-11,15:45:00,P03,Hawaiian,Classic,Medium,2,16.0,32.0
15017,2024-07-19,13:25:00,P01,Margherita,Classic,Small,1,6.8,6.8
15018,2024-03-15,13:52:00,P04,BBQ Chicken,Chicken,Medium,2,13.5,27.0
15019,2024-07-09,15:14:00,P08,Veggie Supreme,Veggie,Medium,1,15.5,15.5
15020,2024-04-08,18:32:00,P13,Farmhouse,Specialty,Small,1,14.88,14.88
15021,2024-03-15,15:05:00,P10,Four Cheese,Cheese,Small,1,10.62,10.62
15022,2024-07-02,14:56:00,P06,Buffalo Chicken,Chicken,Large,1,13.12,13.12
15023,2024-09-05,21:49:00,P14,Mexican Green,Specialty,Medium,2,10.0,20.0
15024,2024-05-19,16:01:00,P10,Four Cheese,Cheese,Large,4,15.62,62.48
15025,2024-12-24,18:23:00,P14,Mexican Green,Specialty,Medium,1,10.0,10.0
15026,2024-06-01,13:39:00,P07,Veggie Garden,Veggie,Large,1,14.38,14.38
15027,2024-04-14,19:43:00,P03,Hawaiian,Classic,Medium,2,16.0,32.0
15028,2024-05-09,19:34:00,P01,Margherita,Classic,Medium,1,8.0,8.0
15029,2024-06-09,10:57:00,P10,Four Cheese,Cheese,Small,1,10.62,10.62
15030,2024-09-13,14:29:00,P02,Pepperoni,Classic,Small,1,10.2,10.2
15031,2024-06-30,13:32:00,P04,BBQ Chicken,Chicken,Large,1,16.88,16.88
15032,2024-12-23,16:52:00,P07,Veggie Garden,Veggie,Medium,1,11.5,11.5
15033,2024-01-06,19:23:00,P08,Veggie Supreme,Veggie,Large,2,19.38,38.76
15034,2024-02-02,17:43:00,P09,Spinach Feta,Veggie,Medium,1,9.5,9.5
15035,2024-09-09,20:33:00,P02,Pepperoni,Classic,Medium,3,12.0,36.0
15036,2024-01-02,17:52:00,P05,Chicken Supreme,Chicken,Medium,1,17.0,17.0
15037,2024-04-30,17:29:00,P09,Spinach Feta,Veggie,Large,1,11.88,11.88
15038,2024-01-07,17:53:00,P15,Truffle Mushroom,Specialty,Medium,2,19.0,38.0
15039,2024-07-09,18:15:00,P11,Cheese Burst,Cheese,Large,1,20.62,20.62
15040,2024-10-17,11:21:00,P14,Mexican Green,Specialty,Small,1,8.5,8.5
15041,2024-11-10,10:51:00,P11,Cheese Burst,Cheese,Large,2,20.62,41.24
15042,2024-09-23,13:53:00,P08,Veggie Supreme,Veggie,Medium,1,15.5,15.5
15043,2024-07-29,19:05:00,P02,Pepperoni,Classic,Medium,2,12.0,24.0
15044,2024-09-26,10:46:00,P10,Four Cheese,Cheese,Medium,1,12.5,12.5
15045,2024-04-11,22:55:00,P09,Spinach Feta,Veggie,Medium,2,9.5,19.0
15046,2024-10-08,22:23:00,P09,Spinach Feta,Veggie,Small,1,8.07,8.07
15047,2024-11-16,22:54:00,P07,Veggie Garden,Veggie,Medium,1,11.5,11.5
15048,2024-04-03,19:09:00,P07,Veggie Garden,Veggie,Medium,4,11.5,46.0
15049,2024-09-12,15:46:00,P04,BBQ Chicken,Chicken,Medium,2,13.5,27.0
15050,2024-06-13,19:40:00,P07,Veggie Garden,Veggie,Medium,1,11.5,11.5
15051,2024-10-09,19:55:00,P02,Pepperoni,Classic,Small,1,10.2,10.2
15052,2024-07-22,15:03:00,P12,Paneer Tikka,Specialty,Small,1,11.05,11.05
15053,2024-06-12,22:56:00,P02,Pepperoni,Classic,XL,2,18.0,36.0
15054,2024-07-24,21:44:00,P01,Margherita,Classic,Large,2,10.0,20.0
15055,2024-05-27,22:22:00,P06,Buffalo Chicken,Chicken,Medium,2,10.5,21.0
15056,2024-10-16,14:50:00,P10,Four Cheese,Cheese,XL,1,18.75,18.75
15057,2024-05-16,19:48:00,P06,Buffalo Chicken,Chicken,Large,2,13.12,26.24
15058,2024-01-10,13:44:00,P04,BBQ Chicken,Chicken,Small,1,11.47,11.47
15059,2024-09-05,10:01:00,P08,Veggie Supreme,Veggie,Small,1,13.17,13.17
15060,2024-06-25,22:16:00,P04,BBQ Chicken,Chicken,Large,1,16.88,16.88
15061,2024-01-28,22:16:00,P14,Mexican Green,Specialty,Medium,3,10.0,30.0
15062,2024-07-05,13:09:00,P14,Mexican Green,Specialty,Large,2,12.5,25.0
15063,2024-12-02,14:21:00,P07,Veggie Garden,Veggie,Large,1,14.38,14.38
15064,2024-09-30,12:47:00,P04,BBQ Chicken,Chicken,Medium,2,13.5,27.0
15065,2024-02-27,12:17:00,P11,Cheese Burst,Cheese,Small,3,14.03,42.09
15066,2024-06-28,14:39:00,P01,Margherita,Classic,Medium,1,8.0,8.0
15067,2024-09-18,18:34:00,P07,Veggie Garden,Veggie,Small,1,9.78,9.78
15068,2024-06-02,18:26:00,P04,BBQ Chicken,Chicken,Medium,4,13.5,54.0
15069,2024-06-06,20:51:00,P14,Mexican Green,Specialty,Medium,2,10.0,20.0
15070,2024-02-24,16:08:00,P01,Margherita,Classic,Small,1,6.8,6.8
15071,2024-04-15,11:52:00,P08,Veggie Supreme,Veggie,Small,1,13.17,13.17
15072,2024-11-02,16:18:00,P11,Cheese Burst,Cheese,Medium,1,16.5,16.5
15073,2024-11-20,14:17:00,P07,Veggie Garden,Veggie,Medium,1,11.5,11.5
15074,2024-02-02,21:37:00,P01,Margherita,Classic,Medium,3,8.0,24.0
15075,2024-09-25,10:08:00,P15,Truffle Mushroom,Specialty,Medium,1,19.0,19.0
15076,2024-12-11,14:00:00,P07,Veggie Garden,Veggie,Medium,3,11.5,34.5
15077,2024-09-24,17:00:00,P09,Spinach Feta,Veggie,Large,1,11.88,11.88
15078,2024-03-08,16:51:00,P03,Hawaiian,Classic,Small,1,13.6,13.6
15079,2024-12-13,14:54:00,P07,Veggie Garden,Veggie,Small,1,9.78,9.78
15080,2024-07-15,16:31:00,P06,Buffalo Chicken,Chicken,Large,2,13.12,26.24
15081,2024-04-17,12:48:00,P01,Margherita,Classic,Medium,1,8.0,8.0
15082,2024-12-31,12:42:00,P02,Pepperoni,Classic,Large,2,15.0,30.0
15083,2024-07-28,14:09:00,P12,Paneer Tikka,Specialty,Medium,1,13.0,13.0
15084,2024-10-03,19:40:00,P03,Hawaiian,Classic,Large,1,20.0,20.0
15085,2024-09-15,10:20:00,P02,Pepperoni,Classic,Large,1,15.0,15.0
15086,2024-07-21,12:20:00,P07,Veggie Garden,Veggie,Medium,1,11.5,11.5
15087,2024-04-14,20:30:00,P11,Cheese Burst,Cheese,Small,2,14.03,28.06
15088,2024-06-25,10:40:00,P01,Margherita,Classic,Large,1,10.0,10.0
15089,2024-08-11,12:59:00,P08,Veggie Supreme,Veggie,Large,1,19.38,19.38
15090,2024-09-11,19:04:00,P02,Pepperoni,Classic,Large,1,15.0,15.0
15091,2024-06-19,14:11:00,P01,Margherita,Classic,Small,1,6.8,6.8
15092,2024-07-24,21:50:00,P01,Margherita,Classic,Large,1,10.0,10.0
15093,2024-03-13,21:06:00,P12,Paneer Tikka,Specialty,Small,1,11.05,11.05
15094,2024-12-01,21:59:00,P02,Pepperoni,Classic,Medium,2,12.0,24.0
15095,2024-01-14,17:26:00,P01,Margherita,Classic,Medium,1,8.0,8.0
15096,2024-09-01,11:58:00,P06,Buffalo Chicken,Chicken,Medium,1,10.5,10.5
15097,2024-02-26,12:26:00,P12,Paneer Tikka,Specialty,Large,1,16.25,16.25
15098,2024-02-03,19:57:00,P03,Hawaiian,Classic,Medium,3,16.0,48.0
15099,2024-03-26,18:01:00,P06,Buffalo Chicken,Chicken,Small,2,8.92,17.84
15100,2024-07-18,19:06:00,P01,Margherita,Classic,Large,2,10.0,20.0
15101,2024-10-01,10:53:00,P06,Buffalo Chicken,Chicken,Large,1,13.12,13.12
15102,2024-09-14,12:27:00,P08,Veggie Supreme,Veggie,Small,1,13.17,13.17
15103,2024-01-15,14:13:00,P08,Veggie Supreme,Veggie,Medium,4,15.5,62.0
15104,2024-02-28,17:17:00,P04,BBQ Chicken,Chicken,Medium,2,13.5,27.0
15105,2024-04-27,10:38:00,P04,BBQ Chicken,Chicken,Medium,1,13.5,13.5
15106,2024-10-02,10:08:00,P02,Pepperoni,Classic,Medium,2,12.0,24.0
15107,2024-09-21,20:50:00,P05,Chicken Supreme,Chicken,Medium,2,17.0,34.0
15108,2024-06-14,16:28:00,P02,Pepperoni,Classic,Small,1,10.2,10.2
15109,2024-09-27,13:37:00,P11,Cheese Burst,Cheese,XL,1,24.75,24.75
15110,2024-10-23,19:53:00,P15,Truffle Mushroom,Specialty,Medium,1,19.0,19.0
15111,2024-04-28,15:38:00,P15,Truffle Mushroom,Specialty,Medium,1,19.0,19.0
15112,2024-09-29,15:27:00,P13,Farmhouse,Specialty,Medium,2,17.5,35.0
15113,2024-01-09,20:34:00,P09,Spinach Feta,Veggie,Medium,1,9.5,9.5
15114,2024-02-15,15:03:00,P10,Four Cheese,Cheese,Medium,2,12.5,25.0
15115,2024-01-16,16:47:00,P04,BBQ Chicken,Chicken,Medium,4,13.5,54.0
15116,2024-12-08,22:40:00,P09,Spinach Feta,Veggie,Medium,1,9.5,9.5
15117,2024-11-13,17:55:00,P06,Buffalo Chicken,Chicken,Medium,1,10.5,10.5
15118,2024-10-22,15:57:00,P07,Veggie Garden,Veggie,Medium,2,11.5,23.0
15119,2024-03-18,11:44:00,P11,Cheese Burst,Cheese,Medium,2,16.5,33.0
15120,2024-04-08,15:22:00,P04,BBQ Chicken,Chicken,Large,2,16.88,33.76
15121,2024-11-13,13:16:00,P04,BBQ Chicken,Chicken,Small,1,11.47,11.47
15122,2024-03-24,15:39:00,P14,Mexican Green,Specialty,Small,1,8.5,8.5
15123,2024-01-28,22:28:00,P01,Margherita,Classic,Medium,1,8.0,8.0
15124,2024-06-21,13:57:00,P07,Veggie Garden,Veggie,XL,4,17.25,69.0
15125,2024-04-26,16:53:00,P13,Farmhouse,Specialty,Large,1,21.88,21.88
15126,2024-08-14,22:38:00,P09,Spinach Feta,Veggie,Medium,3,9.5,28.5
15127,2024-11-15,13:36:00,P08,Veggie Supreme,Veggie,Large,1,19.38,19.38
15128,2024-10-25,16:17:00,P03,Hawaiian,Classic,Medium,4,16.0,64.0
15129,2024-08-15,13:53:00,P04,BBQ Chicken,Chicken,XL,2,20.25,40.5
15130,2024-11-11,20:06:00,P12,Paneer Tikka,Specialty,Medium,1,13.0,13.0
15131,2024-08-15,19:00:00,P08,Veggie Supreme,Veggie,Medium,1,15.5,15.5
15132,2024-04-22,14:48:00,P07,Veggie Garden,Veggie,Medium,1,11.5,11.5
15133,2024-10-17,18:02:00,P02,Pepperoni,Classic,Medium,1,12.0,12.0
15134,2024-10-17,22:08:00,P01,Margherita,Classic,Medium,1,8.0,8.0
15135,2024-06-13,21:55:00,P15,Truffle Mushroom,Specialty,Medium,1,19.0,19.0
15136,2024-04-15,18:11:00,P05,Chicken Supreme,Chicken,Medium,1,17.0,17.0
15137,2024-08-17,16:06:00,P09,Spinach Feta,Veggie,Medium,2,9.5,19.0
15138,2024-04-28,13:44:00,P01,Margherita,Classic,Small,1,6.8,6.8
15139,2024-12-16,11:49:00,P10,Four Cheese,Cheese,Large,1,15.62,15.62
15140,2024-04-12,19:47:00,P14,Mexican Green,Specialty,Large,2,12.5,25.0
15141,2024-01-23,19:22:00,P08,Veggie Supreme,Veggie,XL,1,23.25,23.25
15142,2024-04-02,17:18:00,P02,Pepperoni,Classic,Large,3,15.0,45.0
15143,2024-10-11,20:52:00,P08,Veggie Supreme,Veggie,Large,2,19.38,38.76
15144,2024-08-08,17:55:00,P11,Cheese Burst,Cheese,Medium,1,16.5,16.5
15145,2024-07-20,12:59:00,P05,Chicken Supreme,Chicken,Small,1,14.45,14.45
15146,2024-05-21,13:05:00,P13,Farmhouse,Specialty,Medium,2,17.5,35.0
15147,2024-09-16,19:51:00,P10,Four Cheese,Cheese,Medium,1,12.5,12.5
15148,2024-07-25,14:47:00,P13,Farmhouse,Specialty,Large,1,21.88,21.88
15149,2024-02-08,21:01:00,P09,Spinach Feta,Veggie,Small,1,8.07,8.07
15150,2024-01-13,11:59:00,P02,Pepperoni,Classic,Large,1,15.0,15.0
15151,2024-10-14,13:04:00,P04,BBQ Chicken,Chicken,Medium,1,13.5,13.5
15152,2024-07-13,11:13:00,P03,Hawaiian,Classic,Large,1,20.0,20.0
15153,2024-09-06,17:51:00,P13,Farmhouse,Specialty,Small,1,14.88,14.88
15154,2024-06-25,22:47:00,P11,Cheese Burst,Cheese,Medium,2,16.5,33.0
15155,2024-06-14,15:49:00,P10,Four Cheese,Cheese,XL,1,18.75,18.75
15156,2024-08-13,17:58:00,P04,BBQ Chicken,Chicken,Medium,1,13.5,13.5
15157,2024-02-24,11:25:00,P02,Pepperoni,Classic,Medium,1,12.0,12.0
15158,2024-11-14,10:58:00,P11,Cheese Burst,Cheese,Medium,1,16.5,16.5
15159,2024-03-28,19:49:00,P07,Veggie Garden,Veggie,Small,1,9.78,9.78
15160,2024-07-31,15:25:00,P03,Hawaiian,Classic,Medium,1,16.0,16.0
15161,2024-09-29,11:45:00,P09,Spinach Feta,Veggie,Medium,1,9.5,9.5
15162,2024-12-27,13:49:00,P01,Margherita,Classic,Medium,2,8.0,16.0
15163,2024-04-27,13:58:00,P04,BBQ Chicken,Chicken,Medium,1,13.5,13.5
15164,2024-08-17,18:07:00,P07,Veggie Garden,Veggie,Small,1,9.78,9.78
15165,2024-05-25,12:17:00,P02,Pepperoni,Classic,Large,1,15.0,15.0
15166,2024-07-04,16:56:00,P15,Truffle Mushroom,Specialty,Large,1,23.75,23.75
15167,2024-05-24,20:02:00,P03,Hawaiian,Classic,Small,2,13.6,27.2
15168,2024-05-22,13:25:00,P02,Pepperoni,Classic,Medium,2,12.0,24.0
15169,2024-01-14,19:16:00,P03,Hawaiian,Classic,Small,1,13.6,13.6
15170,2024-09-21,16:45:00,P11,Cheese Burst,Cheese,Large,1,20.62,20.62
15171,2024-08-06,21:54:00,P06,Buffalo Chicken,Chicken,Large,1,13.12,13.12
15172,2024-04-17,21:07:00,P08,Veggie Supreme,Veggie,Large,3,19.38,58.14
15173,2024-12-12,21:41:00,P01,Margherita,Classic,Medium,1,8.0,8.0
15174,2024-09-13,18:46:00,P01,Margherita,Classic,Medium,4,8.0,32.0
15175,2024-10-06,22:33:00,P06,Buffalo Chicken,Chicken,Medium,2,10.5,21.0
15176,2024-02-05,13:28:00,P12,Paneer Tikka,Specialty,Medium,2,13.0,26.0
15177,2024-03-27,12:15:00,P13,Farmhouse,Specialty,Medium,1,17.5,17.5
15178,2024-09-20,20:38:00,P01,Margherita,Classic,Small,1,6.8,6.8
15179,2024-02-27,21:43:00,P08,Veggie Supreme,Veggie,Large,1,19.38,19.38
15180,2024-09-16,18:05:00,P13,Farmhouse,Specialty,Medium,1,17.5,17.5
15181,2024-03-07,16:53:00,P05,Chicken Supreme,Chicken,Large,1,21.25,21.25
15182,2024-10-06,14:05:00,P12,Paneer Tikka,Specialty,Medium,3,13.0,39.0
15183,2024-04-06,17:32:00,P02,Pepperoni,Classic,Large,1,15.0,15.0
15184,2024-09-14,15:39:00,P14,Mexican Green,Specialty,XL,1,15.0,15.0
15185,2024-02-25,16:38:00,P11,Cheese Burst,Cheese,Large,1,20.62,20.62
15186,2024-08-03,14:50:00,P14,Mexican Green,Specialty,Large,2,12.5,25.0
15187,2024-07-28,12:10:00,P10,Four Cheese,Cheese,Large,2,15.62,31.24
15188,2024-11-18,21:22:00,P05,Chicken Supreme,Chicken,Medium,1,17.0,17.0
15189,2024-07-09,16:21:00,P14,Mexican Green,Specialty,Medium,1,10.0,10.0
15190,2024-02-11,11:57:00,P04,BBQ Chicken,Chicken,Large,1,16.88,16.88
15191,2024-03-21,18:49:00,P04,BBQ Chicken,Chicken,Large,1,16.88,16.88
15192,2024-01-20,18:56:00,P10,Four Cheese,Cheese,XL,1,18.75,18.75
15193,2024-05-03,20:16:00,P11,Cheese Burst,Cheese,Medium,3,16.5,49.5
15194,2024-03-18,11:17:00,P14,Mexican Green,Specialty,Medium,1,10.0,10.0
15195,2024-08-23,11:07:00,P03,Hawaiian,Classic,Large,1,20.0,20.0
15196,2024-12-14,17:25:00,P12,Paneer Tikka,Specialty,XL,1,19.5,19.5
15197,2024-09-08,13:46:00,P11,Cheese Burst,Cheese,Small,2,14.03,28.06
15198,2024-09-25,16:39:00,P01,Margherita,Classic,Medium,1,8.0,8.0
15199,2024-10-08,15:16:00,P05,Chicken Supreme,Chicken,Medium,1,17.0,17.0
15200,2024-12-10,16:16:00,P04,BBQ Chicken,Chicken,Small,2,11.47,22.94
15201,2024-09-09,21:21:00,P04,BBQ Chicken,Chicken,Small,1,11.47,11.47
15202,2024-05-07,15:27:00,P15,Truffle Mushroom,Specialty,Medium,2,19.0,38.0
15203,2024-11-01,15:29:00,P09,Spinach Feta,Veggie,Large,1,11.88,11.88
15204,2024-03-14,11:55:00,P10,Four Cheese,Cheese,Small,2,10.62,21.24
15205,2024-10-21,15:45:00,P15,Truffle Mushroom,Specialty,Medium,1,19.0,19.0
15206,2024-01-22,18:40:00,P05,Chicken Supreme,Chicken,Large,1,21.25,21.25
15207,2024-12-11,19:01:00,P12,Paneer Tikka,Specialty,XL,3,19.5,58.5
15208,2024-02-17,19:54:00,P06,Buffalo Chicken,Chicken,XL,1,15.75,15.75
15209,2024-05-18,19:11:00,P13,Farmhouse,Specialty,Medium,1,17.5,17.5
15210,2024-05-21,18:59:00,P02,Pepperoni,Classic,XL,1,18.0,18.0
15211,2024-06-06,15:10:00,P14,Mexican Green,Specialty,Small,1,8.5,8.5
15212,2024-11-16,20:46:00,P03,Hawaiian,Classic,Large,1,20.0,20.0
15213,2024-02-08,20:48:00,P04,BBQ Chicken,Chicken,Medium,4,13.5,54.0
15214,2024-03-13,19:47:00,P11,Cheese Burst,Cheese,Medium,4,16.5,66.0
15215,2024-12-28,19:24:00,P05,Chicken Supreme,Chicken,Medium,2,17.0,34.0
15216,2024-09-29,15:14:00,P09,Spinach Feta,Veggie,Small,1,8.07,8.07
15217,2024-04-04,21:08:00,P06,Buffalo Chicken,Chicken,Large,1,13.12,13.12
15218,2024-06-08,12:04:00,P11,Cheese Burst,Cheese,Medium,2,16.5,33.0
15219,2024-06-20,15:11:00,P03,Hawaiian,Classic,Medium,1,16.0,16.0
15220,2024-11-09,19:16:00,P01,Margherita,Classic,Small,1,6.8,6.8
15221,2024-06-15,20:06:00,P04,BBQ Chicken,Chicken,Medium,1,13.5,13.5
15222,2024-11-14,14:56:00,P07,Veggie Garden,Veggie,XL,1,17.25,17.25
15223,2024-07-21,11:52:00,P02,Pepperoni,Classic,Large,1,15.0,15.0
15224,2024-12-03,21:42:00,P05,Chicken Supreme,Chicken,XL,1,25.5,25.5
15225,2024-07-19,16:03:00,P05,Chicken Supreme,Chicken,Medium,2,17.0,34.0
15226,2024-08-27,20:29:00,P01,Margherita,Classic,Small,1,6.8,6.8
15227,2024-08-19,20:26:00,P08,Veggie Supreme,Veggie,Medium,1,15.5,15.5
15228,2024-12-14,13:31:00,P13,Farmhouse,Specialty,Medium,1,17.5,17.5
15229,2024-04-22,21:29:00,P02,Pepperoni,Classic,Small,1,10.2,10.2
15230,2024-12-11,12:09:00,P08,Veggie Supreme,Veggie,Large,1,19.38,19.38
15231,2024-06-15,22:03:00,P10,Four Cheese,Cheese,Medium,1,12.5,12.5
15232,2024-05-17,21:40:00,P06,Buffalo Chicken,Chicken,Medium,4,10.5,42.0
15233,2024-07-28,18:21:00,P10,Four Cheese,Cheese,Medium,1,12.5,12.5
15234,2024-09-22,17:22:00,P05,Chicken Supreme,Chicken,Medium,1,17.0,17.0
15235,2024-08-22,22:23:00,P07,Veggie Garden,Veggie,Large,1,14.38,14.38
15236,2024-10-30,22:24:00,P01,Margherita,Classic,Medium,3,8.0,24.0
15237,2024-10-26,22:15:00,P10,Four Cheese,Cheese,Medium,2,12.5,25.0
15238,2024-11-15,17:05:00,P10,Four Cheese,Cheese,Small,3,10.62,31.86
15239,2024-04-29,17:33:00,P01,Margherita,Classic,Large,1,10.0,10.0
15240,2024-07-28,20:31:00,P05,Chicken Supreme,Chicken,Large,4,21.25,85.0
15241,2024-11-25,11:22:00,P15,Truffle Mushroom,Specialty,Large,1,23.75,23.75
15242,2024-05-02,12:19:00,P06,Buffalo Chicken,Chicken,Small,1,8.92,8.92
15243,2024-02-21,13:33:00,P07,Veggie Garden,Veggie,Medium,2,11.5,23.0
15244,2024-07-05,15:16:00,P13,Farmhouse,Specialty,Medium,3,17.5,52.5
15245,2024-04-17,14:01:00,P10,Four Cheese,Cheese,XL,1,18.75,18.75
15246,2024-10-23,11:53:00,P08,Veggie Supreme,Veggie,XL,1,23.25,23.25
15247,2024-10-02,15:46:00,P12,Paneer Tikka,Specialty,Large,1,16.25,16.25
15248,2024-11-17,21:17:00,P13,Farmhouse,Specialty,Small,1,14.88,14.88
15249,2024-02-13,16:47:00,P06,Buffalo Chicken,Chicken,XL,1,15.75,15.75
15250,2024-10-17,16:39:00,P07,Veggie Garden,Veggie,Medium,4,11.5,46.0
15251,2024-09-15,12:22:00,P05,Chicken Supreme,Chicken,Large,2,21.25,42.5
15252,2024-07-29,22:17:00,P15,Truffle Mushroom,Specialty,Medium,2,19.0,38.0
15253,2024-08-18,12:04:00,P10,Four Cheese,Cheese,Medium,2,12.5,25.0
15254,2024-11-06,22:33:00,P01,Margherita,Classic,Medium,1,8.0,8.0
15255,2024-08-03,11:03:00,P13,Farmhouse,Specialty,Small,2,14.88,29.76
15256,2024-04-09,17:42:00,P07,Veggie Garden,Veggie,Medium,1,11.5,11.5
15257,2024-09-08,18:37:00,P01,Margherita,Classic,Large,1,10.0,10.0
15258,2024-08-15,15:12:00,P08,Veggie Supreme,Veggie,Small,1,13.17,13.17
15259,2024-05-04,15:28:00,P05,Chicken Supreme,Chicken,Small,1,14.45,14.45
15260,2024-05-16,20:45:00,P13,Farmhouse,Specialty,Small,2,14.88,29.76
15261,2024-04-17,13:39:00,P03,Hawaiian,Classic,Medium,4,16.0,64.0
15262,2024-09-02,14:02:00,P12,Paneer Tikka,Specialty,XL,1,19.5,19.5
15263,2024-05-11,17:15:00,P08,Veggie Supreme,Veggie,Small,2,13.17,26.34
15264,2024-08-06,19:58:00,P01,Margherita,Classic,Small,1,6.8,6.8
15265,2024-04-04,11:07:00,P15,Truffle Mushroom,Specialty,Large,2,23.75,47.5
15266,2024-04-12,10:01:00,P07,Veggie Garden,Veggie,Large,1,14.38,14.38
15267,2024-09-03,20:44:00,P04,BBQ Chicken,Chicken,Small,1,11.47,11.47
15268,2024-01-03,11:15:00,P07,Veggie Garden,Veggie,Large,1,14.38,14.38
15269,2024-03-04,16:34:00,P13,Farmhouse,Specialty,Large,1,21.88,21.88
15270,2024-10-04,19:55:00,P04,BBQ Chicken,Chicken,Large,1,16.88,16.88
15271,2024-09-18,16:10:00,P02,Pepperoni,Classic,Medium,3,12.0,36.0
15272,2024-04-27,16:20:00,P02,Pepperoni,Classic,XL,1,18.0,18.0
15273,2024-07-03,12:21:00,P04,BBQ Chicken,Chicken,Small,3,11.47,34.41
15274,2024-04-30,10:20:00,P11,Cheese Burst,Cheese,Medium,2,16.5,33.0
15275,2024-10-02,18:26:00,P07,Veggie Garden,Veggie,Medium,1,11.5,11.5
15276,2024-01-29,20:32:00,P03,Hawaiian,Classic,Medium,1,16.0,16.0
15277,2024-06-21,13:00:00,P02,Pepperoni,Classic,Large,2,15.0,30.0
15278,2024-05-10,13:16:00,P04,BBQ Chicken,Chicken,Medium,1,13.5,13.5
15279,2024-10-19,15:48:00,P14,Mexican Green,Specialty,Small,2,8.5,17.0
15280,2024-08-22,22:28:00,P04,BBQ Chicken,Chicken,Medium,1,13.5,13.5
15281,2024-06-18,21:31:00,P15,Truffle Mushroom,Specialty,Medium,1,19.0,19.0
15282,2024-09-25,21:03:00,P07,Veggie Garden,Veggie,XL,4,17.25,69.0
15283,2024-04-25,10:17:00,P02,Pepperoni,Classic,Medium,1,12.0,12.0
15284,2024-11-26,19:52:00,P13,Farmhouse,Specialty,Medium,1,17.5,17.5
15285,2024-02-20,18:36:00,P06,Buffalo Chicken,Chicken,Large,1,13.12,13.12
15286,2024-12-22,12:00:00,P10,Four Cheese,Cheese,Large,2,15.62,31.24
15287,2024-03-23,20:05:00,P15,Truffle Mushroom,Specialty,Medium,2,19.0,38.0
15288,2024-09-24,21:16:00,P01,Margherita,Classic,Medium,1,8.0,8.0
15289,2024-08-06,11:52:00,P02,Pepperoni,Classic,Large,1,15.0,15.0
15290,2024-09-07,21:27:00,P10,Four Cheese,Cheese,Large,1,15.62,15.62
15291,2024-02-06,14:16:00,P04,BBQ Chicken,Chicken,Large,1,16.88,16.88
15292,2024-11-20,17:56:00,P02,Pepperoni,Classic,XL,1,18.0,18.0
15293,2024-11-09,12:03:00,P01,Margherita,Classic,Large,4,10.0,40.0
15294,2024-04-12,16:48:00,P01,Margherita,Classic,Large,1,10.0,10.0
15295,2024-08-22,15:44:00,P11,Cheese Burst,Cheese,XL,1,24.75,24.75
15296,2024-04-17,18:36:00,P02,Pepperoni,Classic,Small,3,10.2,30.6
15297,2024-07-02,20:31:00,P07,Veggie Garden,Veggie,Medium,1,11.5,11.5
15298,2024-08-21,20:40:00,P09,Spinach Feta,Veggie,Medium,1,9.5,9.5
15299,2024-09-06,19:12:00,P06,Buffalo Chicken,Chicken,Medium,1,10.5,10.5
15300,2024-06-11,10:29:00,P01,Margherita,Classic,Large,1,10.0,10.0
15301,2024-09-10,11:36:00,P12,Paneer Tikka,Specialty,Large,3,16.25,48.75
15302,2024-08-27,19:54:00,P01,Margherita,Classic,Large,1,10.0,10.0
15303,2024-01-16,20:53:00,P11,Cheese Burst,Cheese,XL,1,24.75,24.75
15304,2024-09-16,18:14:00,P13,Farmhouse,Specialty,Medium,2,17.5,35.0
15305,2024-01-04,12:58:00,P06,Buffalo Chicken,Chicken,Large,3,13.12,39.36
15306,2024-03-25,13:01:00,P07,Veggie Garden,Veggie,Medium,1,11.5,11.5
15307,2024-08-30,16:27:00,P07,Veggie Garden,Veggie,Medium,1,11.5,11.5
15308,2024-06-10,10:49:00,P05,Chicken Supreme,Chicken,Small,3,14.45,43.35
15309,2024-11-23,17:59:00,P13,Farmhouse,Specialty,Large,1,21.88,21.88
15310,2024-02-11,11:21:00,P13,Farmhouse,Specialty,Medium,2,17.5,35.0
15311,2024-03-31,21:10:00,P04,BBQ Chicken,Chicken,Large,1,16.88,16.88
15312,2024-06-03,16:00:00,P09,Spinach Feta,Veggie,Medium,2,9.5,19.0
15313,2024-08-07,20:07:00,P14,Mexican Green,Specialty,Medium,1,10.0,10.0
15314,2024-04-30,17:50:00,P14,Mexican Green,Specialty,Medium,1,10.0,10.0
15315,2024-06-16,12:53:00,P07,Veggie Garden,Veggie,Medium,2,11.5,23.0
15316,2024-10-06,19:21:00,P06,Buffalo Chicken,Chicken,XL,1,15.75,15.75
15317,2024-07-20,13:07:00,P04,BBQ Chicken,Chicken,Small,1,11.47,11.47
15318,2024-08-18,19:14:00,P14,Mexican Green,Specialty,XL,1,15.0,15.0
15319,2024-09-20,22:41:00,P02,Pepperoni,Classic,XL,1,18.0,18.0
15320,2024-10-17,18:47:00,P08,Veggie Supreme,Veggie,XL,4,23.25,93.0
15321,2024-04-05,16:43:00,P04,BBQ Chicken,Chicken,Medium,1,13.5,13.5
15322,2024-12-18,12:26:00,P04,BBQ Chicken,Chicken,XL,3,20.25,60.75
15323,2024-03-10,22:01:00,P05,Chicken Supreme,Chicken,Medium,1,17.0,17.0
15324,2024-11-22,17:44:00,P15,Truffle Mushroom,Specialty,Small,1,16.15,16.15
15325,2024-12-01,22:30:00,P01,Margherita,Classic,Medium,1,8.0,8.0
15326,2024-08-01,14:09:00,P08,Veggie Supreme,Veggie,Large,2,19.38,38.76
15327,2024-03-08,18:55:00,P01,Margherita,Classic,Small,2,6.8,13.6
15328,2024-12-02,17:07:00,P02,Pepperoni,Classic,Medium,1,12.0,12.0
15329,2024-12-08,16:31:00,P06,Buffalo Chicken,Chicken,Small,3,8.92,26.76
15330,2024-10-06,10:46:00,P07,Veggie Garden,Veggie,Medium,1,11.5,11.5
15331,2024-02-16,21:50:00,P03,Hawaiian,Classic,Small,1,13.6,13.6
15332,2024-02-05,20:05:00,P04,BBQ Chicken,Chicken,Large,4,16.88,67.52
15333,2024-02-11,21:25:00,P01,Margherita,Classic,Medium,3,8.0,24.0
15334,2024-12-10,13:05:00,P04,BBQ Chicken,Chicken,Large,3,16.88,50.64
15335,2024-04-19,22:24:00,P15,Truffle Mushroom,Specialty,Large,1,23.75,23.75
15336,2024-12-16,15:52:00,P14,Mexican Green,Specialty,XL,1,15.0,15.0
15337,2024-10-03,12:36:00,P04,BBQ Chicken,Chicken,Medium,1,13.5,13.5
15338,2024-02-14,19:57:00,P08,Veggie Supreme,Veggie,Medium,1,15.5,15.5
15339,2024-04-20,10:37:00,P13,Farmhouse,Specialty,Medium,2,17.5,35.0
15340,2024-06-26,12:57:00,P01,Margherita,Classic,Medium,1,8.0,8.0
15341,2024-11-23,13:10:00,P12,Paneer Tikka,Specialty,Large,2,16.25,32.5
15342,2024-09-08,17:42:00,P14,Mexican Green,Specialty,Medium,1,10.0,10.0
15343,2024-05-15,15:29:00,P02,Pepperoni,Classic,Large,1,15.0,15.0
15344,2024-05-08,11:19:00,P02,Pepperoni,Classic,Large,2,15.0,30.0
15345,2024-04-09,11:56:00,P14,Mexican Green,Specialty,Medium,1,10.0,10.0
15346,2024-08-13,22:53:00,P08,Veggie Supreme,Veggie,Large,2,19.38,38.76
15347,2024-11-04,13:05:00,P01,Margherita,Classic,Medium,1,8.0,8.0
15348,2024-10-18,18:26:00,P03,Hawaiian,Classic,Medium,2,16.0,32.0
15349,2024-07-04,16:30:00,P06,Buffalo Chicken,Chicken,Large,1,13.12,13.12
15350,2024-01-03,21:57:00,P10,Four Cheese,Cheese,XL,1,18.75,18.75
15351,2024-07-14,10:37:00,P11,Cheese Burst,Cheese,Small,2,14.03,28.06
15352,2024-10-16,13:12:00,P15,Truffle Mushroom,Specialty,Small,2,16.15,32.3
15353,2024-04-20,14:59:00,P04,BBQ Chicken,Chicken,Small,1,11.47,11.47
15354,2024-12-09,12:37:00,P08,Veggie Supreme,Veggie,Medium,1,15.5,15.5
15355,2024-09-29,18:30:00,P07,Veggie Garden,Veggie,Large,1,14.38,14.38
15356,2024-04-01,10:01:00,P05,Chicken Supreme,Chicken,Large,1,21.25,21.25
15357,2024-12-25,22:03:00,P02,Pepperoni,Classic,Large,2,15.0,30.0
15358,2024-12-03,16:23:00,P15,Truffle Mushroom,Specialty,Large,2,23.75,47.5
15359,2024-11-24,14:29:00,P12,Paneer Tikka,Specialty,Medium,1,13.0,13.0
15360,2024-11-18,10:30:00,P07,Veggie Garden,Veggie,Small,1,9.78,9.78
15361,2024-04-29,22:13:00,P09,Spinach Feta,Veggie,Small,2,8.07,16.14
15362,2024-05-13,14:28:00,P03,Hawaiian,Classic,Large,1,20.0,20.0
15363,2024-02-06,20:35:00,P08,Veggie Supreme,Veggie,Large,2,19.38,38.76
15364,2024-07-31,21:45:00,P10,Four Cheese,Cheese,Large,1,15.62,15.62
15365,2024-07-05,16:13:00,P07,Veggie Garden,Veggie,Medium,1,11.5,11.5
15366,2024-10-24,19:59:00,P15,Truffle Mushroom,Specialty,Medium,1,19.0,19.0
15367,2024-11-15,20:40:00,P09,Spinach Feta,Veggie,XL,2,14.25,28.5
15368,2024-11-09,11:13:00,P05,Chicken Supreme,Chicken,Small,1,14.45,14.45
15369,2024-03-11,10:55:00,P11,Cheese Burst,Cheese,Large,1,20.62,20.62
15370,2024-07-30,17:55:00,P02,Pepperoni,Classic,Medium,2,12.0,24.0
15371,2024-06-12,14:12:00,P05,Chicken Supreme,Chicken,Small,1,14.45,14.45
15372,2024-10-21,15:16:00,P04,BBQ Chicken,Chicken,Large,1,16.88,16.88
15373,2024-09-18,12:24:00,P06,Buffalo Chicken,Chicken,Medium,1,10.5,10.5
15374,2024-04-14,14:27:00,P11,Cheese Burst,Cheese,Large,1,20.62,20.62
15375,2024-02-16,17:56:00,P07,Veggie Garden,Veggie,Large,3,14.38,43.14
15376,2024-02-24,19:14:00,P12,Paneer Tikka,Specialty,Medium,2,13.0,26.0
15377,2024-01-01,17:22:00,P08,Veggie Supreme,Veggie,Large,1,19.38,19.38
15378,2024-08-15,15:41:00,P04,BBQ Chicken,Chicken,Medium,2,13.5,27.0
15379,2024-09-16,17:35:00,P12,Paneer Tikka,Specialty,Medium,1,13.0,13.0
15380,2024-01-10,13:29:00,P03,Hawaiian,Classic,Large,3,20.0,60.0
15381,2024-12-21,21:09:00,P03,Hawaiian,Classic,Medium,1,16.0,16.0
15382,2024-04-30,20:33:00,P07,Veggie Garden,Veggie,Small,1,9.78,9.78
15383,2024-07-26,16:18:00,P03,Hawaiian,Classic,Large,1,20.0,20.0
15384,2024-09-16,10:43:00,P01,Margherita,Classic,Medium,1,8.0,8.0
15385,2024-06-07,12:33:00,P10,Four Cheese,Cheese,Large,1,15.62,15.62
15386,2024-01-26,16:05:00,P07,Veggie Garden,Veggie,Large,1,14.38,14.38
15387,2024-04-06,20:11:00,P06,Buffalo Chicken,Chicken,Medium,2,10.5,21.0
15388,2024-02-14,17:08:00,P15,Truffle Mushroom,Specialty,Medium,1,19.0,19.0
15389,2024-01-01,14:06:00,P08,Veggie Supreme,Veggie,Medium,3,15.5,46.5
15390,2024-07-28,15:39:00,P13,Farmhouse,Specialty,Medium,1,17.5,17.5
15391,2024-05-31,19:09:00,P02,Pepperoni,Classic,Large,2,15.0,30.0
15392,2024-02-09,21:47:00,P08,Veggie Supreme,Veggie,Large,3,19.38,58.14
15393,2024-09-24,15:21:00,P13,Farmhouse,Specialty,Small,2,14.88,29.76
15394,2024-06-03,12:17:00,P08,Veggie Supreme,Veggie,Medium,3,15.5,46.5
15395,2024-07-15,18:51:00,P10,Four Cheese,Cheese,XL,2,18.75,37.5
15396,2024-08-10,14:47:00,P05,Chicken Supreme,Chicken,Medium,1,17.0,17.0
15397,2024-02-28,15:47:00,P02,Pepperoni,Classic,Large,1,15.0,15.0
15398,2024-10-02,13:55:00,P06,Buffalo Chicken,Chicken,Large,1,13.12,13.12
15399,2024-12-22,20:52:00,P05,Chicken Supreme,Chicken,Medium,1,17.0,17.0
15400,2024-10-23,13:06:00,P13,Farmhouse,Specialty,Medium,1,17.5,17.5
15401,2024-11-14,14:30:00,P03,Hawaiian,Classic,Large,2,20.0,40.0
15402,2024-10-11,18:12:00,P15,Truffle Mushroom,Specialty,Medium,1,19.0,19.0
15403,2024-06-20,17:14:00,P14,Mexican Green,Specialty,Medium,1,10.0,10.0
15404,2024-09-06,19:18:00,P03,Hawaiian,Classic,Large,1,20.0,20.0
15405,2024-02-26,17:18:00,P04,BBQ Chicken,Chicken,Large,4,16.88,67.52
15406,2024-08-21,10:47:00,P13,Farmhouse,Specialty,Medium,1,17.5,17.5
15407,2024-07-15,22:03:00,P15,Truffle Mushroom,Specialty,Small,1,16.15,16.15
15408,2024-09-04,15:09:00,P06,Buffalo Chicken,Chicken,Medium,1,10.5,10.5
15409,2024-07-31,18:05:00,P04,BBQ Chicken,Chicken,Medium,4,13.5,54.0
15410,2024-06-06,22:10:00,P07,Veggie Garden,Veggie,Medium,4,11.5,46.0
15411,2024-09-07,20:18:00,P10,Four Cheese,Cheese,Medium,2,12.5,25.0
15412,2024-12-07,21:58:00,P04,BBQ Chicken,Chicken,Small,3,11.47,34.41
15413,2024-08-16,15:56:00,P11,Cheese Burst,Cheese,Medium,1,16.5,16.5
15414,2024-03-23,10:49:00,P01,Margherita,Classic,Medium,4,8.0,32.0
15415,2024-04-09,16:49:00,P01,Margherita,Classic,Medium,1,8.0,8.0
15416,2024-08-07,20:57:00,P05,Chicken Supreme,Chicken,Medium,1,17.0,17.0
15417,2024-01-14,22:23:00,P04,BBQ Chicken,Chicken,Medium,1,13.5,13.5
15418,2024-09-06,21:29:00,P04,BBQ Chicken,Chicken,Large,1,16.88,16.88
15419,2024-06-20,18:38:00,P07,Veggie Garden,Veggie,Medium,2,11.5,23.0
15420,2024-04-15,22:26:00,P04,BBQ Chicken,Chicken,Large,1,16.88,16.88
15421,2024-01-17,11:56:00,P02,Pepperoni,Classic,Large,4,15.0,60.0
15422,2024-08-14,14:16:00,P04,BBQ Chicken,Chicken,Medium,1,13.5,13.5
15423,2024-12-11,12:58:00,P15,Truffle Mushroom,Specialty,Large,1,23.75,23.75
15424,2024-12-05,13:22:00,P05,Chicken Supreme,Chicken,Small,1,14.45,14.45
15425,2024-07-15,18:22:00,P06,Buffalo Chicken,Chicken,Medium,2,10.5,21.0
15426,2024-01-18,22:10:00,P08,Veggie Supreme,Veggie,Medium,2,15.5,31.0
15427,2024-08-22,17:26:00,P15,Truffle Mushroom,Specialty,Small,1,16.15,16.15
15428,2024-11-17,16:20:00,P03,Hawaiian,Classic,Medium,1,16.0,16.0
15429,2024-10-20,20:03:00,P10,Four Cheese,Cheese,Medium,1,12.5,12.5
15430,2024-03-25,21:36:00,P10,Four Cheese,Cheese,Large,2,15.62,31.24
15431,2024-09-24,13:52:00,P09,Spinach Feta,Veggie,Large,4,11.88,47.52
15432,2024-08-25,13:19:00,P01,Margherita,Classic,Small,1,6.8,6.8
15433,2024-04-20,17:26:00,P10,Four Cheese,Cheese,Medium,3,12.5,37.5
15434,2024-08-16,22:40:00,P01,Margherita,Classic,Medium,1,8.0,8.0
15435,2024-01-21,17:34:00,P08,Veggie Supreme,Veggie,Medium,1,15.5,15.5
15436,2024-10-26,16:48:00,P11,Cheese Burst,Cheese,Large,3,20.62,61.86
15437,2024-05-22,21:52:00,P03,Hawaiian,Classic,Medium,1,16.0,16.0
15438,2024-08-13,17:59:00,P12,Paneer Tikka,Specialty,Small,1,11.05,11.05
15439,2024-09-02,14:29:00,P01,Margherita,Classic,Large,1,10.0,10.0
15440,2024-11-18,22:00:00,P12,Paneer Tikka,Specialty,Large,1,16.25,16.25
15441,2024-09-10,19:30:00,P06,Buffalo Chicken,Chicken,Medium,2,10.5,21.0
15442,2024-11-25,20:25:00,P03,Hawaiian,Classic,Medium,1,16.0,16.0
15443,2024-01-12,17:58:00,P02,Pepperoni,Classic,Small,3,10.2,30.6
15444,2024-03-09,18:10:00,P14,Mexican Green,Specialty,Medium,1,10.0,10.0
15445,2024-10-29,16:16:00,P01,Margherita,Classic,Medium,1,8.0,8.0
15446,2024-11-28,10:22:00,P02,Pepperoni,Classic,Medium,1,12.0,12.0
15447,2024-05-02,16:08:00,P04,BBQ Chicken,Chicken,Large,1,16.88,16.88
15448,2024-07-28,16:17:00,P09,Spinach Feta,Veggie,Medium,4,9.5,38.0
15449,2024-04-03,19:43:00,P08,Veggie Supreme,Veggie,Medium,2,15.5,31.0
15450,2024-06-02,11:20:00,P02,Pepperoni,Classic,Medium,1,12.0,12.0
15451,2024-05-07,18:40:00,P04,BBQ Chicken,Chicken,Medium,3,13.5,40.5
15452,2024-10-15,20:13:00,P03,Hawaiian,Classic,Medium,2,16.0,32.0
15453,2024-11-09,19:27:00,P03,Hawaiian,Classic,Medium,1,16.0,16.0
15454,2024-09-26,12:25:00,P05,Chicken Supreme,Chicken,Medium,2,17.0,34.0
15455,2024-03-14,10:33:00,P10,Four Cheese,Cheese,Medium,1,12.5,12.5
15456,2024-09-02,19:49:00,P03,Hawaiian,Classic,Medium,1,16.0,16.0
15457,2024-07-29,17:30:00,P05,Chicken Supreme,Chicken,Small,1,14.45,14.45
15458,2024-12-25,15:19:00,P05,Chicken Supreme,Chicken,Small,1,14.45,14.45
15459,2024-04-30,22:33:00,P15,Truffle Mushroom,Specialty,Medium,1,19.0,19.0
15460,2024-03-11,10:05:00,P14,Mexican Green,Specialty,Small,1,8.5,8.5
15461,2024-09-28,17:44:00,P12,Paneer Tikka,Specialty,Medium,1,13.0,13.0
15462,2024-01-23,11:13:00,P03,Hawaiian,Classic,Large,2,20.0,40.0
15463,2024-11-01,22:35:00,P01,Margherita,Classic,Large,4,10.0,40.0
15464,2024-09-27,14:52:00,P04,BBQ Chicken,Chicken,Medium,2,13.5,27.0
15465,2024-02-17,20:01:00,P03,Hawaiian,Classic,Large,1,20.0,20.0
15466,2024-12-08,17:17:00,P07,Veggie Garden,Veggie,Medium,1,11.5,11.5
15467,2024-11-19,21:58:00,P11,Cheese Burst,Cheese,Large,1,20.62,20.62
15468,2024-09-07,12:31:00,P13,Farmhouse,Specialty,Medium,1,17.5,17.5
15469,2024-02-05,14:47:00,P12,Paneer Tikka,Specialty,Medium,1,13.0,13.0
15470,2024-07-16,11:57:00,P05,Chicken Supreme,Chicken,Medium,1,17.0,17.0
15471,2024-09-02,18:11:00,P10,Four Cheese,Cheese,Small,2,10.62,21.24
15472,2024-02-13,20:23:00,P04,BBQ Chicken,Chicken,XL,2,20.25,40.5
15473,2024-11-14,10:40:00,P01,Margherita,Classic,Small,1,6.8,6.8
15474,2024-03-16,20:09:00,P10,Four Cheese,Cheese,Medium,1,12.5,12.5
15475,2024-12-28,11:30:00,P01,Margherita,Classic,Medium,2,8.0,16.0
15476,2024-01-28,20:00:00,P05,Chicken Supreme,Chicken,Small,1,14.45,14.45
15477,2024-12-07,22:00:00,P04,BBQ Chicken,Chicken,Small,1,11.47,11.47
15478,2024-10-13,15:33:00,P10,Four Cheese,Cheese,Small,1,10.62,10.62
15479,2024-07-22,20:54:00,P11,Cheese Burst,Cheese,Medium,1,16.5,16.5
15480,2024-10-10,13:49:00,P04,BBQ Chicken,Chicken,Large,1,16.88,16.88
15481,2024-11-27,20:22:00,P12,Paneer Tikka,Specialty,Medium,2,13.0,26.0
15482,2024-05-08,21:58:00,P04,BBQ Chicken,Chicken,Small,2,11.47,22.94
15483,2024-12-28,11:43:00,P06,Buffalo Chicken,Chicken,Medium,1,10.5,10.5
15484,2024-04-04,11:48:00,P10,Four Cheese,Cheese,XL,1,18.75,18.75
15485,2024-10-01,21:05:00,P10,Four Cheese,Cheese,Medium,2,12.5,25.0
15486,2024-01-19,13:57:00,P15,Truffle Mushroom,Specialty,Medium,1,19.0,19.0
15487,2024-09-29,15:14:00,P03,Hawaiian,Classic,XL,1,24.0,24.0
15488,2024-02-10,11:04:00,P10,Four Cheese,Cheese,Small,1,10.62,10.62
15489,2024-09-01,16:04:00,P09,Spinach Feta,Veggie,Medium,1,9.5,9.5
15490,2024-08-23,19:03:00,P13,Farmhouse,Specialty,Medium,2,17.5,35.0
15491,2024-05-19,19:59:00,P02,Pepperoni,Classic,Large,2,15.0,30.0
15492,2024-05-06,11:23:00,P11,Cheese Burst,Cheese,XL,1,24.75,24.75
15493,2024-11-20,22:35:00,P08,Veggie Supreme,Veggie,Large,1,19.38,19.38
15494,2024-01-09,11:34:00,P04,BBQ Chicken,Chicken,Medium,1,13.5,13.5
15495,2024-08-10,17:42:00,P07,Veggie Garden,Veggie,Medium,1,11.5,11.5
15496,2024-06-17,19:43:00,P04,BBQ Chicken,Chicken,Medium,4,13.5,54.0
15497,2024-09-06,19:09:00,P08,Veggie Supreme,Veggie,Large,2,19.38,38.76
15498,2024-04-14,19:08:00,P13,Farmhouse,Specialty,Large,1,21.88,21.88
15499,2024-01-01,15:15:00,P08,Veggie Supreme,Veggie,Medium,2,15.5,31.0
15500,2024-10-28,22:37:00,P09,Spinach Feta,Veggie,Large,2,11.88,23.76
15501,2024-03-04,17:22:00,P07,Veggie Garden,Veggie,Small,2,9.78,19.56
15502,2024-07-01,11:27:00,P01,Margherita,Classic,Medium,1,8.0,8.0
15503,2024-05-02,13:00:00,P03,Hawaiian,Classic,Medium,1,16.0,16.0
15504,2024-03-04,21:26:00,P07,Veggie Garden,Veggie,Medium,2,11.5,23.0
15505,2024-07-10,20:12:00,P04,BBQ Chicken,Chicken,Medium,1,13.5,13.5
15506,2024-09-03,13:24:00,P02,Pepperoni,Classic,Small,4,10.2,40.8
15507,2024-02-26,22:55:00,P07,Veggie Garden,Veggie,Large,2,14.38,28.76
15508,2024-03-26,22:37:00,P04,BBQ Chicken,Chicken,Large,3,16.88,50.64
15509,2024-06-30,13:52:00,P03,Hawaiian,Classic,XL,1,24.0,24.0
15510,2024-11-18,18:14:00,P07,Veggie Garden,Veggie,Large,2,14.38,28.76
15511,2024-09-23,11:26:00,P02,Pepperoni,Classic,Medium,1,12.0,12.0
15512,2024-03-27,10:57:00,P14,Mexican Green,Specialty,Medium,4,10.0,40.0
15513,2024-04-07,14:32:00,P13,Farmhouse,Specialty,XL,1,26.25,26.25
15514,2024-05-12,20:51:00,P10,Four Cheese,Cheese,Medium,1,12.5,12.5
15515,2024-12-02,21:00:00,P02,Pepperoni,Classic,Large,2,15.0,30.0
15516,2024-07-17,22:02:00,P11,Cheese Burst,Cheese,Large,1,20.62,20.62
15517,2024-12-11,21:40:00,P12,Paneer Tikka,Specialty,Large,1,16.25,16.25
15518,2024-04-30,21:25:00,P11,Cheese Burst,Cheese,Small,4,14.03,56.12
15519,2024-12-12,18:47:00,P02,Pepperoni,Classic,Medium,1,12.0,12.0
15520,2024-05-24,21:03:00,P09,Spinach Feta,Veggie,Large,1,11.88,11.88
15521,2024-03-21,10:29:00,P12,Paneer Tikka,Specialty,Large,1,16.25,16.25
15522,2024-12-06,10:10:00,P08,Veggie Supreme,Veggie,Large,2,19.38,38.76
15523,2024-08-30,16:29:00,P10,Four Cheese,Cheese,Medium,2,12.5,25.0
15524,2024-05-25,13:33:00,P06,Buffalo Chicken,Chicken,Medium,1,10.5,10.5
15525,2024-08-20,21:08:00,P07,Veggie Garden,Veggie,Large,1,14.38,14.38
15526,2024-06-20,22:15:00,P01,Margherita,Classic,Large,1,10.0,10.0
15527,2024-04-04,22:12:00,P09,Spinach Feta,Veggie,Medium,1,9.5,9.5
15528,2024-05-30,16:01:00,P01,Margherita,Classic,Medium,1,8.0,8.0
15529,2024-05-07,21:31:00,P06,Buffalo Chicken,Chicken,Large,1,13.12,13.12
15530,2024-07-02,10:23:00,P04,BBQ Chicken,Chicken,Medium,1,13.5,13.5
15531,2024-10-19,22:51:00,P08,Veggie Supreme,Veggie,Large,1,19.38,19.38
15532,2024-10-24,11:02:00,P02,Pepperoni,Classic,Medium,2,12.0,24.0
15533,2024-09-25,19:28:00,P10,Four Cheese,Cheese,Medium,1,12.5,12.5
15534,2024-02-28,21:47:00,P12,Paneer Tikka,Specialty,Large,1,16.25,16.25
15535,2024-09-16,12:04:00,P02,Pepperoni,Classic,Small,1,10.2,10.2
15536,2024-06-15,18:04:00,P02,Pepperoni,Classic,Medium,1,12.0,12.0
15537,2024-05-15,11:53:00,P02,Pepperoni,Classic,Medium,2,12.0,24.0
15538,2024-07-02,18:26:00,P13,Farmhouse,Specialty,Large,2,21.88,43.76
15539,2024-11-03,16:35:00,P07,Veggie Garden,Veggie,Medium,1,11.5,11.5
15540,2024-10-29,11:01:00,P07,Veggie Garden,Veggie,Medium,1,11.5,11.5
15541,2024-05-12,21:41:00,P02,Pepperoni,Classic,Large,1,15.0,15.0
15542,2024-09-06,22:49:00,P10,Four Cheese,Cheese,Medium,1,12.5,12.5
15543,2024-08-10,15:43:00,P13,Farmhouse,Specialty,Small,3,14.88,44.64
15544,2024-11-14,21:32:00,P12,Paneer Tikka,Specialty,Medium,1,13.0,13.0
15545,2024-07-09,16:08:00,P09,Spinach Feta,Veggie,XL,1,14.25,14.25
15546,2024-08-31,16:43:00,P01,Margherita,Classic,Medium,1,8.0,8.0
15547,2024-12-30,15:35:00,P02,Pepperoni,Classic,Medium,1,12.0,12.0
15548,2024-11-25,21:55:00,P01,Margherita,Classic,Medium,2,8.0,16.0
15549,2024-12-20,17:28:00,P03,Hawaiian,Classic,Large,2,20.0,40.0
15550,2024-09-17,13:50:00,P02,Pepperoni,Classic,Large,2,15.0,30.0
15551,2024-01-15,21:25:00,P03,Hawaiian,Classic,Medium,1,16.0,16.0
15552,2024-01-23,22:38:00,P05,Chicken Supreme,Chicken,Small,1,14.45,14.45
15553,2024-01-29,15:34:00,P14,Mexican Green,Specialty,Large,1,12.5,12.5
15554,2024-02-26,20:47:00,P09,Spinach Feta,Veggie,Medium,2,9.5,19.0
15555,2024-02-04,10:06:00,P12,Paneer Tikka,Specialty,Large,1,16.25,16.25
15556,2024-08-13,19:23:00,P10,Four Cheese,Cheese,Medium,1,12.5,12.5
15557,2024-08-04,21:26:00,P02,Pepperoni,Classic,Large,2,15.0,30.0
15558,2024-05-05,11:05:00,P11,Cheese Burst,Cheese,Small,2,14.03,28.06
15559,2024-11-14,10:07:00,P04,BBQ Chicken,Chicken,Large,3,16.88,50.64
15560,2024-03-25,18:18:00,P09,Spinach Feta,Veggie,Medium,1,9.5,9.5
15561,2024-12-19,16:42:00,P04,BBQ Chicken,Chicken,Medium,2,13.5,27.0
15562,2024-09-25,19:46:00,P15,Truffle Mushroom,Specialty,Small,1,16.15,16.15
15563,2024-06-29,16:27:00,P03,Hawaiian,Classic,Small,2,13.6,27.2
15564,2024-03-10,18:11:00,P04,BBQ Chicken,Chicken,Medium,3,13.5,40.5
15565,2024-10-02,18:41:00,P14,Mexican Green,Specialty,Medium,1,10.0,10.0
15566,2024-11-13,22:07:00,P01,Margherita,Classic,Large,2,10.0,20.0
15567,2024-06-02,15:27:00,P10,Four Cheese,Cheese,Medium,2,12.5,25.0
15568,2024-04-08,21:40:00,P10,Four Cheese,Cheese,Large,1,15.62,15.62
15569,2024-12-28,15:01:00,P12,Paneer Tikka,Specialty,Small,1,11.05,11.05
15570,2024-01-07,18:24:00,P15,Truffle Mushroom,Specialty,Medium,1,19.0,19.0
15571,2024-11-02,11:31:00,P15,Truffle Mushroom,Specialty,Medium,3,19.0,57.0
15572,2024-03-04,21:52:00,P01,Margherita,Classic,XL,2,12.0,24.0
15573,2024-03-15,19:54:00,P12,Paneer Tikka,Specialty,Large,1,16.25,16.25
15574,2024-12-20,21:03:00,P10,Four Cheese,Cheese,Medium,1,12.5,12.5
15575,2024-06-18,11:43:00,P10,Four Cheese,Cheese,Large,1,15.62,15.62
15576,2024-10-10,20:45:00,P02,Pepperoni,Classic,Medium,1,12.0,12.0
15577,2024-04-20,19:43:00,P10,Four Cheese,Cheese,Medium,1,12.5,12.5
15578,2024-04-02,11:54:00,P15,Truffle Mushroom,Specialty,Small,1,16.15,16.15
15579,2024-02-03,10:19:00,P13,Farmhouse,Specialty,Medium,1,17.5,17.5
15580,2024-10-29,15:41:00,P06,Buffalo Chicken,Chicken,Medium,1,10.5,10.5
15581,2024-10-08,13:00:00,P01,Margherita,Classic,Large,2,10.0,20.0
15582,2024-04-06,16:10:00,P05,Chicken Supreme,Chicken,Medium,3,17.0,51.0
15583,2024-09-08,21:43:00,P12,Paneer Tikka,Specialty,Large,2,16.25,32.5
15584,2024-01-15,16:00:00,P10,Four Cheese,Cheese,Medium,2,12.5,25.0
15585,2024-10-15,15:55:00,P06,Buffalo Chicken,Chicken,Small,1,8.92,8.92
15586,2024-10-05,15:25:00,P01,Margherita,Classic,Large,1,10.0,10.0
15587,2024-10-28,21:58:00,P06,Buffalo Chicken,Chicken,Large,1,13.12,13.12
15588,2024-09-03,15:39:00,P07,Veggie Garden,Veggie,Large,2,14.38,28.76
15589,2024-08-31,18:46:00,P14,Mexican Green,Specialty,Medium,3,10.0,30.0
15590,2024-01-17,21:31:00,P09,Spinach Feta,Veggie,Large,2,11.88,23.76
15591,2024-12-14,16:40:00,P04,BBQ Chicken,Chicken,Large,3,16.88,50.64
15592,2024-12-17,19:32:00,P07,Veggie Garden,Veggie,Small,2,9.78,19.56
15593,2024-07-04,12:54:00,P01,Margherita,Classic,Small,1,6.8,6.8
15594,2024-03-02,10:37:00,P15,Truffle Mushroom,Specialty,Small,1,16.15,16.15
15595,2024-02-28,11:20:00,P05,Chicken Supreme,Chicken,Medium,1,17.0,17.0
15596,2024-06-22,16:38:00,P07,Veggie Garden,Veggie,Medium,1,11.5,11.5
15597,2024-06-18,16:27:00,P05,Chicken Supreme,Chicken,XL,2,25.5,51.0
15598,2024-03-24,21:05:00,P10,Four Cheese,Cheese,Medium,1,12.5,12.5
15599,2024-02-28,19:05:00,P10,Four Cheese,Cheese,Large,1,15.62,15.62
15600,2024-07-03,15:59:00,P10,Four Cheese,Cheese,Large,1,15.62,15.62
15601,2024-05-24,17:01:00,P03,Hawaiian,Classic,Medium,1,16.0,16.0
15602,2024-05-03,14:53:00,P04,BBQ Chicken,Chicken,Small,1,11.47,11.47
15603,2024-03-11,21:19:00,P02,Pepperoni,Classic,Medium,1,12.0,12.0
15604,2024-07-13,18:35:00,P10,Four Cheese,Cheese,Large,1,15.62,15.62
15605,2024-02-26,18:42:00,P01,Margherita,Classic,XL,2,12.0,24.0
15606,2024-10-26,12:18:00,P08,Veggie Supreme,Veggie,Medium,1,15.5,15.5
15607,2024-11-12,20:12:00,P13,Farmhouse,Specialty,Large,1,21.88,21.88
15608,2024-06-09,15:53:00,P13,Farmhouse,Specialty,Medium,3,17.5,52.5
15609,2024-04-21,11:45:00,P06,Buffalo Chicken,Chicken,Large,2,13.12,26.24
15610,2024-04-29,16:49:00,P06,Buffalo Chicken,Chicken,Medium,3,10.5,31.5
15611,2024-05-27,11:50:00,P01,Margherita,Classic,Small,1,6.8,6.8
15612,2024-08-09,11:29:00,P10,Four Cheese,Cheese,Small,1,10.62,10.62
15613,2024-01-04,10:07:00,P12,Paneer Tikka,Specialty,Small,1,11.05,11.05
15614,2024-02-21,19:10:00,P03,Hawaiian,Classic,Medium,1,16.0,16.0
15615,2024-11-10,17:23:00,P06,Buffalo Chicken,Chicken,Large,3,13.12,39.36
15616,2024-06-08,18:45:00,P12,Paneer Tikka,Specialty,Small,2,11.05,22.1
15617,2024-01-28,19:38:00,P13,Farmhouse,Specialty,Medium,1,17.5,17.5
15618,2024-09-28,13:11:00,P03,Hawaiian,Classic,Medium,1,16.0,16.0
15619,2024-07-22,11:37:00,P08,Veggie Supreme,Veggie,Large,1,19.38,19.38
15620,2024-10-04,17:02:00,P02,Pepperoni,Classic,Large,2,15.0,30.0
15621,2024-09-13,14:43:00,P02,Pepperoni,Classic,Large,2,15.0,30.0
15622,2024-02-16,12:37:00,P13,Farmhouse,Specialty,Medium,2,17.5,35.0
15623,2024-07-09,12:16:00,P12,Paneer Tikka,Specialty,Medium,3,13.0,39.0
15624,2024-02-10,14:44:00,P11,Cheese Burst,Cheese,Large,1,20.62,20.62
15625,2024-07-12,11:42:00,P01,Margherita,Classic,Medium,1,8.0,8.0
15626,2024-07-08,18:27:00,P12,Paneer Tikka,Specialty,Medium,1,13.0,13.0
15627,2024-06-24,10:25:00,P06,Buffalo Chicken,Chicken,Medium,1,10.5,10.5
15628,2024-04-08,21:57:00,P04,BBQ Chicken,Chicken,Large,3,16.88,50.64
15629,2024-11-13,10:17:00,P08,Veggie Supreme,Veggie,Large,1,19.38,19.38
15630,2024-06-30,18:59:00,P02,Pepperoni,Classic,Large,2,15.0,30.0
15631,2024-02-13,17:29:00,P11,Cheese Burst,Cheese,Medium,1,16.5,16.5
15632,2024-09-15,11:32:00,P08,Veggie Supreme,Veggie,Small,1,13.17,13.17
15633,2024-03-31,20:08:00,P02,Pepperoni,Classic,Large,1,15.0,15.0
15634,2024-05-20,14:59:00,P02,Pepperoni,Classic,Medium,1,12.0,12.0
15635,2024-07-26,12:41:00,P02,Pepperoni,Classic,Medium,2,12.0,24.0
15636,2024-07-05,14:45:00,P01,Margherita,Classic,Medium,1,8.0,8.0
15637,2024-08-06,21:02:00,P08,Veggie Supreme,Veggie,Medium,2,15.5,31.0
15638,2024-02-10,22:00:00,P12,Paneer Tikka,Specialty,Small,2,11.05,22.1
15639,2024-07-11,12:05:00,P01,Margherita,Classic,Medium,1,8.0,8.0
15640,2024-11-01,10:23:00,P01,Margherita,Classic,Medium,2,8.0,16.0
15641,2024-11-10,19:24:00,P08,Veggie Supreme,Veggie,Medium,1,15.5,15.5
15642,2024-11-28,21:00:00,P12,Paneer Tikka,Specialty,Large,2,16.25,32.5
15643,2024-04-08,14:47:00,P04,BBQ Chicken,Chicken,Medium,2,13.5,27.0
15644,2024-09-03,19:51:00,P04,BBQ Chicken,Chicken,Medium,4,13.5,54.0
15645,2024-02-07,10:19:00,P08,Veggie Supreme,Veggie,Large,1,19.38,19.38
15646,2024-09-04,14:39:00,P04,BBQ Chicken,Chicken,XL,1,20.25,20.25
15647,2024-02-13,10:44:00,P01,Margherita,Classic,Small,1,6.8,6.8
15648,2024-02-26,17:39:00,P11,Cheese Burst,Cheese,Large,1,20.62,20.62
15649,2024-02-14,21:01:00,P09,Spinach Feta,Veggie,Medium,2,9.5,19.0
15650,2024-08-10,12:25:00,P08,Veggie Supreme,Veggie,Small,3,13.17,39.51
15651,2024-11-02,17:04:00,P11,Cheese Burst,Cheese,Medium,1,16.5,16.5
15652,2024-09-10,16:03:00,P10,Four Cheese,Cheese,Medium,1,12.5,12.5
15653,2024-02-09,13:20:00,P03,Hawaiian,Classic,Large,1,20.0,20.0
15654,2024-09-10,10:25:00,P04,BBQ Chicken,Chicken,Medium,1,13.5,13.5
15655,2024-04-13,16:10:00,P02,Pepperoni,Classic,Medium,1,12.0,12.0
15656,2024-03-25,15:48:00,P02,Pepperoni,Classic,Large,1,15.0,15.0
15657,2024-11-07,18:58:00,P10,Four Cheese,Cheese,Medium,2,12.5,25.0
15658,2024-04-10,19:06:00,P13,Farmhouse,Specialty,Large,1,21.88,21.88
15659,2024-05-20,13:14:00,P14,Mexican Green,Specialty,Large,1,12.5,12.5
15660,2024-08-17,11:35:00,P09,Spinach Feta,Veggie,Medium,2,9.5,19.0
15661,2024-10-28,18:24:00,P02,Pepperoni,Classic,XL,1,18.0,18.0
15662,2024-02-25,22:46:00,P02,Pepperoni,Classic,Small,1,10.2,10.2
15663,2024-04-01,13:37:00,P12,Paneer Tikka,Specialty,Small,2,11.05,22.1
15664,2024-03-11,22:16:00,P08,Veggie Supreme,Veggie,Medium,2,15.5,31.0
15665,2024-06-05,10:35:00,P09,Spinach Feta,Veggie,Medium,1,9.5,9.5
15666,2024-03-23,19:51:00,P11,Cheese Burst,Cheese,Medium,1,16.5,16.5
15667,2024-08-24,22:08:00,P10,Four Cheese,Cheese,Medium,2,12.5,25.0
15668,2024-01-02,13:22:00,P12,Paneer Tikka,Specialty,Small,2,11.05,22.1
15669,2024-07-28,17:25:00,P01,Margherita,Classic,Small,1,6.8,6.8
15670,2024-06-28,18:16:00,P11,Cheese Burst,Cheese,Large,1,20.62,20.62
15671,2024-10-21,10:58:00,P12,Paneer Tikka,Specialty,Large,1,16.25,16.25
15672,2024-01-10,20:24:00,P04,BBQ Chicken,Chicken,Large,1,16.88,16.88
15673,2024-04-19,21:25:00,P09,Spinach Feta,Veggie,Large,1,11.88,11.88
15674,2024-03-01,19:43:00,P04,BBQ Chicken,Chicken,Medium,1,13.5,13.5
15675,2024-12-04,21:22:00,P14,Mexican Green,Specialty,Medium,1,10.0,10.0
15676,2024-09-12,22:16:00,P01,Margherita,Classic,Medium,2,8.0,16.0
15677,2024-03-19,14:37:00,P08,Veggie Supreme,Veggie,Large,1,19.38,19.38
15678,2024-10-12,12:31:00,P02,Pepperoni,Classic,Medium,2,12.0,24.0
15679,2024-08-01,13:37:00,P10,Four Cheese,Cheese,Small,2,10.62,21.24
15680,2024-08-17,13:00:00,P02,Pepperoni,Classic,XL,1,18.0,18.0
15681,2024-07-29,20:25:00,P03,Hawaiian,Classic,Large,2,20.0,40.0
15682,2024-09-19,11:35:00,P07,Veggie Garden,Veggie,Medium,2,11.5,23.0
15683,2024-03-02,15:52:00,P13,Farmhouse,Specialty,Medium,1,17.5,17.5
15684,2024-03-13,20:59:00,P03,Hawaiian,Classic,Large,1,20.0,20.0
15685,2024-11-15,11:51:00,P02,Pepperoni,Classic,Small,1,10.2,10.2
15686,2024-05-24,21:12:00,P11,Cheese Burst,Cheese,Medium,3,16.5,49.5
15687,2024-04-28,10:53:00,P07,Veggie Garden,Veggie,Medium,2,11.5,23.0
15688,2024-05-17,22:24:00,P13,Farmhouse,Specialty,Medium,1,17.5,17.5
15689,2024-01-18,10:43:00,P02,Pepperoni,Classic,Large,2,15.0,30.0
15690,2024-03-19,20:26:00,P10,Four Cheese,Cheese,Medium,1,12.5,12.5
15691,2024-09-07,19:18:00,P03,Hawaiian,Classic,Small,1,13.6,13.6
15692,2024-04-27,22:06:00,P02,Pepperoni,Classic,Small,2,10.2,20.4
15693,2024-06-19,17:51:00,P10,Four Cheese,Cheese,Small,1,10.62,10.62
15694,2024-07-26,17:22:00,P08,Veggie Supreme,Veggie,Medium,2,15.5,31.0
15695,2024-05-18,17:04:00,P11,Cheese Burst,Cheese,Large,2,20.62,41.24
15696,2024-02-08,13:28:00,P04,BBQ Chicken,Chicken,Medium,1,13.5,13.5
15697,2024-12-02,12:59:00,P06,Buffalo Chicken,Chicken,Medium,1,10.5,10.5
15698,2024-06-02,18:14:00,P05,Chicken Supreme,Chicken,Large,2,21.25,42.5
15699,2024-09-07,13:29:00,P15,Truffle Mushroom,Specialty,Medium,3,19.0,57.0
15700,2024-05-28,12:43:00,P04,BBQ Chicken,Chicken,Medium,1,13.5,13.5
15701,2024-05-13,13:36:00,P04,BBQ Chicken,Chicken,Large,1,16.88,16.88
15702,2024-07-21,16:43:00,P05,Chicken Supreme,Chicken,Medium,1,17.0,17.0
15703,2024-10-21,18:17:00,P08,Veggie Supreme,Veggie,Medium,2,15.5,31.0
15704,2024-08-25,13:39:00,P03,Hawaiian,Classic,Medium,2,16.0,32.0
15705,2024-10-18,21:18:00,P13,Farmhouse,Specialty,XL,1,26.25,26.25
15706,2024-12-15,19:37:00,P03,Hawaiian,Classic,Medium,3,16.0,48.0
15707,2024-08-30,21:11:00,P13,Farmhouse,Specialty,Medium,1,17.5,17.5
15708,2024-09-14,18:34:00,P02,Pepperoni,Classic,Medium,2,12.0,24.0
15709,2024-05-08,21:30:00,P10,Four Cheese,Cheese,Small,1,10.62,10.62
15710,2024-08-07,22:56:00,P13,Farmhouse,Specialty,Medium,1,17.5,17.5
15711,2024-02-06,16:45:00,P02,Pepperoni,Classic,Medium,1,12.0,12.0
15712,2024-06-26,10:05:00,P15,Truffle Mushroom,Specialty,Small,1,16.15,16.15
15713,2024-05-28,19:31:00,P06,Buffalo Chicken,Chicken,Medium,2,10.5,21.0
15714,2024-09-14,16:48:00,P14,Mexican Green,Specialty,Small,1,8.5,8.5
15715,2024-10-09,17:13:00,P10,Four Cheese,Cheese,Medium,1,12.5,12.5
15716,2024-12-24,15:57:00,P04,BBQ Chicken,Chicken,Small,1,11.47,11.47
15717,2024-12-26,12:29:00,P02,Pepperoni,Classic,Small,1,10.2,10.2
15718,2024-10-07,14:23:00,P04,BBQ Chicken,Chicken,Large,2,16.88,33.76
15719,2024-01-11,12:54:00,P02,Pepperoni,Classic,Large,2,15.0,30.0
15720,2024-07-04,13:36:00,P02,Pepperoni,Classic,Medium,1,12.0,12.0
15721,2024-01-09,21:54:00,P02,Pepperoni,Classic,Medium,1,12.0,12.0
15722,2024-06-22,15:05:00,P06,Buffalo Chicken,Chicken,Medium,1,10.5,10.5
15723,2024-10-09,19:22:00,P12,Paneer Tikka,Specialty,Medium,3,13.0,39.0
15724,2024-05-28,19:44:00,P02,Pepperoni,Classic,Medium,3,12.0,36.0
15725,2024-05-05,12:58:00,P02,Pepperoni,Classic,Medium,2,12.0,24.0
15726,2024-02-12,12:06:00,P09,Spinach Feta,Veggie,Large,3,11.88,35.64
15727,2024-07-08,19:32:00,P02,Pepperoni,Classic,Small,2,10.2,20.4
15728,2024-09-16,19:07:00,P02,Pepperoni,Classic,Small,2,10.2,20.4
15729,2024-12-05,10:04:00,P02,Pepperoni,Classic,Large,1,15.0,15.0
15730,2024-05-15,16:36:00,P14,Mexican Green,Specialty,Large,1,12.5,12.5
15731,2024-11-06,12:07:00,P12,Paneer Tikka,Specialty,Medium,1,13.0,13.0
15732,2024-11-20,14:16:00,P04,BBQ Chicken,Chicken,Medium,1,13.5,13.5
15733,2024-02-27,20:39:00,P10,Four Cheese,Cheese,Medium,2,12.5,25.0
15734,2024-04-22,21:27:00,P08,Veggie Supreme,Veggie,Medium,1,15.5,15.5
15735,2024-11-19,13:27:00,P10,Four Cheese,Cheese,Medium,1,12.5,12.5
15736,2024-03-29,19:49:00,P10,Four Cheese,Cheese,Medium,1,12.5,12.5
15737,2024-08-15,19:02:00,P09,Spinach Feta,Veggie,Medium,1,9.5,9.5
15738,2024-05-01,14:11:00,P03,Hawaiian,Classic,Large,1,20.0,20.0
15739,2024-07-01,14:36:00,P01,Margherita,Classic,Large,3,10.0,30.0
15740,2024-01-04,18:37:00,P06,Buffalo Chicken,Chicken,Medium,2,10.5,21.0
15741,2024-10-24,15:26:00,P13,Farmhouse,Specialty,Medium,2,17.5,35.0
15742,2024-06-30,15:00:00,P08,Veggie Supreme,Veggie,Medium,1,15.5,15.5
15743,2024-10-30,20:37:00,P12,Paneer Tikka,Specialty,Medium,1,13.0,13.0
15744,2024-01-18,15:48:00,P15,Truffle Mushroom,Specialty,Medium,1,19.0,19.0
15745,2024-03-16,10:52:00,P02,Pepperoni,Classic,Large,3,15.0,45.0
15746,2024-05-29,11:09:00,P10,Four Cheese,Cheese,Large,1,15.62,15.62
15747,2024-10-06,13:11:00,P10,Four Cheese,Cheese,Large,1,15.62,15.62
15748,2024-09-16,19:04:00,P15,Truffle Mushroom,Specialty,Large,2,23.75,47.5
15749,2024-08-15,20:15:00,P15,Truffle Mushroom,Specialty,XL,1,28.5,28.5
15750,2024-01-05,19:18:00,P10,Four Cheese,Cheese,Medium,1,12.5,12.5
15751,2024-01-06,17:30:00,P03,Hawaiian,Classic,XL,1,24.0,24.0
15752,2024-08-10,14:06:00,P12,Paneer Tikka,Specialty,Small,1,11.05,11.05
15753,2024-09-22,16:21:00,P02,Pepperoni,Classic,Small,1,10.2,10.2
15754,2024-03-18,21:41:00,P11,Cheese Burst,Cheese,Medium,1,16.5,16.5
15755,2024-03-02,22:51:00,P13,Farmhouse,Specialty,XL,2,26.25,52.5
15756,2024-10-04,18:31:00,P05,Chicken Supreme,Chicken,Medium,2,17.0,34.0
15757,2024-01-31,21:03:00,P09,Spinach Feta,Veggie,Medium,1,9.5,9.5
15758,2024-04-18,15:53:00,P06,Buffalo Chicken,Chicken,Medium,3,10.5,31.5
15759,2024-04-02,12:12:00,P06,Buffalo Chicken,Chicken,Medium,1,10.5,10.5
15760,2024-07-30,12:14:00,P04,BBQ Chicken,Chicken,Medium,1,13.5,13.5
15761,2024-04-24,19:59:00,P11,Cheese Burst,Cheese,Large,1,20.62,20.62
15762,2024-03-01,13:05:00,P14,Mexican Green,Specialty,XL,2,15.0,30.0
15763,2024-09-09,13:05:00,P14,Mexican Green,Specialty,Large,1,12.5,12.5
15764,2024-11-17,13:49:00,P02,Pepperoni,Classic,Medium,1,12.0,12.0
15765,2024-11-27,17:43:00,P13,Farmhouse,Specialty,Medium,2,17.5,35.0
15766,2024-06-17,16:21:00,P11,Cheese Burst,Cheese,Medium,1,16.5,16.5
15767,2024-03-12,13:41:00,P03,Hawaiian,Classic,Medium,2,16.0,32.0
15768,2024-05-18,11:29:00,P01,Margherita,Classic,Small,3,6.8,20.4
15769,2024-11-19,14:24:00,P03,Hawaiian,Classic,Large,1,20.0,20.0
15770,2024-06-01,18:07:00,P13,Farmhouse,Specialty,Medium,1,17.5,17.5
15771,2024-08-25,21:01:00,P09,Spinach Feta,Veggie,Large,2,11.88,23.76
15772,2024-12-06,20:48:00,P10,Four Cheese,Cheese,Large,1,15.62,15.62
15773,2024-01-08,11:22:00,P03,Hawaiian,Classic,Small,1,13.6,13.6
15774,2024-07-25,20:01:00,P10,Four Cheese,Cheese,XL,1,18.75,18.75
15775,2024-10-10,20:45:00,P01,Margherita,Classic,Large,1,10.0,10.0
15776,2024-05-05,14:41:00,P05,Chicken Supreme,Chicken,Medium,1,17.0,17.0
15777,2024-02-01,16:21:00,P09,Spinach Feta,Veggie,Medium,1,9.5,9.5
15778,2024-07-24,22:20:00,P02,Pepperoni,Classic,Medium,3,12.0,36.0
15779,2024-10-16,19:00:00,P12,Paneer Tikka,Specialty,Medium,2,13.0,26.0
15780,2024-03-05,17:02:00,P03,Hawaiian,Classic,Medium,1,16.0,16.0
15781,2024-02-12,12:40:00,P10,Four Cheese,Cheese,Small,2,10.62,21.24
15782,2024-05-20,15:03:00,P05,Chicken Supreme,Chicken,Medium,3,17.0,51.0
15783,2024-10-05,15:33:00,P08,Veggie Supreme,Veggie,Medium,1,15.5,15.5
15784,2024-02-10,11:55:00,P02,Pepperoni,Classic,Small,1,10.2,10.2
15785,2024-03-30,10:32:00,P01,Margherita,Classic,Medium,1,8.0,8.0
15786,2024-11-03,10:50:00,P13,Farmhouse,Specialty,Medium,2,17.5,35.0
15787,2024-11-06,15:55:00,P03,Hawaiian,Classic,Medium,1,16.0,16.0
15788,2024-04-28,10:34:00,P12,Paneer Tikka,Specialty,Small,4,11.05,44.2
15789,2024-09-05,13:58:00,P15,Truffle Mushroom,Specialty,Large,1,23.75,23.75
15790,2024-04-01,20:12:00,P03,Hawaiian,Classic,Medium,1,16.0,16.0
15791,2024-11-13,21:02:00,P03,Hawaiian,Classic,Small,1,13.6,13.6
15792,2024-01-21,17:00:00,P10,Four Cheese,Cheese,Medium,1,12.5,12.5
15793,2024-09-25,16:12:00,P15,Truffle Mushroom,Specialty,Medium,2,19.0,38.0
15794,2024-07-27,22:31:00,P13,Farmhouse,Specialty,Small,3,14.88,44.64
15795,2024-04-02,22:29:00,P07,Veggie Garden,Veggie,Medium,1,11.5,11.5
15796,2024-09-26,14:09:00,P12,Paneer Tikka,Specialty,Large,3,16.25,48.75
15797,2024-01-06,12:54:00,P02,Pepperoni,Classic,Large,2,15.0,30.0
15798,2024-01-19,21:52:00,P15,Truffle Mushroom,Specialty,Medium,1,19.0,19.0
15799,2024-07-10,16:49:00,P15,Truffle Mushroom,Specialty,Large,2,23.75,47.5
15800,2024-09-06,13:17:00,P02,Pepperoni,Classic,Medium,1,12.0,12.0
15801,2024-07-13,18:58:00,P04,BBQ Chicken,Chicken,Large,1,16.88,16.88
15802,2024-05-13,10:41:00,P02,Pepperoni,Classic,Small,1,10.2,10.2
15803,2024-12-14,16:48:00,P03,Hawaiian,Classic,Medium,2,16.0,32.0
15804,2024-12-20,12:29:00,P12,Paneer Tikka,Specialty,Medium,1,13.0,13.0
15805,2024-10-17,16:21:00,P05,Chicken Supreme,Chicken,Medium,2,17.0,34.0
15806,2024-01-28,11:31:00,P01,Margherita,Classic,Large,2,10.0,20.0
15807,2024-03-09,15:59:00,P04,BBQ Chicken,Chicken,Medium,1,13.5,13.5
15808,2024-06-10,10:03:00,P15,Truffle Mushroom,Specialty,Small,1,16.15,16.15
15809,2024-09-27,21:19:00,P09,Spinach Feta,Veggie,Medium,1,9.5,9.5
15810,2024-10-02,10:34:00,P05,Chicken Supreme,Chicken,Medium,1,17.0,17.0
15811,2024-09-03,13:17:00,P02,Pepperoni,Classic,Medium,1,12.0,12.0
15812,2024-10-15,22:24:00,P15,Truffle Mushroom,Specialty,XL,1,28.5,28.5
15813,2024-03-09,11:44:00,P12,Paneer Tikka,Specialty,Large,1,16.25,16.25
15814,2024-12-31,13:34:00,P04,BBQ Chicken,Chicken,Medium,1,13.5,13.5
15815,2024-09-03,15:26:00,P01,Margherita,Classic,Medium,1,8.0,8.0
15816,2024-07-21,18:51:00,P01,Margherita,Classic,Medium,1,8.0,8.0
15817,2024-06-04,12:38:00,P02,Pepperoni,Classic,Large,2,15.0,30.0
15818,2024-09-02,14:30:00,P08,Veggie Supreme,Veggie,Large,3,19.38,58.14
15819,2024-08-21,16:36:00,P14,Mexican Green,Specialty,Medium,1,10.0,10.0
15820,2024-12-10,21:35:00,P07,Veggie Garden,Veggie,Large,1,14.38,14.38
15821,2024-01-17,19:27:00,P12,Paneer Tikka,Specialty,Medium,1,13.0,13.0
15822,2024-06-13,10:59:00,P06,Buffalo Chicken,Chicken,Medium,1,10.5,10.5
15823,2024-09-09,10:16:00,P10,Four Cheese,Cheese,Large,1,15.62,15.62
15824,2024-07-02,11:56:00,P11,Cheese Burst,Cheese,Medium,1,16.5,16.5
15825,2024-08-02,20:50:00,P02,Pepperoni,Classic,Medium,3,12.0,36.0
15826,2024-01-20,16:46:00,P05,Chicken Supreme,Chicken,Large,1,21.25,21.25
15827,2024-05-26,14:44:00,P09,Spinach Feta,Veggie,Medium,2,9.5,19.0
15828,2024-03-08,22:37:00,P01,Margherita,Classic,Medium,1,8.0,8.0
15829,2024-05-19,22:08:00,P05,Chicken Supreme,Chicken,Large,1,21.25,21.25
15830,2024-07-25,14:14:00,P07,Veggie Garden,Veggie,Large,1,14.38,14.38
15831,2024-04-22,22:04:00,P15,Truffle Mushroom,Specialty,Large,1,23.75,23.75
15832,2024-07-15,18:23:00,P07,Veggie Garden,Veggie,Medium,1,11.5,11.5
15833,2024-04-10,14:30:00,P12,Paneer Tikka,Specialty,Medium,1,13.0,13.0
15834,2024-10-16,18:13:00,P06,Buffalo Chicken,Chicken,XL,1,15.75,15.75
15835,2024-03-08,16:57:00,P12,Paneer Tikka,Specialty,Medium,1,13.0,13.0
15836,2024-02-15,14:26:00,P08,Veggie Supreme,Veggie,Small,2,13.17,26.34
15837,2024-06-19,14:13:00,P13,Farmhouse,Specialty,Medium,3,17.5,52.5
15838,2024-10-27,11:31:00,P05,Chicken Supreme,Chicken,Medium,1,17.0,17.0
15839,2024-09-05,11:40:00,P09,Spinach Feta,Veggie,Small,1,8.07,8.07
15840,2024-01-20,22:57:00,P09,Spinach Feta,Veggie,Large,1,11.88,11.88
15841,2024-10-20,10:04:00,P05,Chicken Supreme,Chicken,XL,2,25.5,51.0
15842,2024-09-05,18:47:00,P02,Pepperoni,Classic,Medium,1,12.0,12.0
15843,2024-05-16,12:51:00,P02,Pepperoni,Classic,Large,1,15.0,15.0
15844,2024-08-19,17:15:00,P01,Margherita,Classic,Large,1,10.0,10.0
15845,2024-04-23,17:22:00,P13,Farmhouse,Specialty,Large,1,21.88,21.88
15846,2024-03-13,14:33:00,P03,Hawaiian,Classic,Small,1,13.6,13.6
15847,2024-09-01,11:44:00,P03,Hawaiian,Classic,Small,3,13.6,40.8
15848,2024-02-13,14:14:00,P11,Cheese Burst,Cheese,Small,3,14.03,42.09
15849,2024-04-02,18:22:00,P04,BBQ Chicken,Chicken,Small,1,11.47,11.47
15850,2024-08-02,10:56:00,P07,Veggie Garden,Veggie,Medium,1,11.5,11.5
15851,2024-03-11,22:31:00,P02,Pepperoni,Classic,Medium,1,12.0,12.0
15852,2024-06-08,10:42:00,P14,Mexican Green,Specialty,Medium,1,10.0,10.0
15853,2024-01-13,13:27:00,P12,Paneer Tikka,Specialty,Small,3,11.05,33.15
15854,2024-07-03,20:02:00,P13,Farmhouse,Specialty,Medium,1,17.5,17.5
15855,2024-07-27,11:31:00,P05,Chicken Supreme,Chicken,Medium,1,17.0,17.0
15856,2024-11-24,18:47:00,P11,Cheese Burst,Cheese,Large,1,20.62,20.62
15857,2024-04-15,13:04:00,P02,Pepperoni,Classic,Small,2,10.2,20.4
15858,2024-08-19,22:20:00,P01,Margherita,Classic,Large,2,10.0,20.0
15859,2024-11-20,13:56:00,P01,Margherita,Classic,XL,1,12.0,12.0
15860,2024-11-12,17:24:00,P08,Veggie Supreme,Veggie,Large,1,19.38,19.38
15861,2024-09-19,14:41:00,P06,Buffalo Chicken,Chicken,Large,1,13.12,13.12
15862,2024-06-04,15:41:00,P07,Veggie Garden,Veggie,Large,3,14.38,43.14
15863,2024-02-23,19:35:00,P01,Margherita,Classic,Medium,1,8.0,8.0
15864,2024-11-17,10:02:00,P06,Buffalo Chicken,Chicken,XL,1,15.75,15.75
15865,2024-09-07,22:30:00,P10,Four Cheese,Cheese,Large,1,15.62,15.62
15866,2024-01-29,18:43:00,P06,Buffalo Chicken,Chicken,Large,2,13.12,26.24
15867,2024-06-09,14:09:00,P11,Cheese Burst,Cheese,Medium,1,16.5,16.5
15868,2024-08-17,18:00:00,P03,Hawaiian,Classic,Medium,1,16.0,16.0
15869,2024-04-17,14:31:00,P12,Paneer Tikka,Specialty,Large,1,16.25,16.25
15870,2024-12-18,11:45:00,P08,Veggie Supreme,Veggie,Medium,2,15.5,31.0
15871,2024-05-09,20:04:00,P03,Hawaiian,Classic,Large,2,20.0,40.0
15872,2024-04-25,15:36:00,P03,Hawaiian,Classic,Small,3,13.6,40.8
15873,2024-08-20,22:41:00,P09,Spinach Feta,Veggie,Medium,1,9.5,9.5
15874,2024-10-22,18:58:00,P12,Paneer Tikka,Specialty,Medium,1,13.0,13.0
15875,2024-06-14,14:52:00,P05,Chicken Supreme,Chicken,Medium,3,17.0,51.0
15876,2024-07-28,20:19:00,P03,Hawaiian,Classic,Small,1,13.6,13.6
15877,2024-06-26,11:43:00,P13,Farmhouse,Specialty,Small,2,14.88,29.76
15878,2024-03-12,13:59:00,P10,Four Cheese,Cheese,Medium,2,12.5,25.0
15879,2024-08-09,13:54:00,P06,Buffalo Chicken,Chicken,Medium,1,10.5,10.5
15880,2024-08-15,18:40:00,P07,Veggie Garden,Veggie,Small,1,9.78,9.78
15881,2024-09-24,12:05:00,P03,Hawaiian,Classic,Large,2,20.0,40.0
15882,2024-02-16,16:50:00,P09,Spinach Feta,Veggie,Large,2,11.88,23.76
15883,2024-03-08,10:58:00,P05,Chicken Supreme,Chicken,Large,1,21.25,21.25
15884,2024-04-28,19:47:00,P15,Truffle Mushroom,Specialty,Small,1,16.15,16.15
15885,2024-07-09,18:43:00,P07,Veggie Garden,Veggie,Medium,1,11.5,11.5
15886,2024-02-15,15:23:00,P07,Veggie Garden,Veggie,Medium,1,11.5,11.5
15887,2024-06-24,17:27:00,P08,Veggie Supreme,Veggie,XL,1,23.25,23.25
15888,2024-12-31,10:34:00,P13,Farmhouse,Specialty,Large,1,21.88,21.88
15889,2024-05-11,20:24:00,P12,Paneer Tikka,Specialty,Medium,3,13.0,39.0
15890,2024-10-28,17:49:00,P06,Buffalo Chicken,Chicken,Large,2,13.12,26.24
15891,2024-09-19,21:34:00,P10,Four Cheese,Cheese,Small,2,10.62,21.24
15892,2024-08-17,13:15:00,P08,Veggie Supreme,Veggie,Small,1,13.17,13.17
15893,2024-06-12,12:01:00,P07,Veggie Garden,Veggie,Large,1,14.38,14.38
15894,2024-03-08,19:33:00,P02,Pepperoni,Classic,Small,4,10.2,40.8
15895,2024-01-07,10:13:00,P07,Veggie Garden,Veggie,Small,1,9.78,9.78
15896,2024-10-25,10:36:00,P03,Hawaiian,Classic,Large,1,20.0,20.0
15897,2024-04-28,10:31:00,P13,Farmhouse,Specialty,Medium,1,17.5,17.5
15898,2024-07-06,21:51:00,P04,BBQ Chicken,Chicken,Medium,3,13.5,40.5
15899,2024-07-12,16:03:00,P14,Mexican Green,Specialty,Large,3,12.5,37.5
15900,2024-07-09,10:41:00,P07,Veggie Garden,Veggie,Medium,1,11.5,11.5
15901,2024-05-08,10:35:00,P09,Spinach Feta,Veggie,Medium,3,9.5,28.5
15902,2024-03-04,14:13:00,P08,Veggie Supreme,Veggie,Small,1,13.17,13.17
15903,2024-11-21,16:39:00,P02,Pepperoni,Classic,Small,1,10.2,10.2
15904,2024-05-31,11:59:00,P05,Chicken Supreme,Chicken,Small,2,14.45,28.9
15905,2024-02-24,18:24:00,P02,Pepperoni,Classic,Small,2,10.2,20.4
15906,2024-05-02,12:27:00,P09,Spinach Feta,Veggie,Medium,1,9.5,9.5
15907,2024-06-12,18:54:00,P06,Buffalo Chicken,Chicken,Medium,1,10.5,10.5
15908,2024-03-01,15:24:00,P11,Cheese Burst,Cheese,Large,2,20.62,41.24
15909,2024-09-03,20:23:00,P03,Hawaiian,Classic,Large,2,20.0,40.0
15910,2024-12-22,13:32:00,P02,Pepperoni,Classic,Large,3,15.0,45.0
15911,2024-03-18,17:21:00,P05,Chicken Supreme,Chicken,Medium,1,17.0,17.0
15912,2024-11-03,12:36:00,P14,Mexican Green,Specialty,Small,3,8.5,25.5
15913,2024-09-07,20:22:00,P10,Four Cheese,Cheese,Large,4,15.62,62.48
15914,2024-09-18,12:11:00,P06,Buffalo Chicken,Chicken,Medium,1,10.5,10.5
15915,2024-12-11,22:58:00,P07,Veggie Garden,Veggie,Small,2,9.78,19.56
15916,2024-09-08,10:29:00,P01,Margherita,Classic,Large,1,10.0,10.0
15917,2024-11-22,14:00:00,P15,Truffle Mushroom,Specialty,Medium,1,19.0,19.0
15918,2024-12-23,13:45:00,P10,Four Cheese,Cheese,Medium,1,12.5,12.5
15919,2024-05-15,11:51:00,P04,BBQ Chicken,Chicken,Large,1,16.88,16.88
15920,2024-02-29,22:07:00,P08,Veggie Supreme,Veggie,Large,1,19.38,19.38
15921,2024-04-04,21:55:00,P02,Pepperoni,Classic,Medium,3,12.0,36.0
15922,2024-08-27,14:02:00,P15,Truffle Mushroom,Specialty,Medium,1,19.0,19.0
15923,2024-04-18,13:34:00,P02,Pepperoni,Classic,Medium,1,12.0,12.0
15924,2024-09-07,11:35:00,P10,Four Cheese,Cheese,Large,3,15.62,46.86
15925,2024-05-11,10:29:00,P03,Hawaiian,Classic,Small,1,13.6,13.6
15926,2024-06-15,11:59:00,P10,Four Cheese,Cheese,Medium,1,12.5,12.5
15927,2024-12-07,19:48:00,P11,Cheese Burst,Cheese,XL,1,24.75,24.75
15928,2024-08-08,16:03:00,P10,Four Cheese,Cheese,Medium,1,12.5,12.5
15929,2024-11-10,12:25:00,P09,Spinach Feta,Veggie,Large,2,11.88,23.76
15930,2024-09-19,22:02:00,P13,Farmhouse,Specialty,XL,2,26.25,52.5
15931,2024-09-23,13:50:00,P01,Margherita,Classic,Medium,1,8.0,8.0
15932,2024-10-14,18:41:00,P04,BBQ Chicken,Chicken,Large,2,16.88,33.76
15933,2024-09-03,15:02:00,P03,Hawaiian,Classic,Medium,1,16.0,16.0
15934,2024-08-31,17:37:00,P15,Truffle Mushroom,Specialty,Large,1,23.75,23.75
15935,2024-04-30,17:13:00,P05,Chicken Supreme,Chicken,Large,2,21.25,42.5
15936,2024-11-23,20:41:00,P11,Cheese Burst,Cheese,Medium,2,16.5,33.0
15937,2024-09-06,16:41:00,P10,Four Cheese,Cheese,Large,1,15.62,15.62
15938,2024-10-15,14:13:00,P03,Hawaiian,Classic,Large,1,20.0,20.0
15939,2024-04-28,19:56:00,P03,Hawaiian,Classic,Medium,1,16.0,16.0
15940,2024-07-06,13:07:00,P04,BBQ Chicken,Chicken,Small,1,11.47,11.47
15941,2024-08-28,13:35:00,P05,Chicken Supreme,Chicken,Small,1,14.45,14.45
15942,2024-12-03,20:58:00,P03,Hawaiian,Classic,Medium,2,16.0,32.0
15943,2024-10-01,12:08:00,P01,Margherita,Classic,XL,1,12.0,12.0
15944,2024-10-21,11:08:00,P13,Farmhouse,Specialty,Large,2,21.88,43.76
15945,2024-10-10,11:28:00,P15,Truffle Mushroom,Specialty,Medium,1,19.0,19.0
15946,2024-06-30,21:34:00,P04,BBQ Chicken,Chicken,Medium,1,13.5,13.5
15947,2024-11-26,20:22:00,P04,BBQ Chicken,Chicken,Medium,1,13.5,13.5
15948,2024-06-06,14:51:00,P01,Margherita,Classic,Small,1,6.8,6.8
15949,2024-01-08,20:42:00,P10,Four Cheese,Cheese,Medium,3,12.5,37.5
15950,2024-04-23,12:09:00,P12,Paneer Tikka,Specialty,Medium,1,13.0,13.0
15951,2024-10-10,13:59:00,P02,Pepperoni,Classic,Medium,1,12.0,12.0
15952,2024-09-22,15:36:00,P02,Pepperoni,Classic,XL,2,18.0,36.0
15953,2024-06-23,14:54:00,P12,Paneer Tikka,Specialty,Medium,1,13.0,13.0
15954,2024-11-07,15:29:00,P09,Spinach Feta,Veggie,Medium,1,9.5,9.5
15955,2024-07-08,10:13:00,P01,Margherita,Classic,Small,1,6.8,6.8
15956,2024-02-15,14:44:00,P09,Spinach Feta,Veggie,XL,2,14.25,28.5
15957,2024-12-16,21:57:00,P04,BBQ Chicken,Chicken,Large,4,16.88,67.52
15958,2024-08-03,12:09:00,P05,Chicken Supreme,Chicken,Large,3,21.25,63.75
15959,2024-09-25,13:21:00,P11,Cheese Burst,Cheese,Medium,1,16.5,16.5
15960,2024-05-26,13:53:00,P12,Paneer Tikka,Specialty,Medium,4,13.0,52.0
15961,2024-05-14,10:45:00,P05,Chicken Supreme,Chicken,Medium,1,17.0,17.0
15962,2024-07-24,18:47:00,P14,Mexican Green,Specialty,Medium,1,10.0,10.0
15963,2024-03-06,13:02:00,P05,Chicken Supreme,Chicken,Large,2,21.25,42.5
15964,2024-09-15,20:04:00,P11,Cheese Burst,Cheese,Large,1,20.62,20.62
15965,2024-08-27,16:28:00,P07,Veggie Garden,Veggie,Small,1,9.78,9.78
15966,2024-10-10,16:29:00,P13,Farmhouse,Specialty,Small,1,14.88,14.88
15967,2024-11-13,16:50:00,P13,Farmhouse,Specialty,Large,1,21.88,21.88
15968,2024-10-23,15:42:00,P01,Margherita,Classic,Medium,2,8.0,16.0
15969,2024-07-22,20:57:00,P14,Mexican Green,Specialty,Medium,2,10.0,20.0
15970,2024-02-28,17:45:00,P12,Paneer Tikka,Specialty,Large,1,16.25,16.25
15971,2024-11-13,10:51:00,P12,Paneer Tikka,Specialty,Medium,1,13.0,13.0
15972,2024-07-25,16:43:00,P03,Hawaiian,Classic,Large,3,20.0,60.0
15973,2024-08-20,21:18:00,P12,Paneer Tikka,Specialty,Medium,2,13.0,26.0
15974,2024-06-20,20:59:00,P12,Paneer Tikka,Specialty,Large,1,16.25,16.25
15975,2024-08-19,20:02:00,P04,BBQ Chicken,Chicken,Large,4,16.88,67.52
15976,2024-05-23,15:08:00,P14,Mexican Green,Specialty,Large,2,12.5,25.0
15977,2024-10-23,15:04:00,P01,Margherita,Classic,Small,1,6.8,6.8
15978,2024-07-11,12:34:00,P02,Pepperoni,Classic,Medium,1,12.0,12.0
15979,2024-02-17,20:07:00,P08,Veggie Supreme,Veggie,Small,1,13.17,13.17
15980,2024-09-09,20:08:00,P08,Veggie Supreme,Veggie,Medium,2,15.5,31.0
15981,2024-08-07,16:28:00,P09,Spinach Feta,Veggie,Large,1,11.88,11.88
15982,2024-01-26,15:14:00,P01,Margherita,Classic,Medium,1,8.0,8.0
15983,2024-04-24,18:25:00,P14,Mexican Green,Specialty,Large,1,12.5,12.5
15984,2024-03-21,18:02:00,P01,Margherita,Classic,Medium,3,8.0,24.0
15985,2024-09-05,22:25:00,P02,Pepperoni,Classic,Medium,1,12.0,12.0
15986,2024-04-05,17:53:00,P01,Margherita,Classic,Large,3,10.0,30.0
15987,2024-11-13,18:35:00,P08,Veggie Supreme,Veggie,Medium,3,15.5,46.5
15988,2024-09-01,15:59:00,P14,Mexican Green,Specialty,Large,1,12.5,12.5
15989,2024-07-19,15:40:00,P10,Four Cheese,Cheese,Medium,1,12.5,12.5
15990,2024-04-19,13:02:00,P12,Paneer Tikka,Specialty,Large,1,16.25,16.25
15991,2024-06-12,10:17:00,P01,Margherita,Classic,Medium,3,8.0,24.0
15992,2024-02-05,19:35:00,P08,Veggie Supreme,Veggie,Large,1,19.38,19.38
15993,2024-01-21,18:48:00,P06,Buffalo Chicken,Chicken,Small,1,8.92,8.92
15994,2024-04-13,12:08:00,P07,Veggie Garden,Veggie,Medium,1,11.5,11.5
15995,2024-04-21,20:55:00,P01,Margherita,Classic,Large,1,10.0,10.0
15996,2024-04-29,18:14:00,P10,Four Cheese,Cheese,Large,3,15.62,46.86
15997,2024-04-05,21:52:00,P07,Veggie Garden,Veggie,Small,2,9.78,19.56
15998,2024-12-29,16:49:00,P11,Cheese Burst,Cheese,Medium,2,16.5,33.0
15999,2024-05-23,21:50:00,P07,Veggie Garden,Veggie,Medium,1,11.5,11.5
16000,2024-01-06,22:05:00,P02,Pepperoni,Classic,Small,1,10.2,10.2
16001,2024-08-17,19:46:00,P10,Four Cheese,Cheese,Large,4,15.62,62.48
16002,2024-07-12,18:39:00,P02,Pepperoni,Classic,Medium,1,12.0,12.0
16003,2024-07-17,20:27:00,P13,Farmhouse,Specialty,Medium,3,17.5,52.5
16004,2024-03-20,18:51:00,P09,Spinach Feta,Veggie,Large,1,11.88,11.88
16005,2024-09-27,11:19:00,P02,Pepperoni,Classic,Medium,1,12.0,12.0
16006,2024-07-24,21:57:00,P14,Mexican Green,Specialty,Large,2,12.5,25.0
16007,2024-03-15,12:01:00,P07,Veggie Garden,Veggie,XL,4,17.25,69.0
16008,2024-06-26,17:28:00,P01,Margherita,Classic,Small,3,6.8,20.4
16009,2024-02-13,15:07:00,P09,Spinach Feta,Veggie,Large,1,11.88,11.88
16010,2024-10-21,16:43:00,P03,Hawaiian,Classic,Medium,1,16.0,16.0
16011,2024-04-02,16:43:00,P12,Paneer Tikka,Specialty,Medium,1,13.0,13.0
16012,2024-01-27,20:38:00,P12,Paneer Tikka,Specialty,Small,2,11.05,22.1
16013,2024-10-15,17:49:00,P15,Truffle Mushroom,Specialty,Small,2,16.15,32.3
16014,2024-12-24,15:26:00,P07,Veggie Garden,Veggie,Medium,1,11.5,11.5
16015,2024-07-27,21:14:00,P06,Buffalo Chicken,Chicken,Medium,3,10.5,31.5
16016,2024-12-07,18:18:00,P11,Cheese Burst,Cheese,Large,2,20.62,41.24
16017,2024-10-10,16:35:00,P02,Pepperoni,Classic,Large,2,15.0,30.0
16018,2024-08-28,16:47:00,P08,Veggie Supreme,Veggie,XL,1,23.25,23.25
16019,2024-02-18,20:19:00,P08,Veggie Supreme,Veggie,Medium,1,15.5,15.5
16020,2024-07-07,18:52:00,P01,Margherita,Classic,Medium,4,8.0,32.0
16021,2024-10-05,22:06:00,P05,Chicken Supreme,Chicken,Medium,1,17.0,17.0
16022,2024-06-07,21:50:00,P12,Paneer Tikka,Specialty,Medium,2,13.0,26.0
16023,2024-11-12,20:39:00,P13,Farmhouse,Specialty,Medium,3,17.5,52.5
16024,2024-08-15,19:35:00,P02,Pepperoni,Classic,Large,2,15.0,30.0
16025,2024-11-05,10:34:00,P01,Margherita,Classic,Medium,1,8.0,8.0
16026,2024-06-17,21:25:00,P03,Hawaiian,Classic,Medium,1,16.0,16.0
16027,2024-09-18,11:27:00,P13,Farmhouse,Specialty,Small,1,14.88,14.88
16028,2024-12-29,18:28:00,P02,Pepperoni,Classic,Small,1,10.2,10.2
16029,2024-04-07,21:15:00,P10,Four Cheese,Cheese,Medium,1,12.5,12.5
16030,2024-03-11,10:52:00,P02,Pepperoni,Classic,Small,1,10.2,10.2
16031,2024-05-14,12:19:00,P09,Spinach Feta,Veggie,Large,1,11.88,11.88
16032,2024-01-05,12:46:00,P05,Chicken Supreme,Chicken,Small,1,14.45,14.45
16033,2024-10-20,12:55:00,P12,Paneer Tikka,Specialty,Large,1,16.25,16.25
16034,2024-05-30,10:01:00,P03,Hawaiian,Classic,Medium,1,16.0,16.0
16035,2024-12-21,14:13:00,P09,Spinach Feta,Veggie,Small,1,8.07,8.07
16036,2024-05-21,20:41:00,P03,Hawaiian,Classic,Large,2,20.0,40.0
16037,2024-05-11,13:29:00,P10,Four Cheese,Cheese,Medium,1,12.5,12.5
16038,2024-09-05,13:19:00,P13,Farmhouse,Specialty,Medium,1,17.5,17.5
16039,2024-06-28,11:44:00,P02,Pepperoni,Classic,Large,2,15.0,30.0
16040,2024-05-15,22:19:00,P13,Farmhouse,Specialty,Small,2,14.88,29.76
16041,2024-03-04,17:29:00,P08,Veggie Supreme,Veggie,Medium,1,15.5,15.5
16042,2024-06-12,14:20:00,P02,Pepperoni,Classic,Large,2,15.0,30.0
16043,2024-02-07,16:18:00,P06,Buffalo Chicken,Chicken,Large,3,13.12,39.36
16044,2024-09-10,19:26:00,P02,Pepperoni,Classic,Medium,2,12.0,24.0
16045,2024-05-20,18:16:00,P10,Four Cheese,Cheese,Small,1,10.62,10.62
16046,2024-04-04,19:43:00,P11,Cheese Burst,Cheese,Large,2,20.62,41.24
16047,2024-10-27,17:41:00,P02,Pepperoni,Classic,Medium,1,12.0,12.0
16048,2024-02-20,14:18:00,P07,Veggie Garden,Veggie,Medium,1,11.5,11.5
16049,2024-04-22,19:29:00,P12,Paneer Tikka,Specialty,Medium,4,13.0,52.0
16050,2024-01-08,14:46:00,P14,Mexican Green,Specialty,Large,1,12.5,12.5
16051,2024-04-09,18:44:00,P07,Veggie Garden,Veggie,Small,3,9.78,29.34
16052,2024-08-28,14:32:00,P14,Mexican Green,Specialty,Large,1,12.5,12.5
16053,2024-07-09,15:46:00,P07,Veggie Garden,Veggie,Medium,4,11.5,46.0
16054,2024-08-21,18:42:00,P05,Chicken Supreme,Chicken,Medium,1,17.0,17.0
16055,2024-05-05,11:28:00,P12,Paneer Tikka,Specialty,Large,1,16.25,16.25
16056,2024-06-21,13:55:00,P07,Veggie Garden,Veggie,XL,1,17.25,17.25
16057,2024-01-30,12:29:00,P07,Veggie Garden,Veggie,Medium,1,11.5,11.5
16058,2024-02-24,21:54:00,P07,Veggie Garden,Veggie,Small,1,9.78,9.78
16059,2024-10-28,11:27:00,P12,Paneer Tikka,Specialty,Large,2,16.25,32.5
16060,2024-03-14,13:32:00,P12,Paneer Tikka,Specialty,Large,1,16.25,16.25
16061,2024-11-07,19:57:00,P05,Chicken Supreme,Chicken,Medium,2,17.0,34.0
16062,2024-02-26,10:10:00,P04,BBQ Chicken,Chicken,Medium,1,13.5,13.5
16063,2024-07-17,10:27:00,P07,Veggie Garden,Veggie,Large,1,14.38,14.38
16064,2024-09-29,18:09:00,P08,Veggie Supreme,Veggie,Large,4,19.38,77.52
16065,2024-05-13,10:15:00,P03,Hawaiian,Classic,Large,1,20.0,20.0
16066,2024-04-12,12:25:00,P12,Paneer Tikka,Specialty,Medium,1,13.0,13.0
16067,2024-01-04,13:55:00,P07,Veggie Garden,Veggie,Medium,1,11.5,11.5
16068,2024-07-10,10:55:00,P04,BBQ Chicken,Chicken,Medium,1,13.5,13.5
16069,2024-10-15,16:21:00,P02,Pepperoni,Classic,Medium,3,12.0,36.0
16070,2024-01-01,15:44:00,P03,Hawaiian,Classic,Medium,2,16.0,32.0
16071,2024-02-16,13:29:00,P14,Mexican Green,Specialty,Medium,1,10.0,10.0
16072,2024-10-12,10:59:00,P04,BBQ Chicken,Chicken,Small,2,11.47,22.94
16073,2024-10-06,21:44:00,P02,Pepperoni,Classic,Medium,1,12.0,12.0
16074,2024-07-07,16:18:00,P06,Buffalo Chicken,Chicken,Large,1,13.12,13.12
16075,2024-11-22,14:47:00,P04,BBQ Chicken,Chicken,Large,3,16.88,50.64
16076,2024-01-09,15:53:00,P01,Margherita,Classic,Medium,2,8.0,16.0
16077,2024-09-14,20:15:00,P04,BBQ Chicken,Chicken,Small,2,11.47,22.94
16078,2024-09-17,21:51:00,P08,Veggie Supreme,Veggie,Medium,2,15.5,31.0
16079,2024-06-02,12:08:00,P08,Veggie Supreme,Veggie,Large,2,19.38,38.76
16080,2024-07-05,21:38:00,P05,Chicken Supreme,Chicken,Medium,3,17.0,51.0
16081,2024-03-03,13:24:00,P06,Buffalo Chicken,Chicken,Large,1,13.12,13.12
16082,2024-02-10,21:46:00,P15,Truffle Mushroom,Specialty,Medium,1,19.0,19.0
16083,2024-10-03,22:24:00,P05,Chicken Supreme,Chicken,Medium,1,17.0,17.0
16084,2024-08-09,22:38:00,P03,Hawaiian,Classic,Large,2,20.0,40.0
16085,2024-07-03,20:18:00,P03,Hawaiian,Classic,Small,1,13.6,13.6
16086,2024-03-15,18:00:00,P06,Buffalo Chicken,Chicken,Medium,1,10.5,10.5
16087,2024-12-30,22:33:00,P11,Cheese Burst,Cheese,Medium,1,16.5,16.5
16088,2024-01-17,12:54:00,P03,Hawaiian,Classic,Small,3,13.6,40.8
16089,2024-01-19,19:41:00,P10,Four Cheese,Cheese,Medium,2,12.5,25.0
16090,2024-02-28,18:50:00,P01,Margherita,Classic,Medium,1,8.0,8.0
16091,2024-07-21,15:30:00,P06,Buffalo Chicken,Chicken,Large,1,13.12,13.12
16092,2024-07-12,17:41:00,P11,Cheese Burst,Cheese,Large,1,20.62,20.62
16093,2024-11-01,16:34:00,P04,BBQ Chicken,Chicken,Large,1,16.88,16.88
16094,2024-11-10,18:47:00,P08,Veggie Supreme,Veggie,Medium,1,15.5,15.5
16095,2024-04-04,11:15:00,P03,Hawaiian,Classic,Medium,3,16.0,48.0
16096,2024-05-28,13:00:00,P11,Cheese Burst,Cheese,Medium,4,16.5,66.0
16097,2024-05-21,16:08:00,P01,Margherita,Classic,Medium,1,8.0,8.0
16098,2024-07-19,11:44:00,P12,Paneer Tikka,Specialty,Medium,1,13.0,13.0
16099,2024-12-15,16:17:00,P02,Pepperoni,Classic,Large,1,15.0,15.0
16100,2024-05-28,14:06:00,P13,Farmhouse,Specialty,Medium,1,17.5,17.5
16101,2024-12-02,19:23:00,P04,BBQ Chicken,Chicken,Large,1,16.88,16.88
16102,2024-06-13,21:18:00,P10,Four Cheese,Cheese,Small,1,10.62,10.62
16103,2024-10-27,22:24:00,P04,BBQ Chicken,Chicken,Medium,1,13.5,13.5
16104,2024-10-09,12:54:00,P13,Farmhouse,Specialty,Medium,2,17.5,35.0
16105,2024-04-17,16:45:00,P02,Pepperoni,Classic,Medium,2,12.0,24.0
16106,2024-11-11,17:14:00,P02,Pepperoni,Classic,Small,2,10.2,20.4
16107,2024-07-04,17:35:00,P07,Veggie Garden,Veggie,Large,1,14.38,14.38
16108,2024-04-05,10:35:00,P01,Margherita,Classic,Large,3,10.0,30.0
16109,2024-05-29,19:10:00,P02,Pepperoni,Classic,Large,3,15.0,45.0
16110,2024-12-30,15:21:00,P14,Mexican Green,Specialty,Medium,1,10.0,10.0
16111,2024-08-07,16:11:00,P15,Truffle Mushroom,Specialty,Large,1,23.75,23.75
16112,2024-10-09,10:09:00,P05,Chicken Supreme,Chicken,Large,1,21.25,21.25
16113,2024-08-12,16:59:00,P14,Mexican Green,Specialty,Medium,1,10.0,10.0
16114,2024-04-25,15:53:00,P08,Veggie Supreme,Veggie,Large,1,19.38,19.38
16115,2024-05-27,13:22:00,P03,Hawaiian,Classic,Medium,1,16.0,16.0
16116,2024-09-01,20:51:00,P10,Four Cheese,Cheese,Medium,1,12.5,12.5
16117,2024-05-09,14:08:00,P10,Four Cheese,Cheese,Medium,1,12.5,12.5
16118,2024-12-09,18:38:00,P15,Truffle Mushroom,Specialty,Medium,1,19.0,19.0
16119,2024-02-11,16:29:00,P03,Hawaiian,Classic,Small,3,13.6,40.8
16120,2024-10-27,11:11:00,P10,Four Cheese,Cheese,Medium,1,12.5,12.5
16121,2024-07-23,12:42:00,P01,Margherita,Classic,Large,2,10.0,20.0
16122,2024-09-06,17:42:00,P02,Pepperoni,Classic,XL,1,18.0,18.0
16123,2024-02-08,21:05:00,P01,Margherita,Classic,XL,1,12.0,12.0
16124,2024-09-08,19:51:00,P15,Truffle Mushroom,Specialty,Medium,1,19.0,19.0
16125,2024-10-09,13:14:00,P12,Paneer Tikka,Specialty,Medium,1,13.0,13.0
16126,2024-01-19,15:50:00,P12,Paneer Tikka,Specialty,Medium,1,13.0,13.0
16127,2024-06-23,18:19:00,P07,Veggie Garden,Veggie,Large,1,14.38,14.38
16128,2024-10-02,11:33:00,P04,BBQ Chicken,Chicken,Small,1,11.47,11.47
16129,2024-08-18,14:34:00,P02,Pepperoni,Classic,Medium,2,12.0,24.0
16130,2024-10-20,15:00:00,P04,BBQ Chicken,Chicken,Large,1,16.88,16.88
16131,2024-03-16,14:58:00,P05,Chicken Supreme,Chicken,Medium,2,17.0,34.0
16132,2024-05-04,20:38:00,P11,Cheese Burst,Cheese,Small,1,14.03,14.03
16133,2024-10-02,21:39:00,P08,Veggie Supreme,Veggie,Large,1,19.38,19.38
16134,2024-03-23,15:14:00,P01,Margherita,Classic,Medium,1,8.0,8.0
16135,2024-01-06,18:35:00,P01,Margherita,Classic,Small,2,6.8,13.6
16136,2024-07-20,10:10:00,P02,Pepperoni,Classic,Small,4,10.2,40.8
16137,2024-06-25,11:19:00,P05,Chicken Supreme,Chicken,Medium,3,17.0,51.0
16138,2024-06-04,15:19:00,P14,Mexican Green,Specialty,Small,1,8.5,8.5
16139,2024-10-29,15:15:00,P09,Spinach Feta,Veggie,Large,3,11.88,35.64
16140,2024-07-12,18:26:00,P12,Paneer Tikka,Specialty,Medium,1,13.0,13.0
16141,2024-03-07,16:31:00,P07,Veggie Garden,Veggie,Large,3,14.38,43.14
16142,2024-05-24,17:19:00,P05,Chicken Supreme,Chicken,Small,1,14.45,14.45
16143,2024-10-12,20:27:00,P02,Pepperoni,Classic,Medium,1,12.0,12.0
16144,2024-02-16,22:52:00,P13,Farmhouse,Specialty,Large,1,21.88,21.88
16145,2024-05-30,12:56:00,P12,Paneer Tikka,Specialty,Large,1,16.25,16.25
16146,2024-08-04,17:00:00,P02,Pepperoni,Classic,Medium,2,12.0,24.0
16147,2024-08-07,22:43:00,P07,Veggie Garden,Veggie,Large,3,14.38,43.14
16148,2024-08-29,11:34:00,P07,Veggie Garden,Veggie,Medium,1,11.5,11.5
16149,2024-08-29,10:10:00,P09,Spinach Feta,Veggie,Medium,2,9.5,19.0
16150,2024-02-06,15:06:00,P14,Mexican Green,Specialty,Large,2,12.5,25.0
16151,2024-12-11,16:17:00,P08,Veggie Supreme,Veggie,Small,1,13.17,13.17
16152,2024-01-29,16:49:00,P08,Veggie Supreme,Veggie,Small,1,13.17,13.17
16153,2024-08-13,21:37:00,P01,Margherita,Classic,Medium,1,8.0,8.0
16154,2024-02-23,17:20:00,P01,Margherita,Classic,Medium,1,8.0,8.0
16155,2024-02-27,10:35:00,P02,Pepperoni,Classic,Medium,1,12.0,12.0
16156,2024-05-24,19:15:00,P01,Margherita,Classic,Medium,1,8.0,8.0
16157,2024-01-15,17:16:00,P11,Cheese Burst,Cheese,Medium,1,16.5,16.5
16158,2024-11-02,10:12:00,P10,Four Cheese,Cheese,Medium,1,12.5,12.5
16159,2024-06-14,19:32:00,P02,Pepperoni,Classic,Medium,3,12.0,36.0
16160,2024-07-22,12:14:00,P12,Paneer Tikka,Specialty,Medium,1,13.0,13.0
16161,2024-09-14,12:13:00,P02,Pepperoni,Classic,Medium,1,12.0,12.0
16162,2024-12-14,18:00:00,P04,BBQ Chicken,Chicken,Large,1,16.88,16.88
16163,2024-03-17,10:59:00,P03,Hawaiian,Classic,Large,1,20.0,20.0
16164,2024-04-05,11:55:00,P05,Chicken Supreme,Chicken,Large,1,21.25,21.25
16165,2024-04-27,13:54:00,P03,Hawaiian,Classic,Medium,1,16.0,16.0
16166,2024-02-07,18:37:00,P07,Veggie Garden,Veggie,Medium,1,11.5,11.5
16167,2024-08-29,12:40:00,P05,Chicken Supreme,Chicken,Medium,1,17.0,17.0
16168,2024-05-06,16:05:00,P15,Truffle Mushroom,Specialty,Large,1,23.75,23.75
16169,2024-08-16,12:51:00,P01,Margherita,Classic,Medium,1,8.0,8.0
16170,2024-03-25,16:17:00,P02,Pepperoni,Classic,Large,2,15.0,30.0
16171,2024-01-27,21:07:00,P01,Margherita,Classic,XL,1,12.0,12.0
16172,2024-04-04,21:41:00,P09,Spinach Feta,Veggie,Small,1,8.07,8.07
16173,2024-01-06,19:15:00,P01,Margherita,Classic,Small,1,6.8,6.8
16174,2024-08-09,12:17:00,P12,Paneer Tikka,Specialty,Small,2,11.05,22.1
16175,2024-05-31,22:19:00,P07,Veggie Garden,Veggie,Medium,1,11.5,11.5
16176,2024-03-11,16:15:00,P07,Veggie Garden,Veggie,Small,2,9.78,19.56
16177,2024-02-27,18:41:00,P08,Veggie Supreme,Veggie,Large,2,19.38,38.76
16178,2024-04-20,17:11:00,P02,Pepperoni,Classic,Small,1,10.2,10.2
16179,2024-12-14,17:38:00,P02,Pepperoni,Classic,Medium,1,12.0,12.0
16180,2024-07-04,14:08:00,P04,BBQ Chicken,Chicken,Medium,1,13.5,13.5
16181,2024-06-22,21:26:00,P08,Veggie Supreme,Veggie,Large,1,19.38,19.38
16182,2024-09-19,21:13:00,P03,Hawaiian,Classic,Large,1,20.0,20.0
16183,2024-03-15,12:27:00,P02,Pepperoni,Classic,Large,1,15.0,15.0
16184,2024-05-13,12:05:00,P15,Truffle Mushroom,Specialty,XL,1,28.5,28.5
16185,2024-07-07,17:08:00,P01,Margherita,Classic,Medium,1,8.0,8.0
16186,2024-07-24,12:30:00,P12,Paneer Tikka,Specialty,Medium,2,13.0,26.0
16187,2024-04-28,20:35:00,P12,Paneer Tikka,Specialty,Medium,1,13.0,13.0
16188,2024-12-31,14:41:00,P04,BBQ Chicken,Chicken,Medium,3,13.5,40.5
16189,2024-07-16,20:44:00,P02,Pepperoni,Classic,Large,3,15.0,45.0
16190,2024-04-29,11:51:00,P02,Pepperoni,Classic,Small,3,10.2,30.6
16191,2024-09-26,20:19:00,P10,Four Cheese,Cheese,Small,2,10.62,21.24
16192,2024-02-21,20:52:00,P09,Spinach Feta,Veggie,Medium,1,9.5,9.5
16193,2024-12-22,17:03:00,P12,Paneer Tikka,Specialty,Medium,1,13.0,13.0
16194,2024-10-26,15:22:00,P14,Mexican Green,Specialty,Large,1,12.5,12.5
16195,2024-04-29,18:57:00,P10,Four Cheese,Cheese,Medium,1,12.5,12.5
16196,2024-03-12,13:51:00,P02,Pepperoni,Classic,Large,2,15.0,30.0
16197,2024-08-21,20:46:00,P03,Hawaiian,Classic,Medium,4,16.0,64.0
16198,2024-09-17,12:14:00,P12,Paneer Tikka,Specialty,Small,1,11.05,11.05
16199,2024-01-02,18:07:00,P03,Hawaiian,Classic,Large,1,20.0,20.0
16200,2024-06-30,18:04:00,P01,Margherita,Classic,XL,1,12.0,12.0
16201,2024-10-12,21:09:00,P10,Four Cheese,Cheese,Small,1,10.62,10.62
16202,2024-08-12,17:18:00,P05,Chicken Supreme,Chicken,Medium,1,17.0,17.0
16203,2024-10-12,18:10:00,P14,Mexican Green,Specialty,Medium,1,10.0,10.0
16204,2024-02-18,12:00:00,P10,Four Cheese,Cheese,Small,2,10.62,21.24
16205,2024-05-24,15:12:00,P01,Margherita,Classic,Large,1,10.0,10.0
16206,2024-06-28,19:35:00,P14,Mexican Green,Specialty,Medium,3,10.0,30.0
16207,2024-04-20,12:14:00,P03,Hawaiian,Classic,Large,2,20.0,40.0
16208,2024-05-07,21:49:00,P04,BBQ Chicken,Chicken,Large,2,16.88,33.76
16209,2024-02-15,19:07:00,P05,Chicken Supreme,Chicken,Medium,1,17.0,17.0
16210,2024-04-04,19:28:00,P01,Margherita,Classic,Medium,2,8.0,16.0
16211,2024-05-11,11:27:00,P07,Veggie Garden,Veggie,Medium,2,11.5,23.0
16212,2024-10-07,17:31:00,P02,Pepperoni,Classic,Small,1,10.2,10.2
16213,2024-12-21,20:36:00,P05,Chicken Supreme,Chicken,Medium,1,17.0,17.0
16214,2024-05-05,19:37:00,P04,BBQ Chicken,Chicken,Medium,3,13.5,40.5
16215,2024-04-09,11:52:00,P11,Cheese Burst,Cheese,Large,1,20.62,20.62
16216,2024-01-27,10:06:00,P12,Paneer Tikka,Specialty,Medium,1,13.0,13.0
16217,2024-04-08,15:08:00,P02,Pepperoni,Classic,Large,1,15.0,15.0
16218,2024-07-05,13:53:00,P05,Chicken Supreme,Chicken,Medium,2,17.0,34.0
16219,2024-06-06,12:40:00,P05,Chicken Supreme,Chicken,Large,2,21.25,42.5
16220,2024-02-24,16:19:00,P02,Pepperoni,Classic,XL,1,18.0,18.0
16221,2024-01-06,20:42:00,P12,Paneer Tikka,Specialty,Medium,1,13.0,13.0
16222,2024-12-09,15:05:00,P10,Four Cheese,Cheese,Large,4,15.62,62.48
16223,2024-05-31,19:55:00,P02,Pepperoni,Classic,Medium,2,12.0,24.0
16224,2024-09-05,15:17:00,P05,Chicken Supreme,Chicken,Large,3,21.25,63.75
16225,2024-08-15,13:12:00,P02,Pepperoni,Classic,Large,1,15.0,15.0
16226,2024-04-29,14:51:00,P09,Spinach Feta,Veggie,Medium,1,9.5,9.5
16227,2024-05-04,12:49:00,P02,Pepperoni,Classic,Medium,1,12.0,12.0
16228,2024-07-30,20:16:00,P15,Truffle Mushroom,Specialty,Small,2,16.15,32.3
16229,2024-01-16,10:20:00,P11,Cheese Burst,Cheese,Medium,1,16.5,16.5
16230,2024-09-13,13:23:00,P05,Chicken Supreme,Chicken,XL,1,25.5,25.5
16231,2024-02-15,17:01:00,P08,Veggie Supreme,Veggie,Large,1,19.38,19.38
16232,2024-05-22,22:34:00,P13,Farmhouse,Specialty,Medium,1,17.5,17.5
16233,2024-11-13,22:18:00,P08,Veggie Supreme,Veggie,Large,2,19.38,38.76
16234,2024-11-16,22:46:00,P02,Pepperoni,Classic,Large,1,15.0,15.0
16235,2024-01-16,20:02:00,P05,Chicken Supreme,Chicken,Medium,2,17.0,34.0
16236,2024-04-13,15:30:00,P12,Paneer Tikka,Specialty,Small,3,11.05,33.15
16237,2024-05-12,19:27:00,P09,Spinach Feta,Veggie,Small,1,8.07,8.07
16238,2024-09-27,18:54:00,P10,Four Cheese,Cheese,Large,2,15.62,31.24
16239,2024-05-29,14:20:00,P13,Farmhouse,Specialty,Large,4,21.88,87.52
16240,2024-11-21,21:10:00,P13,Farmhouse,Specialty,Medium,3,17.5,52.5
16241,2024-04-09,13:43:00,P14,Mexican Green,Specialty,Medium,1,10.0,10.0
16242,2024-03-24,20:05:00,P02,Pepperoni,Classic,Large,1,15.0,15.0
16243,2024-02-02,18:29:00,P08,Veggie Supreme,Veggie,Large,1,19.38,19.38
16244,2024-02-03,14:15:00,P11,Cheese Burst,Cheese,Large,2,20.62,41.24
16245,2024-05-19,21:10:00,P11,Cheese Burst,Cheese,Medium,2,16.5,33.0
16246,2024-11-03,12:20:00,P09,Spinach Feta,Veggie,Medium,2,9.5,19.0
16247,2024-02-27,11:28:00,P02,Pepperoni,Classic,Medium,1,12.0,12.0
16248,2024-05-13,13:33:00,P12,Paneer Tikka,Specialty,Medium,1,13.0,13.0
16249,2024-07-18,14:09:00,P10,Four Cheese,Cheese,Large,1,15.62,15.62
16250,2024-07-26,11:55:00,P01,Margherita,Classic,Medium,1,8.0,8.0
16251,2024-12-04,16:01:00,P07,Veggie Garden,Veggie,Large,2,14.38,28.76
16252,2024-10-27,16:30:00,P02,Pepperoni,Classic,Medium,1,12.0,12.0
16253,2024-07-14,19:48:00,P04,BBQ Chicken,Chicken,Large,1,16.88,16.88
16254,2024-05-28,21:45:00,P01,Margherita,Classic,Medium,1,8.0,8.0
16255,2024-05-19,22:51:00,P05,Chicken Supreme,Chicken,Medium,1,17.0,17.0
16256,2024-03-21,11:52:00,P08,Veggie Supreme,Veggie,Medium,1,15.5,15.5
16257,2024-08-07,22:33:00,P09,Spinach Feta,Veggie,Small,1,8.07,8.07
16258,2024-02-28,10:05:00,P10,Four Cheese,Cheese,Large,1,15.62,15.62
16259,2024-09-24,22:12:00,P12,Paneer Tikka,Specialty,Medium,1,13.0,13.0
16260,2024-10-08,13:14:00,P03,Hawaiian,Classic,Medium,1,16.0,16.0
16261,2024-09-28,14:18:00,P02,Pepperoni,Classic,Large,2,15.0,30.0
16262,2024-06-23,19:31:00,P12,Paneer Tikka,Specialty,Large,1,16.25,16.25
16263,2024-11-21,13:05:00,P02,Pepperoni,Classic,Medium,2,12.0,24.0
16264,2024-07-07,14:58:00,P15,Truffle Mushroom,Specialty,Large,2,23.75,47.5
16265,2024-05-09,14:02:00,P12,Paneer Tikka,Specialty,Small,1,11.05,11.05
16266,2024-12-16,20:04:00,P07,Veggie Garden,Veggie,Small,3,9.78,29.34
16267,2024-06-26,19:26:00,P15,Truffle Mushroom,Specialty,Medium,1,19.0,19.0
16268,2024-01-24,15:24:00,P02,Pepperoni,Classic,Medium,2,12.0,24.0
16269,2024-01-03,20:03:00,P04,BBQ Chicken,Chicken,Medium,3,13.5,40.5
16270,2024-04-16,17:15:00,P09,Spinach Feta,Veggie,Medium,2,9.5,19.0
16271,2024-08-19,18:45:00,P04,BBQ Chicken,Chicken,Medium,1,13.5,13.5
16272,2024-03-12,17:15:00,P14,Mexican Green,Specialty,Large,1,12.5,12.5
16273,2024-03-31,11:59:00,P01,Margherita,Classic,Medium,1,8.0,8.0
16274,2024-01-20,12:19:00,P08,Veggie Supreme,Veggie,XL,1,23.25,23.25
16275,2024-03-24,12:56:00,P08,Veggie Supreme,Veggie,Large,2,19.38,38.76
16276,2024-05-05,12:17:00,P10,Four Cheese,Cheese,Medium,1,12.5,12.5
16277,2024-12-02,20:32:00,P03,Hawaiian,Classic,Medium,1,16.0,16.0
16278,2024-04-26,21:27:00,P05,Chicken Supreme,Chicken,Medium,2,17.0,34.0
16279,2024-12-10,13:20:00,P12,Paneer Tikka,Specialty,Large,1,16.25,16.25
16280,2024-05-20,15:28:00,P02,Pepperoni,Classic,Small,2,10.2,20.4
16281,2024-04-15,16:08:00,P12,Paneer Tikka,Specialty,Medium,2,13.0,26.0
16282,2024-01-29,15:00:00,P08,Veggie Supreme,Veggie,Large,1,19.38,19.38
16283,2024-02-25,11:31:00,P11,Cheese Burst,Cheese,Medium,2,16.5,33.0
16284,2024-08-02,16:57:00,P10,Four Cheese,Cheese,Medium,1,12.5,12.5
16285,2024-07-02,19:14:00,P03,Hawaiian,Classic,Medium,1,16.0,16.0
16286,2024-07-27,12:24:00,P08,Veggie Supreme,Veggie,Large,3,19.38,58.14
16287,2024-09-27,10:10:00,P13,Farmhouse,Specialty,Large,3,21.88,65.64
16288,2024-03-28,15:27:00,P06,Buffalo Chicken,Chicken,Medium,1,10.5,10.5
16289,2024-03-03,22:47:00,P15,Truffle Mushroom,Specialty,Medium,1,19.0,19.0
16290,2024-07-09,19:20:00,P06,Buffalo Chicken,Chicken,Large,1,13.12,13.12
16291,2024-07-22,15:26:00,P02,Pepperoni,Classic,Large,1,15.0,15.0
16292,2024-03-25,18:17:00,P05,Chicken Supreme,Chicken,Large,1,21.25,21.25
16293,2024-05-17,15:43:00,P14,Mexican Green,Specialty,Medium,1,10.0,10.0
16294,2024-12-05,12:27:00,P04,BBQ Chicken,Chicken,Large,1,16.88,16.88
16295,2024-08-16,11:50:00,P13,Farmhouse,Specialty,Medium,1,17.5,17.5
16296,2024-09-03,21:00:00,P13,Farmhouse,Specialty,Small,1,14.88,14.88
16297,2024-06-10,12:25:00,P04,BBQ Chicken,Chicken,Large,4,16.88,67.52
16298,2024-11-12,21:13:00,P01,Margherita,Classic,Medium,2,8.0,16.0
16299,2024-07-22,17:39:00,P10,Four Cheese,Cheese,Large,1,15.62,15.62
16300,2024-08-10,10:36:00,P04,BBQ Chicken,Chicken,Small,1,11.47,11.47
16301,2024-07-10,10:14:00,P12,Paneer Tikka,Specialty,Large,1,16.25,16.25
16302,2024-09-25,22:54:00,P06,Buffalo Chicken,Chicken,Medium,1,10.5,10.5
16303,2024-10-27,13:14:00,P07,Veggie Garden,Veggie,Large,1,14.38,14.38
16304,2024-04-13,21:55:00,P11,Cheese Burst,Cheese,Small,2,14.03,28.06
16305,2024-08-04,20:05:00,P05,Chicken Supreme,Chicken,Medium,1,17.0,17.0
16306,2024-02-08,14:22:00,P06,Buffalo Chicken,Chicken,Large,2,13.12,26.24
16307,2024-03-19,18:59:00,P05,Chicken Supreme,Chicken,Medium,1,17.0,17.0
16308,2024-04-03,21:42:00,P05,Chicken Supreme,Chicken,Medium,3,17.0,51.0
16309,2024-05-11,22:49:00,P07,Veggie Garden,Veggie,Medium,3,11.5,34.5
16310,2024-08-19,16:53:00,P12,Paneer Tikka,Specialty,Large,1,16.25,16.25
16311,2024-05-30,21:15:00,P05,Chicken Supreme,Chicken,Medium,1,17.0,17.0
16312,2024-11-05,19:15:00,P07,Veggie Garden,Veggie,Medium,1,11.5,11.5
16313,2024-05-14,16:44:00,P10,Four Cheese,Cheese,Medium,1,12.5,12.5
16314,2024-09-25,14:50:00,P03,Hawaiian,Classic,Large,2,20.0,40.0
16315,2024-08-08,16:19:00,P04,BBQ Chicken,Chicken,Medium,1,13.5,13.5
16316,2024-08-29,22:55:00,P14,Mexican Green,Specialty,Small,1,8.5,8.5
16317,2024-05-25,15:35:00,P10,Four Cheese,Cheese,Large,1,15.62,15.62
16318,2024-12-26,14:47:00,P08,Veggie Supreme,Veggie,Large,1,19.38,19.38
16319,2024-11-23,12:28:00,P10,Four Cheese,Cheese,Small,3,10.62,31.86
16320,2024-11-24,17:29:00,P01,Margherita,Classic,XL,1,12.0,12.0
16321,2024-11-27,21:55:00,P09,Spinach Feta,Veggie,Medium,2,9.5,19.0
16322,2024-04-15,14:48:00,P07,Veggie Garden,Veggie,Medium,1,11.5,11.5
16323,2024-02-12,19:12:00,P08,Veggie Supreme,Veggie,Medium,1,15.5,15.5
16324,2024-09-14,10:21:00,P05,Chicken Supreme,Chicken,Large,1,21.25,21.25
16325,2024-04-06,19:57:00,P01,Margherita,Classic,Medium,2,8.0,16.0
16326,2024-09-22,16:06:00,P02,Pepperoni,Classic,Medium,1,12.0,12.0
16327,2024-11-12,10:25:00,P14,Mexican Green,Specialty,Small,1,8.5,8.5
16328,2024-09-17,12:12:00,P05,Chicken Supreme,Chicken,Large,1,21.25,21.25
16329,2024-01-27,21:29:00,P07,Veggie Garden,Veggie,Medium,1,11.5,11.5
16330,2024-11-01,20:30:00,P01,Margherita,Classic,Medium,3,8.0,24.0
16331,2024-03-09,14:01:00,P01,Margherita,Classic,Medium,1,8.0,8.0
16332,2024-04-11,16:00:00,P10,Four Cheese,Cheese,Large,1,15.62,15.62
16333,2024-09-15,13:01:00,P08,Veggie Supreme,Veggie,Large,1,19.38,19.38
16334,2024-10-24,20:20:00,P07,Veggie Garden,Veggie,Medium,2,11.5,23.0
16335,2024-02-14,13:42:00,P03,Hawaiian,Classic,Large,1,20.0,20.0
16336,2024-06-26,20:32:00,P11,Cheese Burst,Cheese,Medium,2,16.5,33.0
16337,2024-01-24,11:19:00,P02,Pepperoni,Classic,Large,2,15.0,30.0
16338,2024-02-29,19:04:00,P02,Pepperoni,Classic,Small,1,10.2,10.2
16339,2024-06-02,18:49:00,P06,Buffalo Chicken,Chicken,Medium,1,10.5,10.5
16340,2024-12-07,16:21:00,P04,BBQ Chicken,Chicken,XL,1,20.25,20.25
16341,2024-03-15,20:59:00,P03,Hawaiian,Classic,XL,2,24.0,48.0
16342,2024-03-08,10:17:00,P09,Spinach Feta,Veggie,Medium,1,9.5,9.5
16343,2024-12-29,19:27:00,P10,Four Cheese,Cheese,Medium,1,12.5,12.5
16344,2024-02-11,21:21:00,P12,Paneer Tikka,Specialty,Small,2,11.05,22.1
16345,2024-03-02,12:06:00,P05,Chicken Supreme,Chicken,Large,1,21.25,21.25
16346,2024-01-20,20:06:00,P01,Margherita,Classic,Medium,1,8.0,8.0
16347,2024-11-22,22:59:00,P04,BBQ Chicken,Chicken,Medium,1,13.5,13.5
16348,2024-05-10,20:16:00,P15,Truffle Mushroom,Specialty,Small,1,16.15,16.15
16349,2024-12-05,11:52:00,P08,Veggie Supreme,Veggie,Large,1,19.38,19.38
16350,2024-06-09,21:22:00,P10,Four Cheese,Cheese,Medium,1,12.5,12.5
16351,2024-03-08,17:40:00,P01,Margherita,Classic,Medium,3,8.0,24.0
16352,2024-07-10,17:32:00,P07,Veggie Garden,Veggie,Medium,1,11.5,11.5
16353,2024-07-15,10:56:00,P01,Margherita,Classic,Medium,2,8.0,16.0
16354,2024-04-20,16:58:00,P08,Veggie Supreme,Veggie,Medium,2,15.5,31.0
16355,2024-02-02,18:32:00,P14,Mexican Green,Specialty,Large,1,12.5,12.5
16356,2024-01-29,21:38:00,P15,Truffle Mushroom,Specialty,Large,2,23.75,47.5
16357,2024-07-03,18:31:00,P08,Veggie Supreme,Veggie,Medium,1,15.5,15.5
16358,2024-12-22,21:28:00,P06,Buffalo Chicken,Chicken,Large,4,13.12,52.48
16359,2024-11-15,15:01:00,P14,Mexican Green,Specialty,Medium,3,10.0,30.0
16360,2024-04-23,19:08:00,P10,Four Cheese,Cheese,Medium,1,12.5,12.5
16361,2024-10-11,10:09:00,P01,Margherita,Classic,XL,1,12.0,12.0
16362,2024-05-03,21:45:00,P07,Veggie Garden,Veggie,Medium,1,11.5,11.5
16363,2024-02-22,16:11:00,P03,Hawaiian,Classic,Medium,1,16.0,16.0
16364,2024-11-09,15:53:00,P07,Veggie Garden,Veggie,XL,1,17.25,17.25
16365,2024-02-14,17:22:00,P06,Buffalo Chicken,Chicken,Small,1,8.92,8.92
16366,2024-04-26,19:33:00,P08,Veggie Supreme,Veggie,Large,2,19.38,38.76
16367,2024-06-18,15:15:00,P05,Chicken Supreme,Chicken,Large,1,21.25,21.25
16368,2024-11-25,14:51:00,P02,Pepperoni,Classic,Medium,2,12.0,24.0
16369,2024-03-14,20:20:00,P07,Veggie Garden,Veggie,Small,2,9.78,19.56
16370,2024-01-25,21:33:00,P12,Paneer Tikka,Specialty,Medium,1,13.0,13.0
16371,2024-02-23,20:24:00,P10,Four Cheese,Cheese,Small,2,10.62,21.24
16372,2024-11-11,19:31:00,P04,BBQ Chicken,Chicken,Medium,1,13.5,13.5
16373,2024-02-22,21:10:00,P14,Mexican Green,Specialty,Large,1,12.5,12.5
16374,2024-02-16,19:59:00,P13,Farmhouse,Specialty,Medium,1,17.5,17.5
16375,2024-02-05,14:55:00,P03,Hawaiian,Classic,Medium,1,16.0,16.0
16376,2024-08-12,19:35:00,P01,Margherita,Classic,Medium,1,8.0,8.0
16377,2024-09-25,19:50:00,P11,Cheese Burst,Cheese,Medium,3,16.5,49.5
16378,2024-12-22,20:57:00,P12,Paneer Tikka,Specialty,Large,3,16.25,48.75
16379,2024-11-16,14:29:00,P15,Truffle Mushroom,Specialty,Medium,2,19.0,38.0
16380,2024-04-26,11:44:00,P13,Farmhouse,Specialty,Large,2,21.88,43.76
16381,2024-12-22,17:57:00,P09,Spinach Feta,Veggie,Medium,1,9.5,9.5
16382,2024-02-08,21:33:00,P07,Veggie Garden,Veggie,Medium,1,11.5,11.5
16383,2024-04-18,15:15:00,P01,Margherita,Classic,Medium,2,8.0,16.0
16384,2024-12-27,22:58:00,P03,Hawaiian,Classic,Medium,1,16.0,16.0
16385,2024-11-26,10:14:00,P06,Buffalo Chicken,Chicken,Medium,1,10.5,10.5
16386,2024-04-21,19:09:00,P09,Spinach Feta,Veggie,Medium,1,9.5,9.5
16387,2024-11-18,20:10:00,P08,Veggie Supreme,Veggie,Large,1,19.38,19.38
16388,2024-09-28,15:29:00,P11,Cheese Burst,Cheese,Medium,1,16.5,16.5
16389,2024-06-17,10:59:00,P04,BBQ Chicken,Chicken,Large,2,16.88,33.76
16390,2024-02-07,11:56:00,P08,Veggie Supreme,Veggie,Small,1,13.17,13.17
16391,2024-08-24,11:59:00,P01,Margherita,Classic,Medium,1,8.0,8.0
16392,2024-01-19,21:33:00,P05,Chicken Supreme,Chicken,Small,1,14.45,14.45
16393,2024-04-09,13:09:00,P11,Cheese Burst,Cheese,Medium,1,16.5,16.5
16394,2024-01-17,17:15:00,P10,Four Cheese,Cheese,Large,3,15.62,46.86
16395,2024-03-25,21:07:00,P15,Truffle Mushroom,Specialty,Small,1,16.15,16.15
16396,2024-01-29,15:29:00,P04,BBQ Chicken,Chicken,Medium,1,13.5,13.5
16397,2024-07-12,16:57:00,P07,Veggie Garden,Veggie,Small,1,9.78,9.78
16398,2024-07-09,18:22:00,P04,BBQ Chicken,Chicken,Medium,1,13.5,13.5
16399,2024-09-28,13:42:00,P06,Buffalo Chicken,Chicken,Large,1,13.12,13.12
16400,2024-01-08,15:52:00,P13,Farmhouse,Specialty,Medium,1,17.5,17.5
16401,2024-07-10,20:50:00,P10,Four Cheese,Cheese,Large,4,15.62,62.48
16402,2024-09-05,13:59:00,P13,Farmhouse,Specialty,Medium,2,17.5,35.0
16403,2024-03-03,17:05:00,P03,Hawaiian,Classic,Large,1,20.0,20.0
16404,2024-04-16,10:01:00,P13,Farmhouse,Specialty,Large,1,21.88,21.88
16405,2024-01-16,15:54:00,P01,Margherita,Classic,Medium,1,8.0,8.0
16406,2024-02-28,18:50:00,P13,Farmhouse,Specialty,Medium,1,17.5,17.5
16407,2024-07-15,14:09:00,P04,BBQ Chicken,Chicken,Large,2,16.88,33.76
16408,2024-12-15,16:28:00,P04,BBQ Chicken,Chicken,Medium,3,13.5,40.5
16409,2024-07-12,13:58:00,P07,Veggie Garden,Veggie,Large,1,14.38,14.38
16410,2024-03-03,13:27:00,P14,Mexican Green,Specialty,Medium,2,10.0,20.0
16411,2024-11-23,19:34:00,P01,Margherita,Classic,Medium,1,8.0,8.0
16412,2024-05-09,18:27:00,P04,BBQ Chicken,Chicken,Large,1,16.88,16.88
16413,2024-03-15,13:08:00,P13,Farmhouse,Specialty,Medium,1,17.5,17.5
16414,2024-12-23,10:26:00,P05,Chicken Supreme,Chicken,Medium,1,17.0,17.0
16415,2024-11-18,16:08:00,P02,Pepperoni,Classic,Medium,3,12.0,36.0
16416,2024-06-16,21:20:00,P06,Buffalo Chicken,Chicken,Medium,1,10.5,10.5
16417,2024-12-13,22:23:00,P05,Chicken Supreme,Chicken,Large,1,21.25,21.25
16418,2024-12-03,12:55:00,P13,Farmhouse,Specialty,Large,3,21.88,65.64
16419,2024-03-13,19:23:00,P11,Cheese Burst,Cheese,Large,3,20.62,61.86
16420,2024-02-21,22:05:00,P07,Veggie Garden,Veggie,Medium,2,11.5,23.0
16421,2024-09-24,13:08:00,P15,Truffle Mushroom,Specialty,Medium,3,19.0,57.0
16422,2024-11-25,12:48:00,P07,Veggie Garden,Veggie,Large,1,14.38,14.38
16423,2024-10-11,16:25:00,P01,Margherita,Classic,Medium,2,8.0,16.0
16424,2024-09-20,20:12:00,P03,Hawaiian,Classic,Medium,2,16.0,32.0
16425,2024-10-17,12:45:00,P06,Buffalo Chicken,Chicken,Large,2,13.12,26.24
16426,2024-10-04,11:37:00,P02,Pepperoni,Classic,Medium,2,12.0,24.0
16427,2024-04-03,16:30:00,P14,Mexican Green,Specialty,Medium,1,10.0,10.0
16428,2024-06-17,18:48:00,P11,Cheese Burst,Cheese,Small,2,14.03,28.06
16429,2024-08-14,13:33:00,P03,Hawaiian,Classic,Small,1,13.6,13.6
16430,2024-07-11,19:29:00,P08,Veggie Supreme,Veggie,Small,1,13.17,13.17
16431,2024-08-11,12:09:00,P10,Four Cheese,Cheese,Large,1,15.62,15.62
16432,2024-11-24,10:46:00,P14,Mexican Green,Specialty,Medium,3,10.0,30.0
16433,2024-11-04,12:03:00,P13,Farmhouse,Specialty,Medium,1,17.5,17.5
16434,2024-11-19,10:31:00,P07,Veggie Garden,Veggie,Large,1,14.38,14.38
16435,2024-04-11,20:43:00,P11,Cheese Burst,Cheese,Medium,1,16.5,16.5
16436,2024-04-28,21:38:00,P08,Veggie Supreme,Veggie,Medium,3,15.5,46.5
16437,2024-07-08,12:52:00,P08,Veggie Supreme,Veggie,Medium,1,15.5,15.5
16438,2024-04-19,16:41:00,P02,Pepperoni,Classic,Large,2,15.0,30.0
16439,2024-06-13,19:33:00,P02,Pepperoni,Classic,Small,2,10.2,20.4
16440,2024-11-26,11:57:00,P07,Veggie Garden,Veggie,Small,1,9.78,9.78
16441,2024-04-29,14:42:00,P03,Hawaiian,Classic,Medium,1,16.0,16.0
16442,2024-12-09,12:01:00,P01,Margherita,Classic,Medium,2,8.0,16.0
16443,2024-04-13,22:40:00,P10,Four Cheese,Cheese,Medium,3,12.5,37.5
16444,2024-08-09,17:31:00,P01,Margherita,Classic,Large,2,10.0,20.0
16445,2024-12-27,11:09:00,P08,Veggie Supreme,Veggie,Medium,1,15.5,15.5
16446,2024-06-19,16:42:00,P08,Veggie Supreme,Veggie,Large,3,19.38,58.14
16447,2024-04-10,16:02:00,P15,Truffle Mushroom,Specialty,Small,1,16.15,16.15
16448,2024-08-31,16:33:00,P07,Veggie Garden,Veggie,Small,1,9.78,9.78
16449,2024-08-12,10:59:00,P01,Margherita,Classic,Medium,2,8.0,16.0
16450,2024-09-18,22:20:00,P08,Veggie Supreme,Veggie,Large,1,19.38,19.38
16451,2024-11-09,17:20:00,P12,Paneer Tikka,Specialty,Large,2,16.25,32.5
16452,2024-04-29,15:07:00,P15,Truffle Mushroom,Specialty,XL,1,28.5,28.5
16453,2024-03-17,11:57:00,P06,Buffalo Chicken,Chicken,Large,3,13.12,39.36
16454,2024-03-26,10:12:00,P04,BBQ Chicken,Chicken,Large,1,16.88,16.88
16455,2024-01-10,21:04:00,P13,Farmhouse,Specialty,Medium,1,17.5,17.5
16456,2024-05-27,22:57:00,P02,Pepperoni,Classic,Medium,2,12.0,24.0
16457,2024-06-13,19:02:00,P09,Spinach Feta,Veggie,Small,1,8.07,8.07
16458,2024-06-10,11:29:00,P05,Chicken Supreme,Chicken,Medium,1,17.0,17.0
16459,2024-07-14,11:31:00,P01,Margherita,Classic,Medium,4,8.0,32.0
16460,2024-03-25,19:40:00,P04,BBQ Chicken,Chicken,Medium,1,13.5,13.5
16461,2024-09-21,18:23:00,P03,Hawaiian,Classic,Medium,4,16.0,64.0
16462,2024-01-25,13:07:00,P10,Four Cheese,Cheese,Small,1,10.62,10.62
16463,2024-04-23,18:28:00,P14,Mexican Green,Specialty,Medium,1,10.0,10.0
16464,2024-03-29,20:34:00,P03,Hawaiian,Classic,Small,2,13.6,27.2
16465,2024-02-07,21:54:00,P12,Paneer Tikka,Specialty,XL,2,19.5,39.0
16466,2024-07-29,14:48:00,P01,Margherita,Classic,Small,1,6.8,6.8
16467,2024-06-27,21:55:00,P08,Veggie Supreme,Veggie,Medium,1,15.5,15.5
16468,2024-12-20,17:40:00,P01,Margherita,Classic,Large,2,10.0,20.0
16469,2024-01-23,15:39:00,P14,Mexican Green,Specialty,Medium,1,10.0,10.0
16470,2024-10-05,19:16:00,P11,Cheese Burst,Cheese,Small,1,14.03,14.03
16471,2024-12-20,12:35:00,P10,Four Cheese,Cheese,Medium,1,12.5,12.5
16472,2024-04-02,10:45:00,P12,Paneer Tikka,Specialty,Small,1,11.05,11.05
16473,2024-01-27,11:11:00,P10,Four Cheese,Cheese,Medium,1,12.5,12.5
16474,2024-04-10,20:53:00,P15,Truffle Mushroom,Specialty,Small,1,16.15,16.15
16475,2024-07-12,21:08:00,P10,Four Cheese,Cheese,Medium,1,12.5,12.5
16476,2024-01-09,13:54:00,P14,Mexican Green,Specialty,Large,1,12.5,12.5
16477,2024-11-07,16:22:00,P07,Veggie Garden,Veggie,Medium,1,11.5,11.5
16478,2024-09-30,19:31:00,P02,Pepperoni,Classic,Medium,2,12.0,24.0
16479,2024-04-20,18:10:00,P07,Veggie Garden,Veggie,Medium,1,11.5,11.5
16480,2024-09-04,10:10:00,P02,Pepperoni,Classic,Medium,2,12.0,24.0
16481,2024-06-09,14:49:00,P08,Veggie Supreme,Veggie,Large,2,19.38,38.76
16482,2024-07-11,19:59:00,P07,Veggie Garden,Veggie,Small,1,9.78,9.78
16483,2024-07-23,20:07:00,P09,Spinach Feta,Veggie,Large,1,11.88,11.88
16484,2024-06-04,22:51:00,P01,Margherita,Classic,Medium,1,8.0,8.0
16485,2024-03-02,14:11:00,P02,Pepperoni,Classic,Large,2,15.0,30.0
16486,2024-07-23,21:21:00,P07,Veggie Garden,Veggie,Medium,4,11.5,46.0
16487,2024-05-22,16:38:00,P14,Mexican Green,Specialty,Medium,1,10.0,10.0
16488,2024-06-27,12:06:00,P05,Chicken Supreme,Chicken,Large,2,21.25,42.5
16489,2024-05-19,11:57:00,P06,Buffalo Chicken,Chicken,Large,1,13.12,13.12
16490,2024-08-27,18:32:00,P10,Four Cheese,Cheese,Medium,1,12.5,12.5
16491,2024-09-24,11:26:00,P09,Spinach Feta,Veggie,XL,2,14.25,28.5
16492,2024-01-18,21:17:00,P04,BBQ Chicken,Chicken,Small,1,11.47,11.47
16493,2024-10-19,16:03:00,P05,Chicken Supreme,Chicken,Small,1,14.45,14.45
16494,2024-08-24,15:59:00,P03,Hawaiian,Classic,Medium,1,16.0,16.0
16495,2024-02-17,12:35:00,P15,Truffle Mushroom,Specialty,Large,2,23.75,47.5
16496,2024-03-24,13:59:00,P02,Pepperoni,Classic,XL,1,18.0,18.0
16497,2024-11-28,13:19:00,P05,Chicken Supreme,Chicken,Medium,3,17.0,51.0
16498,2024-11-05,18:41:00,P01,Margherita,Classic,Small,1,6.8,6.8
16499,2024-05-29,16:22:00,P03,Hawaiian,Classic,Medium,1,16.0,16.0
16500,2024-10-30,10:55:00,P11,Cheese Burst,Cheese,Medium,2,16.5,33.0
16501,2024-05-06,18:29:00,P03,Hawaiian,Classic,Medium,1,16.0,16.0
16502,2024-07-24,13:56:00,P01,Margherita,Classic,Medium,2,8.0,16.0
16503,2024-03-12,18:46:00,P07,Veggie Garden,Veggie,Small,1,9.78,9.78
16504,2024-03-02,15:56:00,P01,Margherita,Classic,Medium,1,8.0,8.0
16505,2024-08-30,12:07:00,P01,Margherita,Classic,Medium,1,8.0,8.0
16506,2024-05-03,15:24:00,P12,Paneer Tikka,Specialty,Large,3,16.25,48.75
16507,2024-09-11,18:39:00,P11,Cheese Burst,Cheese,Medium,1,16.5,16.5
16508,2024-08-19,10:15:00,P13,Farmhouse,Specialty,Medium,2,17.5,35.0
16509,2024-06-24,20:38:00,P12,Paneer Tikka,Specialty,Medium,1,13.0,13.0
16510,2024-05-22,10:56:00,P10,Four Cheese,Cheese,Medium,1,12.5,12.5
16511,2024-02-04,10:39:00,P01,Margherita,Classic,Small,1,6.8,6.8
16512,2024-05-25,16:36:00,P12,Paneer Tikka,Specialty,Large,3,16.25,48.75
16513,2024-04-20,16:09:00,P12,Paneer Tikka,Specialty,XL,2,19.5,39.0
16514,2024-06-04,16:33:00,P12,Paneer Tikka,Specialty,Large,2,16.25,32.5
16515,2024-09-30,16:50:00,P07,Veggie Garden,Veggie,Medium,1,11.5,11.5
16516,2024-05-27,16:01:00,P03,Hawaiian,Classic,Medium,1,16.0,16.0
16517,2024-06-26,18:58:00,P12,Paneer Tikka,Specialty,Medium,1,13.0,13.0
16518,2024-10-15,21:11:00,P10,Four Cheese,Cheese,Large,3,15.62,46.86
16519,2024-03-23,19:19:00,P15,Truffle Mushroom,Specialty,XL,1,28.5,28.5
16520,2024-08-10,12:40:00,P02,Pepperoni,Classic,Medium,1,12.0,12.0
16521,2024-04-19,20:12:00,P03,Hawaiian,Classic,Medium,1,16.0,16.0
16522,2024-02-08,20:24:00,P03,Hawaiian,Classic,Large,1,20.0,20.0
16523,2024-07-12,12:51:00,P12,Paneer Tikka,Specialty,Small,1,11.05,11.05
16524,2024-11-23,10:24:00,P02,Pepperoni,Classic,Large,2,15.0,30.0
16525,2024-05-20,17:45:00,P01,Margherita,Classic,Large,1,10.0,10.0
16526,2024-07-19,12:45:00,P15,Truffle Mushroom,Specialty,Small,2,16.15,32.3
16527,2024-12-21,10:46:00,P01,Margherita,Classic,XL,2,12.0,24.0
16528,2024-06-22,12:09:00,P12,Paneer Tikka,Specialty,XL,1,19.5,19.5
16529,2024-11-20,22:23:00,P05,Chicken Supreme,Chicken,Large,1,21.25,21.25
16530,2024-02-01,10:48:00,P12,Paneer Tikka,Specialty,Medium,1,13.0,13.0
16531,2024-07-13,18:40:00,P08,Veggie Supreme,Veggie,Medium,3,15.5,46.5
16532,2024-07-30,21:23:00,P13,Farmhouse,Specialty,Medium,1,17.5,17.5
16533,2024-10-16,13:47:00,P14,Mexican Green,Specialty,Medium,1,10.0,10.0
16534,2024-12-08,16:52:00,P01,Margherita,Classic,Medium,1,8.0,8.0
16535,2024-02-07,11:40:00,P01,Margherita,Classic,Medium,1,8.0,8.0
16536,2024-03-09,11:53:00,P03,Hawaiian,Classic,Large,1,20.0,20.0
16537,2024-11-04,11:28:00,P10,Four Cheese,Cheese,Small,1,10.62,10.62
16538,2024-03-14,19:54:00,P13,Farmhouse,Specialty,Medium,2,17.5,35.0
16539,2024-04-15,22:49:00,P06,Buffalo Chicken,Chicken,Small,2,8.92,17.84
16540,2024-09-28,16:29:00,P09,Spinach Feta,Veggie,Large,1,11.88,11.88
16541,2024-11-21,21:59:00,P02,Pepperoni,Classic,Medium,1,12.0,12.0
16542,2024-12-21,13:15:00,P12,Paneer Tikka,Specialty,Small,3,11.05,33.15
16543,2024-10-10,15:56:00,P15,Truffle Mushroom,Specialty,XL,1,28.5,28.5
16544,2024-06-02,15:53:00,P03,Hawaiian,Classic,Small,3,13.6,40.8
16545,2024-09-23,10:04:00,P07,Veggie Garden,Veggie,Medium,1,11.5,11.5
16546,2024-09-11,10:42:00,P01,Margherita,Classic,Large,2,10.0,20.0
16547,2024-04-14,19:35:00,P08,Veggie Supreme,Veggie,Large,1,19.38,19.38
16548,2024-03-06,18:05:00,P07,Veggie Garden,Veggie,Small,1,9.78,9.78
16549,2024-07-08,20:25:00,P02,Pepperoni,Classic,Large,2,15.0,30.0
16550,2024-08-14,22:11:00,P06,Buffalo Chicken,Chicken,Large,1,13.12,13.12
16551,2024-05-25,15:41:00,P04,BBQ Chicken,Chicken,Medium,1,13.5,13.5
16552,2024-09-18,21:27:00,P07,Veggie Garden,Veggie,Medium,1,11.5,11.5
16553,2024-12-10,14:58:00,P08,Veggie Supreme,Veggie,Small,2,13.17,26.34
16554,2024-04-17,18:44:00,P01,Margherita,Classic,Medium,1,8.0,8.0
16555,2024-01-02,10:08:00,P11,Cheese Burst,Cheese,Medium,2,16.5,33.0
16556,2024-03-30,16:50:00,P10,Four Cheese,Cheese,Large,1,15.62,15.62
16557,2024-11-14,21:05:00,P05,Chicken Supreme,Chicken,Medium,1,17.0,17.0
16558,2024-07-04,13:29:00,P01,Margherita,Classic,Large,2,10.0,20.0
16559,2024-02-26,11:29:00,P11,Cheese Burst,Cheese,Small,1,14.03,14.03
16560,2024-04-17,21:51:00,P14,Mexican Green,Specialty,Small,1,8.5,8.5
16561,2024-06-25,16:29:00,P03,Hawaiian,Classic,Small,1,13.6,13.6
16562,2024-06-28,14:11:00,P04,BBQ Chicken,Chicken,Small,1,11.47,11.47
16563,2024-09-29,11:27:00,P02,Pepperoni,Classic,Medium,1,12.0,12.0
16564,2024-12-19,22:48:00,P08,Veggie Supreme,Veggie,Large,1,19.38,19.38
16565,2024-10-31,15:49:00,P02,Pepperoni,Classic,Medium,1,12.0,12.0
16566,2024-03-07,14:15:00,P05,Chicken Supreme,Chicken,Medium,1,17.0,17.0
16567,2024-11-02,15:54:00,P10,Four Cheese,Cheese,Large,1,15.62,15.62
16568,2024-01-26,15:17:00,P08,Veggie Supreme,Veggie,Medium,1,15.5,15.5
16569,2024-08-20,11:05:00,P05,Chicken Supreme,Chicken,Medium,3,17.0,51.0
16570,2024-11-08,11:24:00,P06,Buffalo Chicken,Chicken,Medium,2,10.5,21.0
16571,2024-02-17,17:29:00,P08,Veggie Supreme,Veggie,Large,1,19.38,19.38
16572,2024-12-08,22:42:00,P01,Margherita,Classic,Small,1,6.8,6.8
16573,2024-03-12,19:55:00,P01,Margherita,Classic,Small,3,6.8,20.4
16574,2024-07-19,15:32:00,P13,Farmhouse,Specialty,Medium,1,17.5,17.5
16575,2024-04-06,22:06:00,P01,Margherita,Classic,Large,1,10.0,10.0
16576,2024-12-27,11:05:00,P10,Four Cheese,Cheese,Medium,2,12.5,25.0
16577,2024-10-27,14:20:00,P14,Mexican Green,Specialty,Large,1,12.5,12.5
16578,2024-08-05,21:53:00,P03,Hawaiian,Classic,Large,1,20.0,20.0
16579,2024-09-12,17:04:00,P05,Chicken Supreme,Chicken,Medium,3,17.0,51.0
16580,2024-09-20,14:09:00,P08,Veggie Supreme,Veggie,Large,2,19.38,38.76
16581,2024-09-27,15:55:00,P13,Farmhouse,Specialty,Large,1,21.88,21.88
16582,2024-02-24,12:40:00,P14,Mexican Green,Specialty,Medium,1,10.0,10.0
16583,2024-05-17,16:50:00,P11,Cheese Burst,Cheese,Medium,1,16.5,16.5
16584,2024-03-03,17:25:00,P01,Margherita,Classic,Medium,2,8.0,16.0
16585,2024-02-03,19:59:00,P10,Four Cheese,Cheese,Medium,1,12.5,12.5
16586,2024-07-15,13:42:00,P05,Chicken Supreme,Chicken,Large,1,21.25,21.25
16587,2024-09-08,19:32:00,P07,Veggie Garden,Veggie,Medium,3,11.5,34.5
16588,2024-12-21,15:30:00,P01,Margherita,Classic,Medium,1,8.0,8.0
16589,2024-10-20,11:24:00,P02,Pepperoni,Classic,Large,1,15.0,15.0
16590,2024-08-24,22:00:00,P12,Paneer Tikka,Specialty,Medium,1,13.0,13.0
16591,2024-04-09,13:49:00,P06,Buffalo Chicken,Chicken,Medium,1,10.5,10.5
16592,2024-06-03,11:49:00,P04,BBQ Chicken,Chicken,Large,1,16.88,16.88
16593,2024-08-26,11:14:00,P05,Chicken Supreme,Chicken,Medium,3,17.0,51.0
16594,2024-01-17,22:04:00,P12,Paneer Tikka,Specialty,Large,3,16.25,48.75
16595,2024-01-11,13:33:00,P11,Cheese Burst,Cheese,Small,1,14.03,14.03
16596,2024-03-21,10:49:00,P03,Hawaiian,Classic,Small,1,13.6,13.6
16597,2024-10-31,18:30:00,P02,Pepperoni,Classic,Medium,1,12.0,12.0
16598,2024-09-30,12:24:00,P03,Hawaiian,Classic,Medium,1,16.0,16.0
16599,2024-09-17,22:55:00,P14,Mexican Green,Specialty,XL,1,15.0,15.0
16600,2024-08-02,15:44:00,P08,Veggie Supreme,Veggie,XL,3,23.25,69.75
16601,2024-07-28,22:35:00,P07,Veggie Garden,Veggie,Large,1,14.38,14.38
16602,2024-05-16,16:02:00,P08,Veggie Supreme,Veggie,Medium,1,15.5,15.5
16603,2024-03-26,17:55:00,P05,Chicken Supreme,Chicken,XL,1,25.5,25.5
16604,2024-08-24,17:57:00,P12,Paneer Tikka,Specialty,Large,1,16.25,16.25
16605,2024-06-07,15:10:00,P07,Veggie Garden,Veggie,Medium,1,11.5,11.5
16606,2024-02-11,20:02:00,P02,Pepperoni,Classic,Large,1,15.0,15.0
16607,2024-07-03,12:59:00,P02,Pepperoni,Classic,Small,1,10.2,10.2
16608,2024-02-29,13:31:00,P08,Veggie Supreme,Veggie,Small,2,13.17,26.34
16609,2024-01-26,10:01:00,P14,Mexican Green,Specialty,Large,1,12.5,12.5
16610,2024-03-10,22:13:00,P04,BBQ Chicken,Chicken,Medium,1,13.5,13.5
16611,2024-08-12,21:24:00,P13,Farmhouse,Specialty,Medium,1,17.5,17.5
16612,2024-02-09,11:45:00,P11,Cheese Burst,Cheese,Medium,3,16.5,49.5
16613,2024-04-07,17:11:00,P03,Hawaiian,Classic,Large,1,20.0,20.0
16614,2024-01-24,10:52:00,P01,Margherita,Classic,Medium,1,8.0,8.0
16615,2024-06-19,11:16:00,P02,Pepperoni,Classic,Medium,1,12.0,12.0
16616,2024-10-29,22:34:00,P11,Cheese Burst,Cheese,Small,2,14.03,28.06
16617,2024-07-23,19:08:00,P02,Pepperoni,Classic,Medium,1,12.0,12.0
16618,2024-09-22,10:58:00,P05,Chicken Supreme,Chicken,XL,1,25.5,25.5
16619,2024-04-07,18:45:00,P07,Veggie Garden,Veggie,Medium,1,11.5,11.5
16620,2024-09-22,19:18:00,P10,Four Cheese,Cheese,Medium,1,12.5,12.5
16621,2024-08-19,22:40:00,P02,Pepperoni,Classic,Medium,1,12.0,12.0
16622,2024-06-26,18:03:00,P05,Chicken Supreme,Chicken,Large,1,21.25,21.25
16623,2024-12-25,14:28:00,P07,Veggie Garden,Veggie,Medium,2,11.5,23.0
16624,2024-08-17,13:04:00,P08,Veggie Supreme,Veggie,Large,1,19.38,19.38
16625,2024-11-11,10:27:00,P12,Paneer Tikka,Specialty,Medium,1,13.0,13.0
16626,2024-12-04,13:00:00,P02,Pepperoni,Classic,Small,1,10.2,10.2
16627,2024-01-29,12:35:00,P12,Paneer Tikka,Specialty,Large,1,16.25,16.25
16628,2024-06-08,18:18:00,P10,Four Cheese,Cheese,Large,1,15.62,15.62
16629,2024-10-23,18:16:00,P08,Veggie Supreme,Veggie,Large,3,19.38,58.14
16630,2024-06-23,17:57:00,P10,Four Cheese,Cheese,Large,4,15.62,62.48
16631,2024-04-18,10:01:00,P05,Chicken Supreme,Chicken,Large,1,21.25,21.25
16632,2024-01-10,20:52:00,P02,Pepperoni,Classic,Large,1,15.0,15.0
16633,2024-11-14,20:13:00,P10,Four Cheese,Cheese,Large,1,15.62,15.62
16634,2024-04-05,21:28:00,P07,Veggie Garden,Veggie,Medium,2,11.5,23.0
16635,2024-04-11,11:25:00,P09,Spinach Feta,Veggie,Small,2,8.07,16.14
16636,2024-10-21,21:27:00,P04,BBQ Chicken,Chicken,Medium,2,13.5,27.0
16637,2024-05-24,14:43:00,P13,Farmhouse,Specialty,XL,2,26.25,52.5
16638,2024-07-29,20:49:00,P08,Veggie Supreme,Veggie,Medium,1,15.5,15.5
16639,2024-03-16,12:57:00,P01,Margherita,Classic,Large,1,10.0,10.0
16640,2024-06-23,20:33:00,P06,Buffalo Chicken,Chicken,Small,2,8.92,17.84
16641,2024-01-18,12:17:00,P11,Cheese Burst,Cheese,Medium,1,16.5,16.5
16642,2024-08-25,15:33:00,P12,Paneer Tikka,Specialty,Medium,1,13.0,13.0
16643,2024-07-18,19:19:00,P07,Veggie Garden,Veggie,Small,2,9.78,19.56
16644,2024-02-12,11:26:00,P13,Farmhouse,Specialty,Small,1,14.88,14.88
16645,2024-10-30,14:06:00,P03,Hawaiian,Classic,Medium,2,16.0,32.0
16646,2024-08-03,21:15:00,P05,Chicken Supreme,Chicken,Large,1,21.25,21.25
16647,2024-05-05,16:06:00,P13,Farmhouse,Specialty,Small,2,14.88,29.76
16648,2024-04-17,21:19:00,P13,Farmhouse,Specialty,Medium,2,17.5,35.0
16649,2024-12-18,16:05:00,P10,Four Cheese,Cheese,Small,1,10.62,10.62
16650,2024-02-09,20:12:00,P13,Farmhouse,Specialty,Large,2,21.88,43.76
16651,2024-03-09,17:09:00,P01,Margherita,Classic,Medium,1,8.0,8.0
16652,2024-07-05,17:31:00,P13,Farmhouse,Specialty,Medium,1,17.5,17.5
16653,2024-08-28,12:43:00,P04,BBQ Chicken,Chicken,Medium,1,13.5,13.5
16654,2024-07-22,20:53:00,P02,Pepperoni,Classic,Medium,1,12.0,12.0
16655,2024-11-12,13:07:00,P03,Hawaiian,Classic,Large,1,20.0,20.0
16656,2024-08-09,10:11:00,P05,Chicken Supreme,Chicken,Large,4,21.25,85.0
16657,2024-01-05,13:59:00,P03,Hawaiian,Classic,Small,1,13.6,13.6
16658,2024-05-24,19:21:00,P04,BBQ Chicken,Chicken,Medium,1,13.5,13.5
16659,2024-06-07,19:12:00,P02,Pepperoni,Classic,Medium,1,12.0,12.0
16660,2024-11-14,20:04:00,P04,BBQ Chicken,Chicken,Small,1,11.47,11.47
16661,2024-07-10,15:03:00,P08,Veggie Supreme,Veggie,Large,2,19.38,38.76
16662,2024-02-01,19:09:00,P06,Buffalo Chicken,Chicken,Medium,1,10.5,10.5
16663,2024-04-17,15:54:00,P04,BBQ Chicken,Chicken,Medium,1,13.5,13.5
16664,2024-12-03,16:22:00,P11,Cheese Burst,Cheese,Medium,2,16.5,33.0
16665,2024-12-03,12:02:00,P13,Farmhouse,Specialty,XL,1,26.25,26.25
16666,2024-11-16,10:41:00,P11,Cheese Burst,Cheese,Large,3,20.62,61.86
16667,2024-07-16,18:56:00,P04,BBQ Chicken,Chicken,Large,1,16.88,16.88
16668,2024-11-29,10:27:00,P11,Cheese Burst,Cheese,Medium,1,16.5,16.5
16669,2024-10-21,15:35:00,P02,Pepperoni,Classic,Medium,3,12.0,36.0
16670,2024-01-11,12:40:00,P02,Pepperoni,Classic,Medium,2,12.0,24.0
16671,2024-04-26,17:51:00,P04,BBQ Chicken,Chicken,Small,1,11.47,11.47
16672,2024-03-04,15:37:00,P12,Paneer Tikka,Specialty,Medium,1,13.0,13.0
16673,2024-03-23,11:42:00,P03,Hawaiian,Classic,Medium,1,16.0,16.0
16674,2024-08-04,11:40:00,P01,Margherita,Classic,Medium,1,8.0,8.0
16675,2024-02-29,20:45:00,P02,Pepperoni,Classic,Large,4,15.0,60.0
16676,2024-02-09,20:44:00,P13,Farmhouse,Specialty,Small,1,14.88,14.88
16677,2024-10-24,16:43:00,P09,Spinach Feta,Veggie,Medium,1,9.5,9.5
16678,2024-05-10,11:10:00,P03,Hawaiian,Classic,Small,3,13.6,40.8
16679,2024-10-06,11:23:00,P08,Veggie Supreme,Veggie,Medium,1,15.5,15.5
16680,2024-01-21,18:03:00,P07,Veggie Garden,Veggie,Small,1,9.78,9.78
16681,2024-08-19,22:42:00,P10,Four Cheese,Cheese,Medium,3,12.5,37.5
16682,2024-01-23,21:23:00,P03,Hawaiian,Classic,Medium,2,16.0,32.0
16683,2024-10-03,11:22:00,P13,Farmhouse,Specialty,Medium,2,17.5,35.0
16684,2024-06-27,22:57:00,P04,BBQ Chicken,Chicken,Medium,1,13.5,13.5
16685,2024-01-26,19:27:00,P10,Four Cheese,Cheese,Medium,2,12.5,25.0
16686,2024-02-28,19:44:00,P01,Margherita,Classic,Medium,1,8.0,8.0
16687,2024-08-11,13:57:00,P05,Chicken Supreme,Chicken,Medium,1,17.0,17.0
16688,2024-03-17,20:22:00,P04,BBQ Chicken,Chicken,Medium,4,13.5,54.0
16689,2024-09-06,21:32:00,P08,Veggie Supreme,Veggie,Large,1,19.38,19.38
16690,2024-12-23,22:31:00,P01,Margherita,Classic,Medium,2,8.0,16.0
16691,2024-02-23,17:01:00,P12,Paneer Tikka,Specialty,Medium,1,13.0,13.0
16692,2024-08-29,10:50:00,P03,Hawaiian,Classic,Large,1,20.0,20.0
16693,2024-10-14,17:54:00,P10,Four Cheese,Cheese,Large,2,15.62,31.24
16694,2024-10-23,17:07:00,P12,Paneer Tikka,Specialty,XL,1,19.5,19.5
16695,2024-08-22,11:48:00,P08,Veggie Supreme,Veggie,Large,2,19.38,38.76
16696,2024-09-03,15:54:00,P11,Cheese Burst,Cheese,Medium,1,16.5,16.5
16697,2024-11-07,11:00:00,P10,Four Cheese,Cheese,Medium,3,12.5,37.5
16698,2024-01-10,17:15:00,P05,Chicken Supreme,Chicken,Large,1,21.25,21.25
16699,2024-08-03,17:47:00,P12,Paneer Tikka,Specialty,XL,1,19.5,19.5
16700,2024-01-14,19:38:00,P04,BBQ Chicken,Chicken,Medium,1,13.5,13.5
16701,2024-01-18,13:40:00,P08,Veggie Supreme,Veggie,Large,3,19.38,58.14
16702,2024-02-25,13:23:00,P11,Cheese Burst,Cheese,Medium,2,16.5,33.0
16703,2024-03-30,22:47:00,P05,Chicken Supreme,Chicken,Medium,2,17.0,34.0
16704,2024-01-22,20:40:00,P04,BBQ Chicken,Chicken,Large,1,16.88,16.88
16705,2024-09-02,20:51:00,P06,Buffalo Chicken,Chicken,Large,1,13.12,13.12
16706,2024-03-07,14:57:00,P12,Paneer Tikka,Specialty,XL,1,19.5,19.5
16707,2024-11-26,17:30:00,P14,Mexican Green,Specialty,Large,1,12.5,12.5
16708,2024-05-02,19:05:00,P08,Veggie Supreme,Veggie,Medium,1,15.5,15.5
16709,2024-12-02,15:06:00,P10,Four Cheese,Cheese,Medium,4,12.5,50.0
16710,2024-08-11,22:05:00,P13,Farmhouse,Specialty,Large,2,21.88,43.76
16711,2024-04-30,22:41:00,P02,Pepperoni,Classic,Medium,1,12.0,12.0
16712,2024-01-26,13:36:00,P03,Hawaiian,Classic,Medium,1,16.0,16.0
16713,2024-10-03,12:27:00,P10,Four Cheese,Cheese,Medium,2,12.5,25.0
16714,2024-07-28,17:31:00,P12,Paneer Tikka,Specialty,Medium,1,13.0,13.0
16715,2024-12-24,14:32:00,P13,Farmhouse,Specialty,Small,1,14.88,14.88
16716,2024-10-08,10:55:00,P05,Chicken Supreme,Chicken,Large,1,21.25,21.25
16717,2024-04-25,22:19:00,P01,Margherita,Classic,Small,1,6.8,6.8
16718,2024-01-30,18:49:00,P06,Buffalo Chicken,Chicken,Medium,2,10.5,21.0
16719,2024-01-05,15:05:00,P03,Hawaiian,Classic,Large,1,20.0,20.0
16720,2024-04-15,21:50:00,P04,BBQ Chicken,Chicken,Medium,1,13.5,13.5
16721,2024-11-21,19:41:00,P11,Cheese Burst,Cheese,Large,1,20.62,20.62
16722,2024-07-31,21:55:00,P01,Margherita,Classic,Medium,2,8.0,16.0
16723,2024-05-11,22:57:00,P12,Paneer Tikka,Specialty,XL,1,19.5,19.5
16724,2024-07-20,12:05:00,P06,Buffalo Chicken,Chicken,Medium,1,10.5,10.5
16725,2024-03-30,18:45:00,P08,Veggie Supreme,Veggie,Small,3,13.17,39.51
16726,2024-11-07,19:39:00,P01,Margherita,Classic,Large,3,10.0,30.0
16727,2024-03-07,10:18:00,P04,BBQ Chicken,Chicken,Large,4,16.88,67.52
16728,2024-03-02,12:45:00,P01,Margherita,Classic,Medium,2,8.0,16.0
16729,2024-05-13,22:18:00,P14,Mexican Green,Specialty,XL,1,15.0,15.0
16730,2024-04-23,21:14:00,P12,Paneer Tikka,Specialty,Medium,1,13.0,13.0
16731,2024-02-26,15:20:00,P06,Buffalo Chicken,Chicken,XL,1,15.75,15.75
16732,2024-02-20,16:22:00,P03,Hawaiian,Classic,Medium,1,16.0,16.0
16733,2024-10-02,19:49:00,P14,Mexican Green,Specialty,Medium,3,10.0,30.0
16734,2024-09-14,22:31:00,P04,BBQ Chicken,Chicken,Medium,2,13.5,27.0
16735,2024-12-13,17:03:00,P02,Pepperoni,Classic,Medium,2,12.0,24.0
16736,2024-09-19,12:24:00,P08,Veggie Supreme,Veggie,Medium,1,15.5,15.5
16737,2024-09-06,18:22:00,P14,Mexican Green,Specialty,Medium,3,10.0,30.0
16738,2024-08-02,10:25:00,P01,Margherita,Classic,Small,2,6.8,13.6
16739,2024-11-15,11:23:00,P03,Hawaiian,Classic,Medium,1,16.0,16.0
16740,2024-12-12,22:01:00,P14,Mexican Green,Specialty,Medium,3,10.0,30.0
16741,2024-01-01,20:23:00,P02,Pepperoni,Classic,Large,1,15.0,15.0
16742,2024-06-12,20:25:00,P02,Pepperoni,Classic,Medium,1,12.0,12.0
16743,2024-09-18,19:28:00,P08,Veggie Supreme,Veggie,Large,2,19.38,38.76
16744,2024-02-12,19:00:00,P13,Farmhouse,Specialty,XL,2,26.25,52.5
16745,2024-09-21,20:06:00,P07,Veggie Garden,Veggie,Medium,1,11.5,11.5
16746,2024-09-15,22:08:00,P15,Truffle Mushroom,Specialty,XL,1,28.5,28.5
16747,2024-05-09,21:09:00,P10,Four Cheese,Cheese,Medium,4,12.5,50.0
16748,2024-03-21,10:57:00,P01,Margherita,Classic,Medium,2,8.0,16.0
16749,2024-05-25,15:37:00,P15,Truffle Mushroom,Specialty,Medium,2,19.0,38.0
16750,2024-02-11,13:39:00,P05,Chicken Supreme,Chicken,Medium,1,17.0,17.0
16751,2024-09-16,12:03:00,P04,BBQ Chicken,Chicken,Large,1,16.88,16.88
16752,2024-03-05,18:42:00,P08,Veggie Supreme,Veggie,Medium,1,15.5,15.5
16753,2024-08-10,14:54:00,P04,BBQ Chicken,Chicken,Medium,1,13.5,13.5
16754,2024-05-28,22:57:00,P01,Margherita,Classic,Large,1,10.0,10.0
16755,2024-04-25,16:04:00,P01,Margherita,Classic,Medium,1,8.0,8.0
16756,2024-11-15,11:50:00,P06,Buffalo Chicken,Chicken,Small,1,8.92,8.92
16757,2024-03-19,16:36:00,P12,Paneer Tikka,Specialty,Medium,1,13.0,13.0
16758,2024-04-28,19:08:00,P08,Veggie Supreme,Veggie,Large,2,19.38,38.76
16759,2024-10-05,15:59:00,P15,Truffle Mushroom,Specialty,Large,1,23.75,23.75
16760,2024-02-14,10:15:00,P04,BBQ Chicken,Chicken,Medium,1,13.5,13.5
16761,2024-07-30,17:48:00,P04,BBQ Chicken,Chicken,Medium,1,13.5,13.5
16762,2024-04-11,11:30:00,P02,Pepperoni,Classic,Small,1,10.2,10.2
16763,2024-12-30,18:07:00,P02,Pepperoni,Classic,Medium,1,12.0,12.0
16764,2024-01-25,18:12:00,P04,BBQ Chicken,Chicken,Large,4,16.88,67.52
16765,2024-02-19,18:33:00,P12,Paneer Tikka,Specialty,Medium,2,13.0,26.0
16766,2024-04-09,11:16:00,P13,Farmhouse,Specialty,Medium,1,17.5,17.5
16767,2024-01-12,22:10:00,P15,Truffle Mushroom,Specialty,Large,1,23.75,23.75
16768,2024-06-18,16:27:00,P03,Hawaiian,Classic,Large,1,20.0,20.0
16769,2024-06-27,17:52:00,P13,Farmhouse,Specialty,Medium,2,17.5,35.0
16770,2024-09-21,14:02:00,P04,BBQ Chicken,Chicken,Small,1,11.47,11.47
16771,2024-04-27,17:17:00,P02,Pepperoni,Classic,Small,1,10.2,10.2
16772,2024-07-05,12:54:00,P13,Farmhouse,Specialty,Small,2,14.88,29.76
16773,2024-10-25,21:36:00,P09,Spinach Feta,Veggie,Medium,2,9.5,19.0
16774,2024-08-04,16:45:00,P02,Pepperoni,Classic,Small,2,10.2,20.4
16775,2024-10-11,12:01:00,P06,Buffalo Chicken,Chicken,Large,3,13.12,39.36
16776,2024-03-30,18:56:00,P04,BBQ Chicken,Chicken,XL,3,20.25,60.75
16777,2024-10-24,12:48:00,P11,Cheese Burst,Cheese,Medium,1,16.5,16.5
16778,2024-07-03,16:17:00,P06,Buffalo Chicken,Chicken,Medium,1,10.5,10.5
16779,2024-07-16,20:40:00,P15,Truffle Mushroom,Specialty,Large,2,23.75,47.5
16780,2024-08-19,20:59:00,P01,Margherita,Classic,Large,2,10.0,20.0
16781,2024-04-27,15:55:00,P05,Chicken Supreme,Chicken,Large,4,21.25,85.0
16782,2024-05-31,10:30:00,P07,Veggie Garden,Veggie,Small,1,9.78,9.78
16783,2024-06-10,15:23:00,P07,Veggie Garden,Veggie,Small,1,9.78,9.78
16784,2024-11-14,13:27:00,P04,BBQ Chicken,Chicken,Large,1,16.88,16.88
16785,2024-12-05,22:17:00,P11,Cheese Burst,Cheese,Large,1,20.62,20.62
16786,2024-02-11,10:09:00,P13,Farmhouse,Specialty,Small,1,14.88,14.88
16787,2024-01-25,22:46:00,P14,Mexican Green,Specialty,Medium,2,10.0,20.0
16788,2024-08-29,19:44:00,P12,Paneer Tikka,Specialty,Large,1,16.25,16.25
16789,2024-10-13,11:25:00,P12,Paneer Tikka,Specialty,Medium,2,13.0,26.0
16790,2024-04-24,10:51:00,P08,Veggie Supreme,Veggie,Large,2,19.38,38.76
16791,2024-07-30,20:21:00,P12,Paneer Tikka,Specialty,Small,1,11.05,11.05
16792,2024-05-12,21:20:00,P04,BBQ Chicken,Chicken,Large,1,16.88,16.88
16793,2024-09-21,22:26:00,P05,Chicken Supreme,Chicken,Medium,2,17.0,34.0
16794,2024-05-24,17:23:00,P04,BBQ Chicken,Chicken,Medium,2,13.5,27.0
16795,2024-06-03,17:43:00,P07,Veggie Garden,Veggie,Large,3,14.38,43.14
16796,2024-11-13,22:18:00,P04,BBQ Chicken,Chicken,Large,2,16.88,33.76
16797,2024-11-25,17:33:00,P14,Mexican Green,Specialty,Large,3,12.5,37.5
16798,2024-11-11,17:30:00,P04,BBQ Chicken,Chicken,Medium,1,13.5,13.5
16799,2024-08-20,22:30:00,P02,Pepperoni,Classic,Large,3,15.0,45.0
16800,2024-03-30,22:56:00,P07,Veggie Garden,Veggie,Medium,2,11.5,23.0
16801,2024-08-27,19:53:00,P01,Margherita,Classic,Medium,3,8.0,24.0
16802,2024-09-13,17:08:00,P02,Pepperoni,Classic,Large,1,15.0,15.0
16803,2024-12-09,22:48:00,P03,Hawaiian,Classic,Small,3,13.6,40.8
16804,2024-11-11,15:56:00,P07,Veggie Garden,Veggie,Medium,1,11.5,11.5
16805,2024-07-19,16:22:00,P06,Buffalo Chicken,Chicken,Medium,2,10.5,21.0
16806,2024-07-30,16:41:00,P12,Paneer Tikka,Specialty,Small,1,11.05,11.05
16807,2024-06-03,19:04:00,P11,Cheese Burst,Cheese,Large,1,20.62,20.62
16808,2024-12-02,11:08:00,P06,Buffalo Chicken,Chicken,Medium,1,10.5,10.5
16809,2024-09-22,20:43:00,P04,BBQ Chicken,Chicken,Medium,1,13.5,13.5
16810,2024-07-12,18:02:00,P04,BBQ Chicken,Chicken,Large,1,16.88,16.88
16811,2024-03-11,21:08:00,P11,Cheese Burst,Cheese,Medium,2,16.5,33.0
16812,2024-01-11,22:53:00,P01,Margherita,Classic,Medium,1,8.0,8.0
16813,2024-07-26,16:28:00,P01,Margherita,Classic,Small,1,6.8,6.8
16814,2024-05-20,12:10:00,P12,Paneer Tikka,Specialty,Medium,1,13.0,13.0
16815,2024-10-17,17:06:00,P07,Veggie Garden,Veggie,Small,1,9.78,9.78
16816,2024-03-09,15:56:00,P02,Pepperoni,Classic,Large,1,15.0,15.0
16817,2024-05-03,12:29:00,P03,Hawaiian,Classic,Medium,1,16.0,16.0
16818,2024-01-11,15:26:00,P14,Mexican Green,Specialty,Medium,1,10.0,10.0
16819,2024-09-04,14:13:00,P13,Farmhouse,Specialty,Medium,2,17.5,35.0
16820,2024-10-31,12:28:00,P10,Four Cheese,Cheese,Medium,1,12.5,12.5
16821,2024-03-28,13:40:00,P07,Veggie Garden,Veggie,Large,1,14.38,14.38
16822,2024-12-30,15:09:00,P07,Veggie Garden,Veggie,Small,1,9.78,9.78
16823,2024-03-24,13:25:00,P15,Truffle Mushroom,Specialty,Large,4,23.75,95.0
16824,2024-12-06,22:22:00,P15,Truffle Mushroom,Specialty,Medium,1,19.0,19.0
16825,2024-06-22,21:54:00,P03,Hawaiian,Classic,Medium,1,16.0,16.0
16826,2024-05-20,19:06:00,P12,Paneer Tikka,Specialty,Medium,1,13.0,13.0
16827,2024-11-12,18:01:00,P02,Pepperoni,Classic,XL,1,18.0,18.0
16828,2024-08-19,19:39:00,P03,Hawaiian,Classic,Medium,1,16.0,16.0
16829,2024-03-09,17:41:00,P10,Four Cheese,Cheese,Medium,1,12.5,12.5
16830,2024-06-15,13:51:00,P05,Chicken Supreme,Chicken,XL,1,25.5,25.5
16831,2024-05-18,17:21:00,P14,Mexican Green,Specialty,Large,1,12.5,12.5
16832,2024-07-26,19:37:00,P01,Margherita,Classic,Medium,1,8.0,8.0
16833,2024-10-24,19:24:00,P07,Veggie Garden,Veggie,XL,2,17.25,34.5
16834,2024-05-02,12:03:00,P14,Mexican Green,Specialty,Large,4,12.5,50.0
16835,2024-09-15,10:13:00,P13,Farmhouse,Specialty,Medium,1,17.5,17.5
16836,2024-09-22,15:30:00,P02,Pepperoni,Classic,Medium,2,12.0,24.0
16837,2024-01-31,18:52:00,P05,Chicken Supreme,Chicken,Medium,3,17.0,51.0
16838,2024-07-22,21:59:00,P09,Spinach Feta,Veggie,Medium,2,9.5,19.0
16839,2024-08-25,19:01:00,P02,Pepperoni,Classic,Large,1,15.0,15.0
16840,2024-08-21,13:31:00,P15,Truffle Mushroom,Specialty,Medium,2,19.0,38.0
16841,2024-08-07,15:29:00,P13,Farmhouse,Specialty,Small,1,14.88,14.88
16842,2024-11-12,22:54:00,P02,Pepperoni,Classic,Large,1,15.0,15.0
16843,2024-12-31,13:09:00,P02,Pepperoni,Classic,Medium,1,12.0,12.0
16844,2024-07-20,14:28:00,P01,Margherita,Classic,XL,1,12.0,12.0
16845,2024-04-09,21:57:00,P13,Farmhouse,Specialty,XL,1,26.25,26.25
16846,2024-11-10,16:01:00,P02,Pepperoni,Classic,Large,1,15.0,15.0
16847,2024-09-26,19:59:00,P05,Chicken Supreme,Chicken,Large,2,21.25,42.5
16848,2024-06-24,12:58:00,P06,Buffalo Chicken,Chicken,Medium,1,10.5,10.5
16849,2024-11-23,16:59:00,P08,Veggie Supreme,Veggie,Medium,1,15.5,15.5
16850,2024-10-03,12:14:00,P01,Margherita,Classic,Medium,1,8.0,8.0
16851,2024-01-20,19:41:00,P03,Hawaiian,Classic,Medium,1,16.0,16.0
16852,2024-12-15,19:22:00,P14,Mexican Green,Specialty,Medium,1,10.0,10.0
16853,2024-12-09,21:08:00,P13,Farmhouse,Specialty,Small,4,14.88,59.52
16854,2024-03-19,22:17:00,P11,Cheese Burst,Cheese,XL,1,24.75,24.75
16855,2024-05-27,10:02:00,P01,Margherita,Classic,Large,1,10.0,10.0
16856,2024-05-15,16:30:00,P04,BBQ Chicken,Chicken,Medium,2,13.5,27.0
16857,2024-05-29,14:43:00,P09,Spinach Feta,Veggie,Medium,1,9.5,9.5
16858,2024-08-23,19:08:00,P04,BBQ Chicken,Chicken,Medium,3,13.5,40.5
16859,2024-04-14,22:51:00,P13,Farmhouse,Specialty,Large,1,21.88,21.88
16860,2024-04-17,14:32:00,P09,Spinach Feta,Veggie,Large,1,11.88,11.88
16861,2024-01-22,12:10:00,P01,Margherita,Classic,Medium,1,8.0,8.0
16862,2024-05-06,19:49:00,P13,Farmhouse,Specialty,Medium,1,17.5,17.5
16863,2024-07-16,10:45:00,P14,Mexican Green,Specialty,Medium,1,10.0,10.0
16864,2024-02-13,18:04:00,P01,Margherita,Classic,XL,3,12.0,36.0
16865,2024-02-08,20:57:00,P07,Veggie Garden,Veggie,Small,2,9.78,19.56
16866,2024-05-16,22:22:00,P04,BBQ Chicken,Chicken,Small,2,11.47,22.94
16867,2024-06-12,13:22:00,P05,Chicken Supreme,Chicken,Large,2,21.25,42.5
16868,2024-07-17,20:45:00,P02,Pepperoni,Classic,Large,1,15.0,15.0
16869,2024-02-27,13:03:00,P08,Veggie Supreme,Veggie,Large,1,19.38,19.38
16870,2024-03-28,21:13:00,P14,Mexican Green,Specialty,Medium,1,10.0,10.0
16871,2024-10-07,16:14:00,P07,Veggie Garden,Veggie,Large,2,14.38,28.76
16872,2024-06-20,22:18:00,P01,Margherita,Classic,Medium,1,8.0,8.0
16873,2024-12-11,10:14:00,P09,Spinach Feta,Veggie,Small,2,8.07,16.14
16874,2024-06-13,15:58:00,P04,BBQ Chicken,Chicken,Medium,3,13.5,40.5
16875,2024-08-04,14:16:00,P13,Farmhouse,Specialty,Small,1,14.88,14.88
16876,2024-09-07,13:49:00,P06,Buffalo Chicken,Chicken,Medium,1,10.5,10.5
16877,2024-08-31,16:08:00,P02,Pepperoni,Classic,Large,1,15.0,15.0
16878,2024-10-10,12:02:00,P02,Pepperoni,Classic,Medium,1,12.0,12.0
16879,2024-09-23,13:22:00,P11,Cheese Burst,Cheese,Large,2,20.62,41.24
16880,2024-09-02,14:35:00,P03,Hawaiian,Classic,Medium,3,16.0,48.0
16881,2024-08-23,17:11:00,P11,Cheese Burst,Cheese,Medium,1,16.5,16.5
16882,2024-04-09,12:54:00,P03,Hawaiian,Classic,Medium,1,16.0,16.0
16883,2024-12-19,13:23:00,P04,BBQ Chicken,Chicken,Large,2,16.88,33.76
16884,2024-02-05,19:27:00,P07,Veggie Garden,Veggie,Medium,1,11.5,11.5
16885,2024-02-08,11:42:00,P14,Mexican Green,Specialty,Large,1,12.5,12.5
16886,2024-01-05,21:12:00,P14,Mexican Green,Specialty,Small,3,8.5,25.5
16887,2024-08-15,18:38:00,P03,Hawaiian,Classic,Large,2,20.0,40.0
16888,2024-02-26,20:12:00,P05,Chicken Supreme,Chicken,Medium,1,17.0,17.0
16889,2024-12-24,11:27:00,P02,Pepperoni,Classic,Large,1,15.0,15.0
16890,2024-03-22,11:20:00,P07,Veggie Garden,Veggie,Medium,2,11.5,23.0
16891,2024-03-05,22:22:00,P06,Buffalo Chicken,Chicken,Large,2,13.12,26.24
16892,2024-10-16,13:08:00,P13,Farmhouse,Specialty,Large,2,21.88,43.76
16893,2024-05-15,19:49:00,P14,Mexican Green,Specialty,Small,1,8.5,8.5
16894,2024-04-03,13:35:00,P05,Chicken Supreme,Chicken,Large,3,21.25,63.75
16895,2024-12-03,11:52:00,P07,Veggie Garden,Veggie,Medium,1,11.5,11.5
16896,2024-09-23,13:55:00,P13,Farmhouse,Specialty,Medium,2,17.5,35.0
16897,2024-06-12,17:45:00,P12,Paneer Tikka,Specialty,Large,1,16.25,16.25
16898,2024-04-05,10:29:00,P01,Margherita,Classic,Small,1,6.8,6.8
16899,2024-04-30,17:32:00,P04,BBQ Chicken,Chicken,Medium,3,13.5,40.5
16900,2024-03-04,12:52:00,P06,Buffalo Chicken,Chicken,Medium,1,10.5,10.5
16901,2024-02-08,10:32:00,P03,Hawaiian,Classic,Large,1,20.0,20.0
16902,2024-03-17,15:04:00,P02,Pepperoni,Classic,Small,2,10.2,20.4
16903,2024-05-19,21:28:00,P01,Margherita,Classic,Medium,1,8.0,8.0
16904,2024-09-15,22:50:00,P09,Spinach Feta,Veggie,Large,2,11.88,23.76
16905,2024-08-24,20:25:00,P03,Hawaiian,Classic,Large,1,20.0,20.0
16906,2024-01-29,18:28:00,P01,Margherita,Classic,Large,1,10.0,10.0
16907,2024-04-09,19:18:00,P03,Hawaiian,Classic,Large,3,20.0,60.0
16908,2024-05-17,20:06:00,P12,Paneer Tikka,Specialty,Large,1,16.25,16.25
16909,2024-11-28,18:43:00,P12,Paneer Tikka,Specialty,Medium,2,13.0,26.0
16910,2024-07-07,11:29:00,P07,Veggie Garden,Veggie,Small,1,9.78,9.78
16911,2024-12-07,14:00:00,P05,Chicken Supreme,Chicken,Large,2,21.25,42.5
16912,2024-10-09,16:00:00,P15,Truffle Mushroom,Specialty,XL,1,28.5,28.5
16913,2024-02-27,18:47:00,P03,Hawaiian,Classic,Large,1,20.0,20.0
16914,2024-09-16,17:48:00,P03,Hawaiian,Classic,Small,3,13.6,40.8
16915,2024-07-31,12:03:00,P04,BBQ Chicken,Chicken,Medium,1,13.5,13.5
16916,2024-07-06,13:07:00,P02,Pepperoni,Classic,Medium,2,12.0,24.0
16917,2024-03-30,22:15:00,P05,Chicken Supreme,Chicken,Large,2,21.25,42.5
16918,2024-05-26,10:36:00,P13,Farmhouse,Specialty,Large,2,21.88,43.76
16919,2024-08-06,22:29:00,P09,Spinach Feta,Veggie,Medium,3,9.5,28.5
16920,2024-10-18,18:38:00,P05,Chicken Supreme,Chicken,Medium,1,17.0,17.0
16921,2024-03-06,16:41:00,P14,Mexican Green,Specialty,Large,1,12.5,12.5
16922,2024-01-08,12:34:00,P01,Margherita,Classic,Large,1,10.0,10.0
16923,2024-01-27,11:27:00,P03,Hawaiian,Classic,Medium,1,16.0,16.0
16924,2024-06-07,10:18:00,P08,Veggie Supreme,Veggie,Medium,1,15.5,15.5
16925,2024-08-21,21:58:00,P09,Spinach Feta,Veggie,Large,1,11.88,11.88
16926,2024-07-21,18:29:00,P01,Margherita,Classic,Large,1,10.0,10.0
16927,2024-11-08,22:05:00,P05,Chicken Supreme,Chicken,Medium,1,17.0,17.0
16928,2024-01-11,14:30:00,P10,Four Cheese,Cheese,Small,1,10.62,10.62
16929,2024-05-09,16:16:00,P10,Four Cheese,Cheese,Small,2,10.62,21.24
16930,2024-04-19,13:02:00,P09,Spinach Feta,Veggie,Medium,1,9.5,9.5
16931,2024-07-09,20:28:00,P04,BBQ Chicken,Chicken,Medium,1,13.5,13.5
16932,2024-10-15,15:28:00,P02,Pepperoni,Classic,Medium,3,12.0,36.0
16933,2024-07-05,10:58:00,P06,Buffalo Chicken,Chicken,Medium,1,10.5,10.5
16934,2024-06-25,16:10:00,P02,Pepperoni,Classic,Large,4,15.0,60.0
16935,2024-06-04,15:06:00,P14,Mexican Green,Specialty,Small,1,8.5,8.5
16936,2024-04-18,17:07:00,P07,Veggie Garden,Veggie,Small,1,9.78,9.78
16937,2024-08-08,18:06:00,P04,BBQ Chicken,Chicken,Medium,2,13.5,27.0
16938,2024-08-01,18:10:00,P11,Cheese Burst,Cheese,Small,2,14.03,28.06
16939,2024-08-29,15:02:00,P07,Veggie Garden,Veggie,Small,1,9.78,9.78
16940,2024-06-26,17:54:00,P04,BBQ Chicken,Chicken,Medium,2,13.5,27.0
16941,2024-07-18,15:56:00,P12,Paneer Tikka,Specialty,Large,1,16.25,16.25
16942,2024-03-06,19:52:00,P13,Farmhouse,Specialty,Large,1,21.88,21.88
16943,2024-11-02,14:14:00,P10,Four Cheese,Cheese,Large,1,15.62,15.62
16944,2024-11-07,11:46:00,P01,Margherita,Classic,Large,1,10.0,10.0
16945,2024-06-19,13:43:00,P08,Veggie Supreme,Veggie,Large,1,19.38,19.38
16946,2024-10-13,21:05:00,P11,Cheese Burst,Cheese,Medium,3,16.5,49.5
16947,2024-06-14,16:57:00,P02,Pepperoni,Classic,XL,1,18.0,18.0
16948,2024-09-01,22:43:00,P03,Hawaiian,Classic,Medium,1,16.0,16.0
16949,2024-09-20,11:06:00,P13,Farmhouse,Specialty,Medium,1,17.5,17.5
16950,2024-07-07,10:06:00,P01,Margherita,Classic,Medium,3,8.0,24.0
16951,2024-12-18,13:46:00,P11,Cheese Burst,Cheese,XL,4,24.75,99.0
16952,2024-03-08,21:15:00,P07,Veggie Garden,Veggie,XL,2,17.25,34.5
16953,2024-10-03,11:45:00,P06,Buffalo Chicken,Chicken,Large,4,13.12,52.48
16954,2024-12-13,20:59:00,P01,Margherita,Classic,Medium,2,8.0,16.0
16955,2024-01-16,15:05:00,P12,Paneer Tikka,Specialty,Medium,3,13.0,39.0
16956,2024-08-09,17:44:00,P05,Chicken Supreme,Chicken,XL,2,25.5,51.0
16957,2024-05-24,13:11:00,P08,Veggie Supreme,Veggie,Large,1,19.38,19.38
16958,2024-02-19,20:39:00,P10,Four Cheese,Cheese,Large,1,15.62,15.62
16959,2024-01-12,13:39:00,P10,Four Cheese,Cheese,Medium,2,12.5,25.0
16960,2024-04-02,11:28:00,P14,Mexican Green,Specialty,Medium,1,10.0,10.0
16961,2024-12-29,18:20:00,P07,Veggie Garden,Veggie,Large,1,14.38,14.38
16962,2024-08-01,19:30:00,P05,Chicken Supreme,Chicken,Small,1,14.45,14.45
16963,2024-06-23,21:08:00,P14,Mexican Green,Specialty,Large,3,12.5,37.5
16964,2024-04-14,16:58:00,P09,Spinach Feta,Veggie,Medium,1,9.5,9.5
16965,2024-04-07,16:40:00,P04,BBQ Chicken,Chicken,Large,2,16.88,33.76
16966,2024-05-30,21:06:00,P02,Pepperoni,Classic,Medium,2,12.0,24.0
16967,2024-12-17,12:21:00,P12,Paneer Tikka,Specialty,Large,3,16.25,48.75
16968,2024-02-25,19:07:00,P05,Chicken Supreme,Chicken,Medium,3,17.0,51.0
16969,2024-08-09,12:05:00,P10,Four Cheese,Cheese,Medium,2,12.5,25.0
16970,2024-09-14,11:28:00,P07,Veggie Garden,Veggie,Medium,1,11.5,11.5
16971,2024-05-02,19:52:00,P02,Pepperoni,Classic,XL,1,18.0,18.0
16972,2024-10-25,13:58:00,P09,Spinach Feta,Veggie,Large,1,11.88,11.88
16973,2024-11-07,12:58:00,P01,Margherita,Classic,Medium,2,8.0,16.0
16974,2024-10-30,12:07:00,P05,Chicken Supreme,Chicken,Large,3,21.25,63.75
16975,2024-03-16,11:44:00,P08,Veggie Supreme,Veggie,Medium,2,15.5,31.0
16976,2024-10-14,22:44:00,P06,Buffalo Chicken,Chicken,Medium,1,10.5,10.5
16977,2024-03-25,20:02:00,P11,Cheese Burst,Cheese,Small,1,14.03,14.03
16978,2024-04-11,20:54:00,P12,Paneer Tikka,Specialty,Large,1,16.25,16.25
16979,2024-01-03,18:57:00,P11,Cheese Burst,Cheese,Medium,1,16.5,16.5
16980,2024-09-03,13:06:00,P01,Margherita,Classic,Medium,1,8.0,8.0
16981,2024-04-30,18:00:00,P02,Pepperoni,Classic,Large,1,15.0,15.0
16982,2024-11-25,22:11:00,P08,Veggie Supreme,Veggie,Large,2,19.38,38.76
16983,2024-11-22,19:21:00,P14,Mexican Green,Specialty,Small,1,8.5,8.5
16984,2024-05-06,18:28:00,P12,Paneer Tikka,Specialty,Large,1,16.25,16.25
16985,2024-08-18,12:38:00,P12,Paneer Tikka,Specialty,Large,3,16.25,48.75
16986,2024-12-31,14:45:00,P04,BBQ Chicken,Chicken,Small,1,11.47,11.47
16987,2024-09-30,19:02:00,P06,Buffalo Chicken,Chicken,Large,1,13.12,13.12
16988,2024-11-21,22:21:00,P07,Veggie Garden,Veggie,Medium,1,11.5,11.5
16989,2024-02-24,15:40:00,P02,Pepperoni,Classic,Large,1,15.0,15.0
16990,2024-04-19,14:30:00,P01,Margherita,Classic,Medium,1,8.0,8.0
16991,2024-09-04,17:00:00,P14,Mexican Green,Specialty,Large,1,12.5,12.5
16992,2024-09-02,15:32:00,P03,Hawaiian,Classic,Small,1,13.6,13.6
16993,2024-01-18,19:54:00,P03,Hawaiian,Classic,Large,1,20.0,20.0
16994,2024-07-04,14:00:00,P01,Margherita,Classic,Small,1,6.8,6.8
16995,2024-10-04,16:07:00,P14,Mexican Green,Specialty,Medium,2,10.0,20.0
16996,2024-04-24,12:58:00,P08,Veggie Supreme,Veggie,Small,1,13.17,13.17
16997,2024-05-03,12:36:00,P10,Four Cheese,Cheese,Large,3,15.62,46.86
16998,2024-01-22,12:03:00,P13,Farmhouse,Specialty,Medium,1,17.5,17.5
16999,2024-01-05,14:24:00,P04,BBQ Chicken,Chicken,Medium,1,13.5,13.5
17000,2024-10-06,10:49:00,P09,Spinach Feta,Veggie,Medium,2,9.5,19.0
